record_type|record_id|source_year|source_file|source_sheet|row_number|programme|key_output|key_indicator|annual_target|achieved_output|variance|status|comment|source_url|source_name|retrieved_at
performance_record|performance_bi_annual_performance_2024_0001|2024-2025|kafue_2024_2025_performance.xlsx|Bi Annual Performance 2024|52|Constituency Development|Community Projects Undertaken|01 Propotion of Rural areas electrified|100||100|||https://www.kafuecouncil.gov.zm/?page_id=195|kafue 2024 2025 performance|2026-09-11
performance_record|performance_bi_annual_performance_2024_0002|2024-2025|kafue_2024_2025_performance.xlsx|Bi Annual Performance 2024|53|||02 Ambulance procured|1|1|0||MLRGD|https://www.kafuecouncil.gov.zm/?page_id=195|kafue 2024 2025 performance|2026-09-11
performance_record|performance_bi_annual_performance_2024_0003|2024-2025|kafue_2024_2025_performance.xlsx|Bi Annual Performance 2024|54|||03 Number of desks procured|7000|3000|4000||WIP|https://www.kafuecouncil.gov.zm/?page_id=195|kafue 2024 2025 performance|2026-09-11
performance_record|performance_bi_annual_performance_2024_0004|2024-2025|kafue_2024_2025_performance.xlsx|Bi Annual Performance 2024|55|||04 Number of Maternity annexes constructed|2||2|||https://www.kafuecouncil.gov.zm/?page_id=195|kafue 2024 2025 performance|2026-09-11
performance_record|performance_bi_annual_performance_2024_0005|2024-2025|kafue_2024_2025_performance.xlsx|Bi Annual Performance 2024|56|||05 Propotion of public Places with safe and piped water|100||100|||https://www.kafuecouncil.gov.zm/?page_id=195|kafue 2024 2025 performance|2026-09-11
performance_record|performance_bi_annual_performance_2024_0006|2024-2025|kafue_2024_2025_performance.xlsx|Bi Annual Performance 2024|57||Women and Youth Empowerment Paid|01 Disbursing Women and Youth Empowerment|150|89|61|||https://www.kafuecouncil.gov.zm/?page_id=195|kafue 2024 2025 performance|2026-09-11
performance_record|performance_bi_annual_performance_2024_0008|2024-2025|kafue_2024_2025_performance.xlsx|Bi Annual Performance 2024|59||Constituency Development Fund Administrative costs Utilised|untilising constituency development fund|100|50|50|||https://www.kafuecouncil.gov.zm/?page_id=195|kafue 2024 2025 performance|2026-09-11
performance_record|performance_bi_annual_performance_2024_0009|2024-2025|kafue_2024_2025_performance.xlsx|Bi Annual Performance 2024|60||Secondary School and Skills Development Bursaries Paid|01 Secondary School Bursaries paid|100|71|29|||https://www.kafuecouncil.gov.zm/?page_id=195|kafue 2024 2025 performance|2026-09-11
performance_record|performance_bi_annual_performance_2024_0010|2024-2025|kafue_2024_2025_performance.xlsx|Bi Annual Performance 2024|61|||02 Skills Development Bursaries paid|500|414|86|||https://www.kafuecouncil.gov.zm/?page_id=195|kafue 2024 2025 performance|2026-09-11
performance_record|performance_bi_annual_performance_2024_0012|2024-2025|kafue_2024_2025_performance.xlsx|Bi Annual Performance 2024|63|Local Governance|||||0|||https://www.kafuecouncil.gov.zm/?page_id=195|kafue 2024 2025 performance|2026-09-11
performance_record|performance_bi_annual_performance_2024_0013|2024-2025|kafue_2024_2025_performance.xlsx|Bi Annual Performance 2024|64||Ordinary Council and Committee Meetings held|01 Number of Ordinary Council Meetings held|4|2|2|||https://www.kafuecouncil.gov.zm/?page_id=195|kafue 2024 2025 performance|2026-09-11
performance_record|performance_bi_annual_performance_2024_0014|2024-2025|kafue_2024_2025_performance.xlsx|Bi Annual Performance 2024|65|||02 Number Special Council Meetings held|2|0|2|||https://www.kafuecouncil.gov.zm/?page_id=195|kafue 2024 2025 performance|2026-09-11
performance_record|performance_bi_annual_performance_2024_0015|2024-2025|kafue_2024_2025_performance.xlsx|Bi Annual Performance 2024|66|||03 Number of Committee Meetings held|20|10|10|||https://www.kafuecouncil.gov.zm/?page_id=195|kafue 2024 2025 performance|2026-09-11
performance_record|performance_bi_annual_performance_2024_0016|2024-2025|kafue_2024_2025_performance.xlsx|Bi Annual Performance 2024|67|||04 Number of Special Committee meetings held|2|0|2|||https://www.kafuecouncil.gov.zm/?page_id=195|kafue 2024 2025 performance|2026-09-11
performance_record|performance_bi_annual_performance_2024_0017|2024-2025|kafue_2024_2025_performance.xlsx|Bi Annual Performance 2024|68||Ward Development Committees formed|01 Number of ward development committees formed|18|18|0|||https://www.kafuecouncil.gov.zm/?page_id=195|kafue 2024 2025 performance|2026-09-11
performance_record|performance_bi_annual_performance_2024_0018|2024-2025|kafue_2024_2025_performance.xlsx|Bi Annual Performance 2024|69|||02 Number of ward development committees Oriented|18|18|0|||https://www.kafuecouncil.gov.zm/?page_id=195|kafue 2024 2025 performance|2026-09-11
performance_record|performance_bi_annual_performance_2024_0019|2024-2025|kafue_2024_2025_performance.xlsx|Bi Annual Performance 2024|70|||03 Number of ward development committees Operationalized|18|18|0|||https://www.kafuecouncil.gov.zm/?page_id=195|kafue 2024 2025 performance|2026-09-11
performance_record|performance_bi_annual_performance_2024_0020|2024-2025|kafue_2024_2025_performance.xlsx|Bi Annual Performance 2024|71|Integrated Development Planning||||||||https://www.kafuecouncil.gov.zm/?page_id=195|kafue 2024 2025 performance|2026-09-11
performance_record|performance_bi_annual_performance_2024_0021|2024-2025|kafue_2024_2025_performance.xlsx|Bi Annual Performance 2024|72||IDP Approved|01 Number of IDPs approved|1|1|0|||https://www.kafuecouncil.gov.zm/?page_id=195|kafue 2024 2025 performance|2026-09-11
performance_record|performance_bi_annual_performance_2024_0023|2024-2025|kafue_2024_2025_performance.xlsx|Bi Annual Performance 2024|74||Local Area Development Plans Developed|01 Number of Local Area Development Plan Developed|1||1|||https://www.kafuecouncil.gov.zm/?page_id=195|kafue 2024 2025 performance|2026-09-11
performance_record|performance_bi_annual_performance_2024_0025|2024-2025|kafue_2024_2025_performance.xlsx|Bi Annual Performance 2024|76||Enforcement Notices Issued|01 Proportion of Enforcement Notices Issued|100|50|50|||https://www.kafuecouncil.gov.zm/?page_id=195|kafue 2024 2025 performance|2026-09-11
performance_record|performance_bi_annual_performance_2024_0027|2024-2025|kafue_2024_2025_performance.xlsx|Bi Annual Performance 2024|78||Land preparation for development undertaken|01 Proportion of Land preparation for development undertaken|100||100|||https://www.kafuecouncil.gov.zm/?page_id=195|kafue 2024 2025 performance|2026-09-11
performance_record|performance_bi_annual_performance_2024_0029|2024-2025|kafue_2024_2025_performance.xlsx|Bi Annual Performance 2024|80||Enviromental Sensitization Meetings Held|01 Number of Enviromental Sensitization Meetings Held|4|2|2|||https://www.kafuecouncil.gov.zm/?page_id=195|kafue 2024 2025 performance|2026-09-11
performance_record|performance_bi_annual_performance_2024_0031|2024-2025|kafue_2024_2025_performance.xlsx|Bi Annual Performance 2024|82||Trees Planted|01 Number of Trees planted|50|100|-50|||https://www.kafuecouncil.gov.zm/?page_id=195|kafue 2024 2025 performance|2026-09-11
performance_record|performance_bi_annual_performance_2024_0033|2024-2025|kafue_2024_2025_performance.xlsx|Bi Annual Performance 2024|84||World Enviromental Day Commemorated|01 Number World Enviromental Days Commemorated|1|0|1|||https://www.kafuecouncil.gov.zm/?page_id=195|kafue 2024 2025 performance|2026-09-11
performance_record|performance_bi_annual_performance_2024_0035|2024-2025|kafue_2024_2025_performance.xlsx|Bi Annual Performance 2024|86||16 Days of Gender Activism Conducted|01 Number of 16 Days of Gender Activism events Conducted|1|0|1|||https://www.kafuecouncil.gov.zm/?page_id=195|kafue 2024 2025 performance|2026-09-11
performance_record|performance_bi_annual_performance_2024_0037|2024-2025|kafue_2024_2025_performance.xlsx|Bi Annual Performance 2024|88||Ward Development Fund disbursed|01 Number of Wards funded|18|6|12|||https://www.kafuecouncil.gov.zm/?page_id=195|kafue 2024 2025 performance|2026-09-11
performance_record|performance_bi_annual_performance_2024_0039|2024-2025|kafue_2024_2025_performance.xlsx|Bi Annual Performance 2024|90|Public health and Environmental protection|||||0|||https://www.kafuecouncil.gov.zm/?page_id=195|kafue 2024 2025 performance|2026-09-11
performance_record|performance_bi_annual_performance_2024_0040|2024-2025|kafue_2024_2025_performance.xlsx|Bi Annual Performance 2024|91||Boreholes Drilled and Equipped|01 Number of Boreholes Drilled and Equipped|18||18||WB|https://www.kafuecouncil.gov.zm/?page_id=195|kafue 2024 2025 performance|2026-09-11
performance_record|performance_bi_annual_performance_2024_0042|2024-2025|kafue_2024_2025_performance.xlsx|Bi Annual Performance 2024|93||Public Health inspection Conducted|01 Proportion of inspections done for Public Premises|100|50|50|||https://www.kafuecouncil.gov.zm/?page_id=195|kafue 2024 2025 performance|2026-09-11
performance_record|performance_bi_annual_performance_2024_0044|2024-2025|kafue_2024_2025_performance.xlsx|Bi Annual Performance 2024|95||Waste Collected and Managed|01 Proportion of waste collected and Managed|100|50|50|||https://www.kafuecouncil.gov.zm/?page_id=195|kafue 2024 2025 performance|2026-09-11
performance_record|performance_bi_annual_performance_2024_0046|2024-2025|kafue_2024_2025_performance.xlsx|Bi Annual Performance 2024|97||Keep Zambia Clean,Green and Health Campaign held|01 Number of Keep Zambia Clean,Green and Health Campaigns held|52|26|26|||https://www.kafuecouncil.gov.zm/?page_id=195|kafue 2024 2025 performance|2026-09-11
performance_record|performance_bi_annual_performance_2024_0048|2024-2025|kafue_2024_2025_performance.xlsx|Bi Annual Performance 2024|99|Housing and Community Amenities|||||0|||https://www.kafuecouncil.gov.zm/?page_id=195|kafue 2024 2025 performance|2026-09-11
performance_record|performance_bi_annual_performance_2024_0049|2024-2025|kafue_2024_2025_performance.xlsx|Bi Annual Performance 2024|100||Parks Maintained|01 Proportion of Parks maintained|100|50|50|||https://www.kafuecouncil.gov.zm/?page_id=195|kafue 2024 2025 performance|2026-09-11
performance_record|performance_bi_annual_performance_2024_0051|2024-2025|kafue_2024_2025_performance.xlsx|Bi Annual Performance 2024|102||Markets and bus stations maintained||||0|||https://www.kafuecouncil.gov.zm/?page_id=195|kafue 2024 2025 performance|2026-09-11
performance_record|performance_bi_annual_performance_2024_0052|2024-2025|kafue_2024_2025_performance.xlsx|Bi Annual Performance 2024|103|||01 Number of Markets and bus stations maintained|7|4|3|||https://www.kafuecouncil.gov.zm/?page_id=195|kafue 2024 2025 performance|2026-09-11
performance_record|performance_bi_annual_performance_2024_0053|2024-2025|kafue_2024_2025_performance.xlsx|Bi Annual Performance 2024|104||Clubs registered and renewed|01 Proportion Of Clubs registered and renewed|100|50|50|||https://www.kafuecouncil.gov.zm/?page_id=195|kafue 2024 2025 performance|2026-09-11
performance_record|performance_bi_annual_performance_2024_0056|2024-2025|kafue_2024_2025_performance.xlsx|Bi Annual Performance 2024|107||Council Buildings Maintained|01 Proportion of Council Buildings maintained|100|50|50|||https://www.kafuecouncil.gov.zm/?page_id=195|kafue 2024 2025 performance|2026-09-11
performance_record|performance_bi_annual_performance_2024_0058|2024-2025|kafue_2024_2025_performance.xlsx|Bi Annual Performance 2024|109||Council Buildings rehabilitated and Constructed|01 Number of Council Toilets constructed|2||2||WB|https://www.kafuecouncil.gov.zm/?page_id=195|kafue 2024 2025 performance|2026-09-11
performance_record|performance_bi_annual_performance_2024_0059|2024-2025|kafue_2024_2025_performance.xlsx|Bi Annual Performance 2024|110|||02 Number of Council Revenue Check Points Constructed|3|1|2|||https://www.kafuecouncil.gov.zm/?page_id=195|kafue 2024 2025 performance|2026-09-11
performance_record|performance_bi_annual_performance_2024_0060|2024-2025|kafue_2024_2025_performance.xlsx|Bi Annual Performance 2024|111|||03 Number of Council Toilets rehabilitated|4||4|||https://www.kafuecouncil.gov.zm/?page_id=195|kafue 2024 2025 performance|2026-09-11
performance_record|performance_bi_annual_performance_2024_0062|2024-2025|kafue_2024_2025_performance.xlsx|Bi Annual Performance 2024|113||General Administration|01 Proportion of Office Materials Procured|100|50|50|||https://www.kafuecouncil.gov.zm/?page_id=195|kafue 2024 2025 performance|2026-09-11
performance_record|performance_bi_annual_performance_2024_0064|2024-2025|kafue_2024_2025_performance.xlsx|Bi Annual Performance 2024|115||Motor Vehicles and Earth Moving Equipment Maintained|01 Proportion of Motor Vehicles and Earth Moving Equipment Maintained|100|50|50|||https://www.kafuecouncil.gov.zm/?page_id=195|kafue 2024 2025 performance|2026-09-11
performance_record|performance_bi_annual_performance_2024_0066|2024-2025|kafue_2024_2025_performance.xlsx|Bi Annual Performance 2024|117||Roads Rehabilitated|01 Kilometers of Township roads rehabilitated|8|4|4|||https://www.kafuecouncil.gov.zm/?page_id=195|kafue 2024 2025 performance|2026-09-11
performance_record|performance_bi_annual_performance_2024_0068|2024-2025|kafue_2024_2025_performance.xlsx|Bi Annual Performance 2024|119||Street lights installed|01 Number of street Lights Installed along T2 road|25||25||WB|https://www.kafuecouncil.gov.zm/?page_id=195|kafue 2024 2025 performance|2026-09-11
performance_record|performance_bi_annual_performance_2024_0070|2024-2025|kafue_2024_2025_performance.xlsx|Bi Annual Performance 2024|121||Boom Lifter Van(Cherry Picker) Procured|01 Number of Boom Lifter Van (Cherry Picker) purchased|1||1||WB|https://www.kafuecouncil.gov.zm/?page_id=195|kafue 2024 2025 performance|2026-09-11
performance_record|performance_bi_annual_performance_2024_0072|2024-2025|kafue_2024_2025_performance.xlsx|Bi Annual Performance 2024|123||Zesco powered Street lights converted to solar powered Converted to Solar|01 No of Zesco powered streets lights along Michael Chilufya Sata Bridge|40||40||WB|https://www.kafuecouncil.gov.zm/?page_id=195|kafue 2024 2025 performance|2026-09-11
performance_record|performance_bi_annual_performance_2024_0074|2024-2025|kafue_2024_2025_performance.xlsx|Bi Annual Performance 2024|125|Recreation Culture and Religion|||||0|||https://www.kafuecouncil.gov.zm/?page_id=195|kafue 2024 2025 performance|2026-09-11
performance_record|performance_bi_annual_performance_2024_0075|2024-2025|kafue_2024_2025_performance.xlsx|Bi Annual Performance 2024|126||Tourism and Marketing management of Cultural industries promoted||||0|||https://www.kafuecouncil.gov.zm/?page_id=195|kafue 2024 2025 performance|2026-09-11
performance_record|performance_bi_annual_performance_2024_0076|2024-2025|kafue_2024_2025_performance.xlsx|Bi Annual Performance 2024|127|||01Number of Tourism and Marketing management of Cultural industries promoted|1||1|||https://www.kafuecouncil.gov.zm/?page_id=195|kafue 2024 2025 performance|2026-09-11
performance_record|performance_bi_annual_performance_2024_0077|2024-2025|kafue_2024_2025_performance.xlsx|Bi Annual Performance 2024|128||Culture Capacity building training held||||0|||https://www.kafuecouncil.gov.zm/?page_id=195|kafue 2024 2025 performance|2026-09-11
performance_record|performance_bi_annual_performance_2024_0078|2024-2025|kafue_2024_2025_performance.xlsx|Bi Annual Performance 2024|129|||01 Number of Culture Capacity building training held|1||1|||https://www.kafuecouncil.gov.zm/?page_id=195|kafue 2024 2025 performance|2026-09-11
performance_record|performance_bi_annual_performance_2024_0079|2024-2025|kafue_2024_2025_performance.xlsx|Bi Annual Performance 2024|130||Cultural Industries Mapped||||0|||https://www.kafuecouncil.gov.zm/?page_id=195|kafue 2024 2025 performance|2026-09-11
performance_record|performance_bi_annual_performance_2024_0080|2024-2025|kafue_2024_2025_performance.xlsx|Bi Annual Performance 2024|131|||01 Number of cultural industries mapped|3||3|||https://www.kafuecouncil.gov.zm/?page_id=195|kafue 2024 2025 performance|2026-09-11
performance_record|performance_bi_annual_performance_2024_0081|2024-2025|kafue_2024_2025_performance.xlsx|Bi Annual Performance 2024|132||Cultural tourism heritage promoted||||0|||https://www.kafuecouncil.gov.zm/?page_id=195|kafue 2024 2025 performance|2026-09-11
performance_record|performance_bi_annual_performance_2024_0082|2024-2025|kafue_2024_2025_performance.xlsx|Bi Annual Performance 2024|133|||01 Number of tangible cultural inventories created|3||3|||https://www.kafuecouncil.gov.zm/?page_id=195|kafue 2024 2025 performance|2026-09-11
performance_record|performance_bi_annual_performance_2024_0083|2024-2025|kafue_2024_2025_performance.xlsx|Bi Annual Performance 2024|134|||02 Number of tangible cultural exhibition conducted|1||1|||https://www.kafuecouncil.gov.zm/?page_id=195|kafue 2024 2025 performance|2026-09-11
performance_record|performance_bi_annual_performance_2024_0084|2024-2025|kafue_2024_2025_performance.xlsx|Bi Annual Performance 2024|135|||03 Number of provincial dance troups formed|12||12|||https://www.kafuecouncil.gov.zm/?page_id=195|kafue 2024 2025 performance|2026-09-11
performance_record|performance_bi_annual_performance_2024_0085|2024-2025|kafue_2024_2025_performance.xlsx|Bi Annual Performance 2024|136||Library Services Improved|01 Propotion Of Books Restocked|100||100|||https://www.kafuecouncil.gov.zm/?page_id=195|kafue 2024 2025 performance|2026-09-11
performance_record|performance_bi_annual_performance_2024_0087|2024-2025|kafue_2024_2025_performance.xlsx|Bi Annual Performance 2024|138||Sports Activities Held|01 Faz Games Played|34|17|17|||https://www.kafuecouncil.gov.zm/?page_id=195|kafue 2024 2025 performance|2026-09-11
performance_record|performance_bi_annual_performance_2024_0088|2024-2025|kafue_2024_2025_performance.xlsx|Bi Annual Performance 2024|139|||02 Zalasa Games Held|1||1|||https://www.kafuecouncil.gov.zm/?page_id=195|kafue 2024 2025 performance|2026-09-11
performance_record|performance_bi_annual_performance_2024_0090|2024-2025|kafue_2024_2025_performance.xlsx|Bi Annual Performance 2024|141||Traditional ceremonies attended|01 Number of Traditional ceremonies attended|2|1|1|||https://www.kafuecouncil.gov.zm/?page_id=195|kafue 2024 2025 performance|2026-09-11
performance_record|performance_bi_annual_performance_2024_0092|2024-2025|kafue_2024_2025_performance.xlsx|Bi Annual Performance 2024|143||Community safe spaces and play parks identified|01 Number of Community safe spaces and play parks identified|1||1|||https://www.kafuecouncil.gov.zm/?page_id=195|kafue 2024 2025 performance|2026-09-11
performance_record|performance_bi_annual_performance_2024_0094|2024-2025|kafue_2024_2025_performance.xlsx|Bi Annual Performance 2024|145||National Day Of Prayer Commemorated|01 Number of national prayers commemorated|1|0|1|||https://www.kafuecouncil.gov.zm/?page_id=195|kafue 2024 2025 performance|2026-09-11
performance_record|performance_bi_annual_performance_2024_0096|2024-2025|kafue_2024_2025_performance.xlsx|Bi Annual Performance 2024|147||Disability sports promoted|01 Number of disability sports promotion held|3|1|2|||https://www.kafuecouncil.gov.zm/?page_id=195|kafue 2024 2025 performance|2026-09-11
performance_record|performance_bi_annual_performance_2024_0098|2024-2025|kafue_2024_2025_performance.xlsx|Bi Annual Performance 2024|149||Anti Doping Promotion held|01 Number of anti doping promotion held|1||1|||https://www.kafuecouncil.gov.zm/?page_id=195|kafue 2024 2025 performance|2026-09-11
performance_record|performance_bi_annual_performance_2024_0100|2024-2025|kafue_2024_2025_performance.xlsx|Bi Annual Performance 2024|151||Women in sports promotion held|01 Number of Women in sports promotion held|3|2|1|||https://www.kafuecouncil.gov.zm/?page_id=195|kafue 2024 2025 performance|2026-09-11
performance_record|performance_bi_annual_performance_2024_0102|2024-2025|kafue_2024_2025_performance.xlsx|Bi Annual Performance 2024|153||Tournaments and talent Identification held|01 Number of Tournaments held|1|1|0|||https://www.kafuecouncil.gov.zm/?page_id=195|kafue 2024 2025 performance|2026-09-11
performance_record|performance_bi_annual_performance_2024_0104|2024-2025|kafue_2024_2025_performance.xlsx|Bi Annual Performance 2024|155||Coaching and first aid capacity building held|01 Number of Coaching and first aid capacity building held|4|2|2|||https://www.kafuecouncil.gov.zm/?page_id=195|kafue 2024 2025 performance|2026-09-11
performance_record|performance_bi_annual_performance_2024_0106|2024-2025|kafue_2024_2025_performance.xlsx|Bi Annual Performance 2024|157||Sports Equipment procured and distributed|01 Number of Sports Equipment procured and distributed|8|3|5|||https://www.kafuecouncil.gov.zm/?page_id=195|kafue 2024 2025 performance|2026-09-11
performance_record|performance_bi_annual_performance_2024_0108|2024-2025|kafue_2024_2025_performance.xlsx|Bi Annual Performance 2024|159||Coaching framework Disseminated|01 Number of Coaching framework Disseminated|1|1|0|||https://www.kafuecouncil.gov.zm/?page_id=195|kafue 2024 2025 performance|2026-09-11
performance_record|performance_bi_annual_performance_2024_0110|2024-2025|kafue_2024_2025_performance.xlsx|Bi Annual Performance 2024|161||Sports Development Monitored|01 Proportion of Sports Development Monitored|100|50|50|||https://www.kafuecouncil.gov.zm/?page_id=195|kafue 2024 2025 performance|2026-09-11
performance_record|performance_bi_annual_performance_2024_0112|2024-2025|kafue_2024_2025_performance.xlsx|Bi Annual Performance 2024|163|Education and skills development|||||0|||https://www.kafuecouncil.gov.zm/?page_id=195|kafue 2024 2025 performance|2026-09-11
performance_record|performance_bi_annual_performance_2024_0113|2024-2025|kafue_2024_2025_performance.xlsx|Bi Annual Performance 2024|164||District records Surveyed|01 Number of records surveys conducted annually|12||12|||https://www.kafuecouncil.gov.zm/?page_id=195|kafue 2024 2025 performance|2026-09-11
performance_record|performance_bi_annual_performance_2024_0115|2024-2025|kafue_2024_2025_performance.xlsx|Bi Annual Performance 2024|166||District records Preserved|01 Proportion of records preserved annually|100||100|||https://www.kafuecouncil.gov.zm/?page_id=195|kafue 2024 2025 performance|2026-09-11
performance_record|performance_bi_annual_performance_2024_0117|2024-2025|kafue_2024_2025_performance.xlsx|Bi Annual Performance 2024|168|Social Protection|||||0|||https://www.kafuecouncil.gov.zm/?page_id=195|kafue 2024 2025 performance|2026-09-11
performance_record|performance_bi_annual_performance_2024_0118|2024-2025|kafue_2024_2025_performance.xlsx|Bi Annual Performance 2024|169||Condoms distributed|01 Proportion of Condoms received and distributed|100|50|50|||https://www.kafuecouncil.gov.zm/?page_id=195|kafue 2024 2025 performance|2026-09-11
performance_record|performance_bi_annual_performance_2024_0120|2024-2025|kafue_2024_2025_performance.xlsx|Bi Annual Performance 2024|171|Public order and safety|||||0|||https://www.kafuecouncil.gov.zm/?page_id=195|kafue 2024 2025 performance|2026-09-11
performance_record|performance_bi_annual_performance_2024_0121|2024-2025|kafue_2024_2025_performance.xlsx|Bi Annual Performance 2024|172||Public Order Maintained|01 Proportion of Patrols Undertaken|100|50|50|||https://www.kafuecouncil.gov.zm/?page_id=195|kafue 2024 2025 performance|2026-09-11
performance_record|performance_bi_annual_performance_2024_0123|2024-2025|kafue_2024_2025_performance.xlsx|Bi Annual Performance 2024|174||Fire cases attended to|01 Proportion of Turnout to Fire cases|100|50|50|||https://www.kafuecouncil.gov.zm/?page_id=195|kafue 2024 2025 performance|2026-09-11
performance_record|performance_bi_annual_performance_2024_0125|2024-2025|kafue_2024_2025_performance.xlsx|Bi Annual Performance 2024|176|Management and support Services|||||0|||https://www.kafuecouncil.gov.zm/?page_id=195|kafue 2024 2025 performance|2026-09-11
performance_record|performance_bi_annual_performance_2024_0126|2024-2025|kafue_2024_2025_performance.xlsx|Bi Annual Performance 2024|177||Council Policies Implemented|01 Proportion of Council Policies Implemented|100|50|50|||https://www.kafuecouncil.gov.zm/?page_id=195|kafue 2024 2025 performance|2026-09-11
performance_record|performance_bi_annual_performance_2024_0128|2024-2025|kafue_2024_2025_performance.xlsx|Bi Annual Performance 2024|179||Marriages Solomnized|01 Proportion of Marriages Solomnized|100|50|50|||https://www.kafuecouncil.gov.zm/?page_id=195|kafue 2024 2025 performance|2026-09-11
performance_record|performance_bi_annual_performance_2024_0130|2024-2025|kafue_2024_2025_performance.xlsx|Bi Annual Performance 2024|181||Mails Delivered|01 Proportion of Mails Delivered|100|50|50|||https://www.kafuecouncil.gov.zm/?page_id=195|kafue 2024 2025 performance|2026-09-11
performance_record|performance_bi_annual_performance_2024_0132|2024-2025|kafue_2024_2025_performance.xlsx|Bi Annual Performance 2024|183||Labour Day Celebrated|01 Number Labour Day events Celebrated|1|1|0|||https://www.kafuecouncil.gov.zm/?page_id=195|kafue 2024 2025 performance|2026-09-11
performance_record|performance_bi_annual_performance_2024_0134|2024-2025|kafue_2024_2025_performance.xlsx|Bi Annual Performance 2024|185||Council Staff Trained|01 Proportion of Council Staff Trained|100|50|50|||https://www.kafuecouncil.gov.zm/?page_id=195|kafue 2024 2025 performance|2026-09-11
performance_record|performance_bi_annual_performance_2024_0136|2024-2025|kafue_2024_2025_performance.xlsx|Bi Annual Performance 2024|187||Public Functions and Ceremonies Held|01 Number of International Women's Day events held|1|1|0|||https://www.kafuecouncil.gov.zm/?page_id=195|kafue 2024 2025 performance|2026-09-11
performance_record|performance_bi_annual_performance_2024_0137|2024-2025|kafue_2024_2025_performance.xlsx|Bi Annual Performance 2024|188|||01 Number of public functions held|5|2|3|||https://www.kafuecouncil.gov.zm/?page_id=195|kafue 2024 2025 performance|2026-09-11
performance_record|performance_bi_annual_performance_2024_0138|2024-2025|kafue_2024_2025_performance.xlsx|Bi Annual Performance 2024|189|||03 Number of Local Govt week, Decentralisation week events held|1|0|1|||https://www.kafuecouncil.gov.zm/?page_id=195|kafue 2024 2025 performance|2026-09-11
performance_record|performance_bi_annual_performance_2024_0139|2024-2025|kafue_2024_2025_performance.xlsx|Bi Annual Performance 2024|190|||04 Independence Celebration events held|1|0|1|||https://www.kafuecouncil.gov.zm/?page_id=195|kafue 2024 2025 performance|2026-09-11
performance_record|performance_bi_annual_performance_2024_0141|2024-2025|kafue_2024_2025_performance.xlsx|Bi Annual Performance 2024|192||Annual Financial Statements Prepared|01 Number of Financial Statements Prepared|1|1|0|||https://www.kafuecouncil.gov.zm/?page_id=195|kafue 2024 2025 performance|2026-09-11
performance_record|performance_bi_annual_performance_2024_0142|2024-2025|kafue_2024_2025_performance.xlsx|Bi Annual Performance 2024|193||Debt Liquidated|01 Proportion of Debt Liquidated against the budget|100|63|37|||https://www.kafuecouncil.gov.zm/?page_id=195|kafue 2024 2025 performance|2026-09-11
performance_record|performance_bi_annual_performance_2024_0143|2024-2025|kafue_2024_2025_performance.xlsx|Bi Annual Performance 2024|194||Licences issued|01 Percentage of Occupancy Licences issued|100|50|50|||https://www.kafuecouncil.gov.zm/?page_id=195|kafue 2024 2025 performance|2026-09-11
performance_record|performance_bi_annual_performance_2024_0144|2024-2025|kafue_2024_2025_performance.xlsx|Bi Annual Performance 2024|195|||02 Proprotion of Retail Licences issued|100|50|50|||https://www.kafuecouncil.gov.zm/?page_id=195|kafue 2024 2025 performance|2026-09-11
performance_record|performance_bi_annual_performance_2024_0145|2024-2025|kafue_2024_2025_performance.xlsx|Bi Annual Performance 2024|196|||03 Proprotion of Liqour Licences issued|100|50|50|||https://www.kafuecouncil.gov.zm/?page_id=195|kafue 2024 2025 performance|2026-09-11
performance_record|performance_bi_annual_performance_2024_0146|2024-2025|kafue_2024_2025_performance.xlsx|Bi Annual Performance 2024|197||Court cases attended to|01 Proportion of Court cases attended to|100|50|50|||https://www.kafuecouncil.gov.zm/?page_id=195|kafue 2024 2025 performance|2026-09-11
performance_record|performance_bi_annual_performance_2024_0147|2024-2025|kafue_2024_2025_performance.xlsx|Bi Annual Performance 2024|198||Contract and Lease agreements prepared|01 Percentage of Contracts and Leases agreements prepared|100|50|50|||https://www.kafuecouncil.gov.zm/?page_id=195|kafue 2024 2025 performance|2026-09-11
performance_record|performance_bi_annual_performance_2024_0149|2024-2025|kafue_2024_2025_performance.xlsx|Bi Annual Performance 2024|200||Procurement Plan prepared|01 Number of Procurement plan Prepared|1|1|0|||https://www.kafuecouncil.gov.zm/?page_id=195|kafue 2024 2025 performance|2026-09-11
performance_record|performance_bi_annual_performance_2024_0151|2024-2025|kafue_2024_2025_performance.xlsx|Bi Annual Performance 2024|202||Audit reports prepared|01 Number of audit reports prepared|4|2|2|||https://www.kafuecouncil.gov.zm/?page_id=195|kafue 2024 2025 performance|2026-09-11
performance_record|performance_bi_annual_performance_2024_0152|2024-2025|kafue_2024_2025_performance.xlsx|Bi Annual Performance 2024|203|Resource Mobilisation and Management||||||||https://www.kafuecouncil.gov.zm/?page_id=195|kafue 2024 2025 performance|2026-09-11
performance_record|performance_bi_annual_performance_2024_0153|2024-2025|kafue_2024_2025_performance.xlsx|Bi Annual Performance 2024|204||2022 Main approved|01 Number of Valuation rolls approved|1|0|1|||https://www.kafuecouncil.gov.zm/?page_id=195|kafue 2024 2025 performance|2026-09-11
performance_record|performance_bi_annual_performance_2024_0154|2024-2025|kafue_2024_2025_performance.xlsx|Bi Annual Performance 2024|205||Supplementary Valuation Roll Approved|01 Number of Supplementary Valuation roll approved|1|0|1|||https://www.kafuecouncil.gov.zm/?page_id=195|kafue 2024 2025 performance|2026-09-11
performance_record|performance_bi_annual_performance_2024_0155|2024-2025|kafue_2024_2025_performance.xlsx|Bi Annual Performance 2024|206||ICT infrastructure maintained|01 Proportion of ICT infrastructure maintained|100|50|50|||https://www.kafuecouncil.gov.zm/?page_id=195|kafue 2024 2025 performance|2026-09-11
performance_record|performance_bi_annual_performance_2024_0156|2024-2025|kafue_2024_2025_performance.xlsx|Bi Annual Performance 2024|207||Resources mobilised|01 Proportion of resources mobilised against budgeted|80|48|32|||https://www.kafuecouncil.gov.zm/?page_id=195|kafue 2024 2025 performance|2026-09-11
performance_record|performance_bi_annual_performance_2024_0157|2024-2025|kafue_2024_2025_performance.xlsx|Bi Annual Performance 2024|208|District Health servcies||||||||https://www.kafuecouncil.gov.zm/?page_id=195|kafue 2024 2025 performance|2026-09-11
performance_record|performance_bi_annual_performance_2024_0158|2024-2025|kafue_2024_2025_performance.xlsx|Bi Annual Performance 2024|209||Maternal Health Services Provided|01 Percentage of Deliveries assisted by midwife or skilled personnel|100|50|50|||https://www.kafuecouncil.gov.zm/?page_id=195|kafue 2024 2025 performance|2026-09-11
performance_record|performance_bi_annual_performance_2024_0159|2024-2025|kafue_2024_2025_performance.xlsx|Bi Annual Performance 2024|210|||02 Percentage of new family planning acceptors|100|50|50|||https://www.kafuecouncil.gov.zm/?page_id=195|kafue 2024 2025 performance|2026-09-11
performance_record|performance_bi_annual_performance_2024_0160|2024-2025|kafue_2024_2025_performance.xlsx|Bi Annual Performance 2024|211|||03 Malaria Confirmed and Clinically diagnosed cases as a proportion of population|275|125|150|||https://www.kafuecouncil.gov.zm/?page_id=195|kafue 2024 2025 performance|2026-09-11
performance_record|performance_bi_annual_performance_2024_0161|2024-2025|kafue_2024_2025_performance.xlsx|Bi Annual Performance 2024|212||Communicable Diseases controlled|01 Percentage of household sprayed|100|50|50|||https://www.kafuecouncil.gov.zm/?page_id=195|kafue 2024 2025 performance|2026-09-11
performance_record|performance_bi_annual_performance_2024_0162|2024-2025|kafue_2024_2025_performance.xlsx|Bi Annual Performance 2024|213||Malaria Control Programmes Conducted|01 Percentage of household sprayed|100|50|50|||https://www.kafuecouncil.gov.zm/?page_id=195|kafue 2024 2025 performance|2026-09-11
performance_record|performance_bi_annual_performance_2024_0163|2024-2025|kafue_2024_2025_performance.xlsx|Bi Annual Performance 2024|214|||02 Percentage of households with at least one ITN|100|50|50|||https://www.kafuecouncil.gov.zm/?page_id=195|kafue 2024 2025 performance|2026-09-11
performance_record|performance_bi_annual_performance_2024_0164|2024-2025|kafue_2024_2025_performance.xlsx|Bi Annual Performance 2024|215|||03 Percentage of Children with malaria receiving ACT from a health worker|100|50|50|||https://www.kafuecouncil.gov.zm/?page_id=195|kafue 2024 2025 performance|2026-09-11
performance_record|performance_bi_annual_performance_2024_0165|2024-2025|kafue_2024_2025_performance.xlsx|Bi Annual Performance 2024|216||Child Health Programmes Conducted|01 Percentage of Under one-year children fully immunized (0-11 months)|100|50|50|||https://www.kafuecouncil.gov.zm/?page_id=195|kafue 2024 2025 performance|2026-09-11
performance_record|performance_bi_annual_performance_2024_0166|2024-2025|kafue_2024_2025_performance.xlsx|Bi Annual Performance 2024|217|||02 Proportion of Severe underweight in under 5 children (percentage)|25|12|13|||https://www.kafuecouncil.gov.zm/?page_id=195|kafue 2024 2025 performance|2026-09-11
performance_record|performance_bi_annual_performance_2024_0167|2024-2025|kafue_2024_2025_performance.xlsx|Bi Annual Performance 2024|218|||01 Number of AFP cases investigated per 100,000 population|20|10|10|||https://www.kafuecouncil.gov.zm/?page_id=195|kafue 2024 2025 performance|2026-09-11
performance_record|performance_bi_annual_performance_2024_0168|2024-2025|kafue_2024_2025_performance.xlsx|Bi Annual Performance 2024|219||Disease Surveillances undertaken|01 Institutional maternal mortality rate|10|5|5|||https://www.kafuecouncil.gov.zm/?page_id=195|kafue 2024 2025 performance|2026-09-11
performance_record|performance_bi_annual_performance_2024_0169|2024-2025|kafue_2024_2025_performance.xlsx|Bi Annual Performance 2024|220|||02 Percentage of essential medicines of in-patient and outpatient prescribed|10|5|5|||https://www.kafuecouncil.gov.zm/?page_id=195|kafue 2024 2025 performance|2026-09-11
performance_record|performance_bi_annual_performance_2024_0170|2024-2025|kafue_2024_2025_performance.xlsx|Bi Annual Performance 2024|221||Hospital Services Provided|03 Percentage of complicated cases referred|15|5|10|||https://www.kafuecouncil.gov.zm/?page_id=195|kafue 2024 2025 performance|2026-09-11
performance_record|performance_bi_annual_performance_2024_0171|2024-2025|kafue_2024_2025_performance.xlsx|Bi Annual Performance 2024|222|Veterinary services||||||||https://www.kafuecouncil.gov.zm/?page_id=195|kafue 2024 2025 performance|2026-09-11
performance_record|performance_bi_annual_performance_2024_0172|2024-2025|kafue_2024_2025_performance.xlsx|Bi Annual Performance 2024|223||Animal health extension services undertaken|01 Proportion of farmers trained in improved husbandry practices|100|50|50|||https://www.kafuecouncil.gov.zm/?page_id=195|kafue 2024 2025 performance|2026-09-11
performance_record|performance_bi_annual_performance_2024_0173|2024-2025|kafue_2024_2025_performance.xlsx|Bi Annual Performance 2024|224|||02 Proportion of animals vaccinated/ treated|100|50|50|||https://www.kafuecouncil.gov.zm/?page_id=195|kafue 2024 2025 performance|2026-09-11
performance_record|performance_bi_annual_performance_2024_0174|2024-2025|kafue_2024_2025_performance.xlsx|Bi Annual Performance 2024|225|||03 Proportion of farmers trained in herd health management|100|50|50|||https://www.kafuecouncil.gov.zm/?page_id=195|kafue 2024 2025 performance|2026-09-11
performance_record|performance_bi_annual_performance_2024_0175|2024-2025|kafue_2024_2025_performance.xlsx|Bi Annual Performance 2024|226||Animal disease surveillance undertaken for early warning services|01 Number of animal disease surveillances undertaken|4|2|2|||https://www.kafuecouncil.gov.zm/?page_id=195|kafue 2024 2025 performance|2026-09-11
performance_record|performance_bi_annual_performance_2024_0176|2024-2025|kafue_2024_2025_performance.xlsx|Bi Annual Performance 2024|227|||02 Number of routine reports and disease outbreak investigations undertaked|4|2|2|||https://www.kafuecouncil.gov.zm/?page_id=195|kafue 2024 2025 performance|2026-09-11
performance_record|performance_bi_annual_performance_2024_0177|2024-2025|kafue_2024_2025_performance.xlsx|Bi Annual Performance 2024|228|||03 Number of samples collected, processed and shipped|4|2|2|||https://www.kafuecouncil.gov.zm/?page_id=195|kafue 2024 2025 performance|2026-09-11
performance_record|performance_bi_annual_performance_2024_0178|2024-2025|kafue_2024_2025_performance.xlsx|Bi Annual Performance 2024|229|||04 Number of sanitary inspections conducted|4|2|2|||https://www.kafuecouncil.gov.zm/?page_id=195|kafue 2024 2025 performance|2026-09-11
performance_record|performance_bi_annual_performance_2024_0180|2024-2025|kafue_2024_2025_performance.xlsx|Bi Annual Performance 2024|231|Project Name|Contract|Amount Paid|Performance|Source of Funds|Project Status|||https://www.kafuecouncil.gov.zm/?page_id=195|kafue 2024 2025 performance|2026-09-11
performance_record|performance_bi_annual_performance_2024_0181|2024-2025|kafue_2024_2025_performance.xlsx|Bi Annual Performance 2024|232||Sum|As at 30th June||||||https://www.kafuecouncil.gov.zm/?page_id=195|kafue 2024 2025 performance|2026-09-11
performance_record|performance_bi_annual_performance_2024_0182|2024-2025|kafue_2024_2025_performance.xlsx|Bi Annual Performance 2024|233||ZMW|ZMW|%|||||https://www.kafuecouncil.gov.zm/?page_id=195|kafue 2024 2025 performance|2026-09-11
performance_record|performance_bi_annual_performance_2024_0183|2024-2025|kafue_2024_2025_performance.xlsx|Bi Annual Performance 2024|234||8|0|0|||||https://www.kafuecouncil.gov.zm/?page_id=195|kafue 2024 2025 performance|2026-09-11
performance_record|performance_bi_annual_performance_2024_0184|2024-2025|kafue_2024_2025_performance.xlsx|Bi Annual Performance 2024|235||0|0||||||https://www.kafuecouncil.gov.zm/?page_id=195|kafue 2024 2025 performance|2026-09-11
performance_record|performance_bi_annual_performance_2024_0185|2024-2025|kafue_2024_2025_performance.xlsx|Bi Annual Performance 2024|236||0|0||||||https://www.kafuecouncil.gov.zm/?page_id=195|kafue 2024 2025 performance|2026-09-11
performance_record|performance_bi_annual_performance_2024_0186|2024-2025|kafue_2024_2025_performance.xlsx|Bi Annual Performance 2024|237||0|0||||||https://www.kafuecouncil.gov.zm/?page_id=195|kafue 2024 2025 performance|2026-09-11
performance_record|performance_bi_annual_performance_2024_0187|2024-2025|kafue_2024_2025_performance.xlsx|Bi Annual Performance 2024|238||0|0||||||https://www.kafuecouncil.gov.zm/?page_id=195|kafue 2024 2025 performance|2026-09-11
performance_record|performance_bi_annual_performance_2024_0188|2024-2025|kafue_2024_2025_performance.xlsx|Bi Annual Performance 2024|239||0|0||||||https://www.kafuecouncil.gov.zm/?page_id=195|kafue 2024 2025 performance|2026-09-11
performance_record|performance_bi_annual_performance_2024_0189|2024-2025|kafue_2024_2025_performance.xlsx|Bi Annual Performance 2024|240||0|0||||||https://www.kafuecouncil.gov.zm/?page_id=195|kafue 2024 2025 performance|2026-09-11
performance_record|performance_bi_annual_performance_2024_0190|2024-2025|kafue_2024_2025_performance.xlsx|Bi Annual Performance 2024|241||0|0||||||https://www.kafuecouncil.gov.zm/?page_id=195|kafue 2024 2025 performance|2026-09-11
performance_record|performance_bi_annual_performance_2024_0191|2024-2025|kafue_2024_2025_performance.xlsx|Bi Annual Performance 2024|242||0|0||||||https://www.kafuecouncil.gov.zm/?page_id=195|kafue 2024 2025 performance|2026-09-11
performance_record|performance_bi_annual_performance_2024_0192|2024-2025|kafue_2024_2025_performance.xlsx|Bi Annual Performance 2024|243||0|0||||||https://www.kafuecouncil.gov.zm/?page_id=195|kafue 2024 2025 performance|2026-09-11
performance_record|performance_annual_performance_2024_0001|2024-2025|kafue_2024_2025_performance.xlsx|Annual Performance 2024|52|Constituency Development|Community Projects Undertaken|01 Propotion of Rural areas electrified|100||100|||https://www.kafuecouncil.gov.zm/?page_id=195|kafue 2024 2025 performance|2026-09-11
performance_record|performance_annual_performance_2024_0002|2024-2025|kafue_2024_2025_performance.xlsx|Annual Performance 2024|53|||02 Ambulance procured|1|1|0||MLRGD|https://www.kafuecouncil.gov.zm/?page_id=195|kafue 2024 2025 performance|2026-09-11
performance_record|performance_annual_performance_2024_0003|2024-2025|kafue_2024_2025_performance.xlsx|Annual Performance 2024|54|||03 Number of desks procured|7000|3000|4000||WIP|https://www.kafuecouncil.gov.zm/?page_id=195|kafue 2024 2025 performance|2026-09-11
performance_record|performance_annual_performance_2024_0004|2024-2025|kafue_2024_2025_performance.xlsx|Annual Performance 2024|55|||04 Number of Maternity annexes constructed|2||2|||https://www.kafuecouncil.gov.zm/?page_id=195|kafue 2024 2025 performance|2026-09-11
performance_record|performance_annual_performance_2024_0005|2024-2025|kafue_2024_2025_performance.xlsx|Annual Performance 2024|56|||05 Propotion of public Places with safe and piped water|100||100|||https://www.kafuecouncil.gov.zm/?page_id=195|kafue 2024 2025 performance|2026-09-11
performance_record|performance_annual_performance_2024_0006|2024-2025|kafue_2024_2025_performance.xlsx|Annual Performance 2024|57||Women and Youth Empowerment Paid|01 Disbursing Women and Youth Empowerment|150|89|61|||https://www.kafuecouncil.gov.zm/?page_id=195|kafue 2024 2025 performance|2026-09-11
performance_record|performance_annual_performance_2024_0008|2024-2025|kafue_2024_2025_performance.xlsx|Annual Performance 2024|59||Constituency Development Fund Administrative costs Utilised|untilising constituency development fund|100|50|50|||https://www.kafuecouncil.gov.zm/?page_id=195|kafue 2024 2025 performance|2026-09-11
performance_record|performance_annual_performance_2024_0009|2024-2025|kafue_2024_2025_performance.xlsx|Annual Performance 2024|60||Secondary School and Skills Development Bursaries Paid|01 Secondary School Bursaries paid|100|71|29|||https://www.kafuecouncil.gov.zm/?page_id=195|kafue 2024 2025 performance|2026-09-11
performance_record|performance_annual_performance_2024_0010|2024-2025|kafue_2024_2025_performance.xlsx|Annual Performance 2024|61|||02 Skills Development Bursaries paid|500|414|86|||https://www.kafuecouncil.gov.zm/?page_id=195|kafue 2024 2025 performance|2026-09-11
performance_record|performance_annual_performance_2024_0012|2024-2025|kafue_2024_2025_performance.xlsx|Annual Performance 2024|63|Local Governance|||||0|||https://www.kafuecouncil.gov.zm/?page_id=195|kafue 2024 2025 performance|2026-09-11
performance_record|performance_annual_performance_2024_0013|2024-2025|kafue_2024_2025_performance.xlsx|Annual Performance 2024|64||Ordinary Council and Committee Meetings held|01 Number of Ordinary Council Meetings held|4|4|0|||https://www.kafuecouncil.gov.zm/?page_id=195|kafue 2024 2025 performance|2026-09-11
performance_record|performance_annual_performance_2024_0014|2024-2025|kafue_2024_2025_performance.xlsx|Annual Performance 2024|65|||02 Number Special Council Meetings held|2|1|1|||https://www.kafuecouncil.gov.zm/?page_id=195|kafue 2024 2025 performance|2026-09-11
performance_record|performance_annual_performance_2024_0015|2024-2025|kafue_2024_2025_performance.xlsx|Annual Performance 2024|66|||03 Number of Committee Meetings held|20|20|0|||https://www.kafuecouncil.gov.zm/?page_id=195|kafue 2024 2025 performance|2026-09-11
performance_record|performance_annual_performance_2024_0016|2024-2025|kafue_2024_2025_performance.xlsx|Annual Performance 2024|67|||04 Number of Special Committee meetings held|2|1|1|||https://www.kafuecouncil.gov.zm/?page_id=195|kafue 2024 2025 performance|2026-09-11
performance_record|performance_annual_performance_2024_0017|2024-2025|kafue_2024_2025_performance.xlsx|Annual Performance 2024|68||Ward Development Committees formed|01 Number of ward development committees formed|18|18|0|||https://www.kafuecouncil.gov.zm/?page_id=195|kafue 2024 2025 performance|2026-09-11
performance_record|performance_annual_performance_2024_0018|2024-2025|kafue_2024_2025_performance.xlsx|Annual Performance 2024|69|||02 Number of ward development committees Oriented|18|18|0|||https://www.kafuecouncil.gov.zm/?page_id=195|kafue 2024 2025 performance|2026-09-11
performance_record|performance_annual_performance_2024_0019|2024-2025|kafue_2024_2025_performance.xlsx|Annual Performance 2024|70|||03 Number of ward development committees Operationalized|18|18|0|||https://www.kafuecouncil.gov.zm/?page_id=195|kafue 2024 2025 performance|2026-09-11
performance_record|performance_annual_performance_2024_0020|2024-2025|kafue_2024_2025_performance.xlsx|Annual Performance 2024|71|Integrated Development Planning||||||||https://www.kafuecouncil.gov.zm/?page_id=195|kafue 2024 2025 performance|2026-09-11
performance_record|performance_annual_performance_2024_0021|2024-2025|kafue_2024_2025_performance.xlsx|Annual Performance 2024|72||IDP Approved|01 Number of IDPs approved|1|1|0|||https://www.kafuecouncil.gov.zm/?page_id=195|kafue 2024 2025 performance|2026-09-11
performance_record|performance_annual_performance_2024_0023|2024-2025|kafue_2024_2025_performance.xlsx|Annual Performance 2024|74||Local Area Development Plans Developed|01 Number of Local Area Development Plan Developed|1||1|||https://www.kafuecouncil.gov.zm/?page_id=195|kafue 2024 2025 performance|2026-09-11
performance_record|performance_annual_performance_2024_0025|2024-2025|kafue_2024_2025_performance.xlsx|Annual Performance 2024|76||Enforcement Notices Issued|01 Proportion of Enforcement Notices Issued|100|100|0|||https://www.kafuecouncil.gov.zm/?page_id=195|kafue 2024 2025 performance|2026-09-11
performance_record|performance_annual_performance_2024_0027|2024-2025|kafue_2024_2025_performance.xlsx|Annual Performance 2024|78||Land preparation for development undertaken|01 Proportion of Land preparation for development undertaken|100||100|||https://www.kafuecouncil.gov.zm/?page_id=195|kafue 2024 2025 performance|2026-09-11
performance_record|performance_annual_performance_2024_0029|2024-2025|kafue_2024_2025_performance.xlsx|Annual Performance 2024|80||Enviromental Sensitization Meetings Held|01 Number of Enviromental Sensitization Meetings Held|4|4|0|||https://www.kafuecouncil.gov.zm/?page_id=195|kafue 2024 2025 performance|2026-09-11
performance_record|performance_annual_performance_2024_0031|2024-2025|kafue_2024_2025_performance.xlsx|Annual Performance 2024|82||Trees Planted|01 Number of Trees planted|50|188|-138|||https://www.kafuecouncil.gov.zm/?page_id=195|kafue 2024 2025 performance|2026-09-11
performance_record|performance_annual_performance_2024_0033|2024-2025|kafue_2024_2025_performance.xlsx|Annual Performance 2024|84||World Enviromental Day Commemorated|01 Number World Enviromental Days Commemorated|1|1|0|||https://www.kafuecouncil.gov.zm/?page_id=195|kafue 2024 2025 performance|2026-09-11
performance_record|performance_annual_performance_2024_0035|2024-2025|kafue_2024_2025_performance.xlsx|Annual Performance 2024|86||16 Days of Gender Activism Conducted|01 Number of 16 Days of Gender Activism events Conducted|1|1|0|||https://www.kafuecouncil.gov.zm/?page_id=195|kafue 2024 2025 performance|2026-09-11
performance_record|performance_annual_performance_2024_0037|2024-2025|kafue_2024_2025_performance.xlsx|Annual Performance 2024|88||Ward Development Fund disbursed|01 Number of Wards funded|18|6|12|||https://www.kafuecouncil.gov.zm/?page_id=195|kafue 2024 2025 performance|2026-09-11
performance_record|performance_annual_performance_2024_0039|2024-2025|kafue_2024_2025_performance.xlsx|Annual Performance 2024|90|Public health and Environmental protection|||||0|||https://www.kafuecouncil.gov.zm/?page_id=195|kafue 2024 2025 performance|2026-09-11
performance_record|performance_annual_performance_2024_0040|2024-2025|kafue_2024_2025_performance.xlsx|Annual Performance 2024|91||Boreholes Drilled and Equipped|01 Number of Boreholes Drilled and Equipped|18||18||WB|https://www.kafuecouncil.gov.zm/?page_id=195|kafue 2024 2025 performance|2026-09-11
performance_record|performance_annual_performance_2024_0042|2024-2025|kafue_2024_2025_performance.xlsx|Annual Performance 2024|93||Public Health inspection Conducted|01 Proportion of inspections done for Public Premises|100|100|0|||https://www.kafuecouncil.gov.zm/?page_id=195|kafue 2024 2025 performance|2026-09-11
performance_record|performance_annual_performance_2024_0044|2024-2025|kafue_2024_2025_performance.xlsx|Annual Performance 2024|95||Waste Collected and Managed|01 Proportion of waste collected and Managed|100|100|0|||https://www.kafuecouncil.gov.zm/?page_id=195|kafue 2024 2025 performance|2026-09-11
performance_record|performance_annual_performance_2024_0046|2024-2025|kafue_2024_2025_performance.xlsx|Annual Performance 2024|97||Keep Zambia Clean,Green and Health Campaign held|01 Number of Keep Zambia Clean,Green and Health Campaigns held|52|52|0|||https://www.kafuecouncil.gov.zm/?page_id=195|kafue 2024 2025 performance|2026-09-11
performance_record|performance_annual_performance_2024_0048|2024-2025|kafue_2024_2025_performance.xlsx|Annual Performance 2024|99|Housing and Community Amenities|||||0|||https://www.kafuecouncil.gov.zm/?page_id=195|kafue 2024 2025 performance|2026-09-11
performance_record|performance_annual_performance_2024_0049|2024-2025|kafue_2024_2025_performance.xlsx|Annual Performance 2024|100||Parks Maintained|01 Proportion of Parks maintained|100|100|0|||https://www.kafuecouncil.gov.zm/?page_id=195|kafue 2024 2025 performance|2026-09-11
performance_record|performance_annual_performance_2024_0051|2024-2025|kafue_2024_2025_performance.xlsx|Annual Performance 2024|102||Markets and bus stations maintained||||0|||https://www.kafuecouncil.gov.zm/?page_id=195|kafue 2024 2025 performance|2026-09-11
performance_record|performance_annual_performance_2024_0052|2024-2025|kafue_2024_2025_performance.xlsx|Annual Performance 2024|103|||01 Number of Markets and bus stations maintained|7|7|0|||https://www.kafuecouncil.gov.zm/?page_id=195|kafue 2024 2025 performance|2026-09-11
performance_record|performance_annual_performance_2024_0053|2024-2025|kafue_2024_2025_performance.xlsx|Annual Performance 2024|104||Clubs registered and renewed|01 Proportion Of Clubs registered and renewed|100|100|0|||https://www.kafuecouncil.gov.zm/?page_id=195|kafue 2024 2025 performance|2026-09-11
performance_record|performance_annual_performance_2024_0056|2024-2025|kafue_2024_2025_performance.xlsx|Annual Performance 2024|107||Council Buildings Maintained|01 Proportion of Council Buildings maintained|100|100|0|||https://www.kafuecouncil.gov.zm/?page_id=195|kafue 2024 2025 performance|2026-09-11
performance_record|performance_annual_performance_2024_0058|2024-2025|kafue_2024_2025_performance.xlsx|Annual Performance 2024|109||Council Buildings rehabilitated and Constructed|01 Number of Council Toilets constructed|2||2||WB|https://www.kafuecouncil.gov.zm/?page_id=195|kafue 2024 2025 performance|2026-09-11
performance_record|performance_annual_performance_2024_0059|2024-2025|kafue_2024_2025_performance.xlsx|Annual Performance 2024|110|||02 Number of Council Revenue Check Points Constructed|3|2|1|||https://www.kafuecouncil.gov.zm/?page_id=195|kafue 2024 2025 performance|2026-09-11
performance_record|performance_annual_performance_2024_0060|2024-2025|kafue_2024_2025_performance.xlsx|Annual Performance 2024|111|||03 Number of Council Toilets rehabilitated|4||4|||https://www.kafuecouncil.gov.zm/?page_id=195|kafue 2024 2025 performance|2026-09-11
performance_record|performance_annual_performance_2024_0062|2024-2025|kafue_2024_2025_performance.xlsx|Annual Performance 2024|113||General Administration|01 Proportion of Office Materials Procured|100|100|0|||https://www.kafuecouncil.gov.zm/?page_id=195|kafue 2024 2025 performance|2026-09-11
performance_record|performance_annual_performance_2024_0064|2024-2025|kafue_2024_2025_performance.xlsx|Annual Performance 2024|115||Motor Vehicles and Earth Moving Equipment Maintained|01 Proportion of Motor Vehicles and Earth Moving Equipment Maintained|100|100|0|||https://www.kafuecouncil.gov.zm/?page_id=195|kafue 2024 2025 performance|2026-09-11
performance_record|performance_annual_performance_2024_0066|2024-2025|kafue_2024_2025_performance.xlsx|Annual Performance 2024|117||Roads Rehabilitated|01 Kilometers of Township roads rehabilitated|8|8|0|||https://www.kafuecouncil.gov.zm/?page_id=195|kafue 2024 2025 performance|2026-09-11
performance_record|performance_annual_performance_2024_0068|2024-2025|kafue_2024_2025_performance.xlsx|Annual Performance 2024|119||Street lights installed|01 Number of street Lights Installed along T2 road|25||25||WB|https://www.kafuecouncil.gov.zm/?page_id=195|kafue 2024 2025 performance|2026-09-11
performance_record|performance_annual_performance_2024_0070|2024-2025|kafue_2024_2025_performance.xlsx|Annual Performance 2024|121||Boom Lifter Van(Cherry Picker) Procured|01 Number of Boom Lifter Van (Cherry Picker) purchased|1||1||WB|https://www.kafuecouncil.gov.zm/?page_id=195|kafue 2024 2025 performance|2026-09-11
performance_record|performance_annual_performance_2024_0072|2024-2025|kafue_2024_2025_performance.xlsx|Annual Performance 2024|123||Zesco powered Street lights converted to solar powered Converted to Solar|01 No of Zesco powered streets lights along Michael Chilufya Sata Bridge|40||40||WB|https://www.kafuecouncil.gov.zm/?page_id=195|kafue 2024 2025 performance|2026-09-11
performance_record|performance_annual_performance_2024_0074|2024-2025|kafue_2024_2025_performance.xlsx|Annual Performance 2024|125|Recreation Culture and Religion|||||0|||https://www.kafuecouncil.gov.zm/?page_id=195|kafue 2024 2025 performance|2026-09-11
performance_record|performance_annual_performance_2024_0075|2024-2025|kafue_2024_2025_performance.xlsx|Annual Performance 2024|126||Tourism and Marketing management of Cultural industries promoted||||0|||https://www.kafuecouncil.gov.zm/?page_id=195|kafue 2024 2025 performance|2026-09-11
performance_record|performance_annual_performance_2024_0076|2024-2025|kafue_2024_2025_performance.xlsx|Annual Performance 2024|127|||01Number of Tourism and Marketing management of Cultural industries promoted|1||1|||https://www.kafuecouncil.gov.zm/?page_id=195|kafue 2024 2025 performance|2026-09-11
performance_record|performance_annual_performance_2024_0077|2024-2025|kafue_2024_2025_performance.xlsx|Annual Performance 2024|128||Culture Capacity building training held||||0|||https://www.kafuecouncil.gov.zm/?page_id=195|kafue 2024 2025 performance|2026-09-11
performance_record|performance_annual_performance_2024_0078|2024-2025|kafue_2024_2025_performance.xlsx|Annual Performance 2024|129|||01 Number of Culture Capacity building training held|1||1|||https://www.kafuecouncil.gov.zm/?page_id=195|kafue 2024 2025 performance|2026-09-11
performance_record|performance_annual_performance_2024_0079|2024-2025|kafue_2024_2025_performance.xlsx|Annual Performance 2024|130||Cultural Industries Mapped||||0|||https://www.kafuecouncil.gov.zm/?page_id=195|kafue 2024 2025 performance|2026-09-11
performance_record|performance_annual_performance_2024_0080|2024-2025|kafue_2024_2025_performance.xlsx|Annual Performance 2024|131|||01 Number of cultural industries mapped|3||3|||https://www.kafuecouncil.gov.zm/?page_id=195|kafue 2024 2025 performance|2026-09-11
performance_record|performance_annual_performance_2024_0081|2024-2025|kafue_2024_2025_performance.xlsx|Annual Performance 2024|132||Cultural tourism heritage promoted||||0|||https://www.kafuecouncil.gov.zm/?page_id=195|kafue 2024 2025 performance|2026-09-11
performance_record|performance_annual_performance_2024_0082|2024-2025|kafue_2024_2025_performance.xlsx|Annual Performance 2024|133|||01 Number of tangible cultural inventories created|3||3|||https://www.kafuecouncil.gov.zm/?page_id=195|kafue 2024 2025 performance|2026-09-11
performance_record|performance_annual_performance_2024_0083|2024-2025|kafue_2024_2025_performance.xlsx|Annual Performance 2024|134|||02 Number of tangible cultural exhibition conducted|1||1|||https://www.kafuecouncil.gov.zm/?page_id=195|kafue 2024 2025 performance|2026-09-11
performance_record|performance_annual_performance_2024_0084|2024-2025|kafue_2024_2025_performance.xlsx|Annual Performance 2024|135|||03 Number of provincial dance troups formed|12||12|||https://www.kafuecouncil.gov.zm/?page_id=195|kafue 2024 2025 performance|2026-09-11
performance_record|performance_annual_performance_2024_0085|2024-2025|kafue_2024_2025_performance.xlsx|Annual Performance 2024|136||Library Services Improved|01 Propotion Of Books Restocked|100||100|||https://www.kafuecouncil.gov.zm/?page_id=195|kafue 2024 2025 performance|2026-09-11
performance_record|performance_annual_performance_2024_0087|2024-2025|kafue_2024_2025_performance.xlsx|Annual Performance 2024|138||Sports Activities Held|01 Faz Games Played|34|34|0|||https://www.kafuecouncil.gov.zm/?page_id=195|kafue 2024 2025 performance|2026-09-11
performance_record|performance_annual_performance_2024_0088|2024-2025|kafue_2024_2025_performance.xlsx|Annual Performance 2024|139|||02 Zalasa Games Held|1||1|||https://www.kafuecouncil.gov.zm/?page_id=195|kafue 2024 2025 performance|2026-09-11
performance_record|performance_annual_performance_2024_0090|2024-2025|kafue_2024_2025_performance.xlsx|Annual Performance 2024|141||Traditional ceremonies attended|01 Number of Traditional ceremonies attended|2|2|0|||https://www.kafuecouncil.gov.zm/?page_id=195|kafue 2024 2025 performance|2026-09-11
performance_record|performance_annual_performance_2024_0092|2024-2025|kafue_2024_2025_performance.xlsx|Annual Performance 2024|143||Community safe spaces and play parks identified|01 Number of Community safe spaces and play parks identified|1||1|||https://www.kafuecouncil.gov.zm/?page_id=195|kafue 2024 2025 performance|2026-09-11
performance_record|performance_annual_performance_2024_0094|2024-2025|kafue_2024_2025_performance.xlsx|Annual Performance 2024|145||National Day Of Prayer Commemorated|01 Number of national prayers commemorated|1|1|0|||https://www.kafuecouncil.gov.zm/?page_id=195|kafue 2024 2025 performance|2026-09-11
performance_record|performance_annual_performance_2024_0096|2024-2025|kafue_2024_2025_performance.xlsx|Annual Performance 2024|147||Disability sports promoted|01 Number of disability sports promotion held|3|1|2|||https://www.kafuecouncil.gov.zm/?page_id=195|kafue 2024 2025 performance|2026-09-11
performance_record|performance_annual_performance_2024_0098|2024-2025|kafue_2024_2025_performance.xlsx|Annual Performance 2024|149||Anti Doping Promotion held|01 Number of anti doping promotion held|1||1|||https://www.kafuecouncil.gov.zm/?page_id=195|kafue 2024 2025 performance|2026-09-11
performance_record|performance_annual_performance_2024_0100|2024-2025|kafue_2024_2025_performance.xlsx|Annual Performance 2024|151||Women in sports promotion held|01 Number of Women in sports promotion held|3|2|1|||https://www.kafuecouncil.gov.zm/?page_id=195|kafue 2024 2025 performance|2026-09-11
performance_record|performance_annual_performance_2024_0102|2024-2025|kafue_2024_2025_performance.xlsx|Annual Performance 2024|153||Tournaments and talent Identification held|01 Number of Tournaments held|1|1|0|||https://www.kafuecouncil.gov.zm/?page_id=195|kafue 2024 2025 performance|2026-09-11
performance_record|performance_annual_performance_2024_0104|2024-2025|kafue_2024_2025_performance.xlsx|Annual Performance 2024|155||Coaching and first aid capacity building held|01 Number of Coaching and first aid capacity building held|4|4|0|||https://www.kafuecouncil.gov.zm/?page_id=195|kafue 2024 2025 performance|2026-09-11
performance_record|performance_annual_performance_2024_0106|2024-2025|kafue_2024_2025_performance.xlsx|Annual Performance 2024|157||Sports Equipment procured and distributed|01 Number of Sports Equipment procured and distributed|8|6|2|||https://www.kafuecouncil.gov.zm/?page_id=195|kafue 2024 2025 performance|2026-09-11
performance_record|performance_annual_performance_2024_0108|2024-2025|kafue_2024_2025_performance.xlsx|Annual Performance 2024|159||Coaching framework Disseminated|01 Number of Coaching framework Disseminated|1|1|0|||https://www.kafuecouncil.gov.zm/?page_id=195|kafue 2024 2025 performance|2026-09-11
performance_record|performance_annual_performance_2024_0110|2024-2025|kafue_2024_2025_performance.xlsx|Annual Performance 2024|161||Sports Development Monitored|01 Proportion of Sports Development Monitored|100|100|0|||https://www.kafuecouncil.gov.zm/?page_id=195|kafue 2024 2025 performance|2026-09-11
performance_record|performance_annual_performance_2024_0112|2024-2025|kafue_2024_2025_performance.xlsx|Annual Performance 2024|163|Education and skills development|||||0|||https://www.kafuecouncil.gov.zm/?page_id=195|kafue 2024 2025 performance|2026-09-11
performance_record|performance_annual_performance_2024_0113|2024-2025|kafue_2024_2025_performance.xlsx|Annual Performance 2024|164||District records Surveyed|01 Number of records surveys conducted annually|12||12|||https://www.kafuecouncil.gov.zm/?page_id=195|kafue 2024 2025 performance|2026-09-11
performance_record|performance_annual_performance_2024_0115|2024-2025|kafue_2024_2025_performance.xlsx|Annual Performance 2024|166||District records Preserved|01 Proportion of records preserved annually|100||100|||https://www.kafuecouncil.gov.zm/?page_id=195|kafue 2024 2025 performance|2026-09-11
performance_record|performance_annual_performance_2024_0117|2024-2025|kafue_2024_2025_performance.xlsx|Annual Performance 2024|168|Social Protection|||||0|||https://www.kafuecouncil.gov.zm/?page_id=195|kafue 2024 2025 performance|2026-09-11
performance_record|performance_annual_performance_2024_0118|2024-2025|kafue_2024_2025_performance.xlsx|Annual Performance 2024|169||Condoms distributed|01 Proportion of Condoms received and distributed|100|100|0|||https://www.kafuecouncil.gov.zm/?page_id=195|kafue 2024 2025 performance|2026-09-11
performance_record|performance_annual_performance_2024_0120|2024-2025|kafue_2024_2025_performance.xlsx|Annual Performance 2024|171|Public order and safety|||||0|||https://www.kafuecouncil.gov.zm/?page_id=195|kafue 2024 2025 performance|2026-09-11
performance_record|performance_annual_performance_2024_0121|2024-2025|kafue_2024_2025_performance.xlsx|Annual Performance 2024|172||Public Order Maintained|01 Proportion of Patrols Undertaken|100|100|0|||https://www.kafuecouncil.gov.zm/?page_id=195|kafue 2024 2025 performance|2026-09-11
performance_record|performance_annual_performance_2024_0123|2024-2025|kafue_2024_2025_performance.xlsx|Annual Performance 2024|174||Fire cases attended to|01 Proportion of Turnout to Fire cases|100|100|0|||https://www.kafuecouncil.gov.zm/?page_id=195|kafue 2024 2025 performance|2026-09-11
performance_record|performance_annual_performance_2024_0125|2024-2025|kafue_2024_2025_performance.xlsx|Annual Performance 2024|176|Management and support Services|||||0|||https://www.kafuecouncil.gov.zm/?page_id=195|kafue 2024 2025 performance|2026-09-11
performance_record|performance_annual_performance_2024_0126|2024-2025|kafue_2024_2025_performance.xlsx|Annual Performance 2024|177||Council Policies Implemented|01 Proportion of Council Policies Implemented|100|100|0|||https://www.kafuecouncil.gov.zm/?page_id=195|kafue 2024 2025 performance|2026-09-11
performance_record|performance_annual_performance_2024_0128|2024-2025|kafue_2024_2025_performance.xlsx|Annual Performance 2024|179||Marriages Solomnized|01 Proportion of Marriages Solomnized|100|100|0|||https://www.kafuecouncil.gov.zm/?page_id=195|kafue 2024 2025 performance|2026-09-11
performance_record|performance_annual_performance_2024_0130|2024-2025|kafue_2024_2025_performance.xlsx|Annual Performance 2024|181||Mails Delivered|01 Proportion of Mails Delivered|100|100|0|||https://www.kafuecouncil.gov.zm/?page_id=195|kafue 2024 2025 performance|2026-09-11
performance_record|performance_annual_performance_2024_0132|2024-2025|kafue_2024_2025_performance.xlsx|Annual Performance 2024|183||Labour Day Celebrated|01 Number Labour Day events Celebrated|1|1|0|||https://www.kafuecouncil.gov.zm/?page_id=195|kafue 2024 2025 performance|2026-09-11
performance_record|performance_annual_performance_2024_0134|2024-2025|kafue_2024_2025_performance.xlsx|Annual Performance 2024|185||Council Staff Trained|01 Proportion of Council Staff Trained|100|100|0|||https://www.kafuecouncil.gov.zm/?page_id=195|kafue 2024 2025 performance|2026-09-11
performance_record|performance_annual_performance_2024_0136|2024-2025|kafue_2024_2025_performance.xlsx|Annual Performance 2024|187||Public Functions and Ceremonies Held|01 Number of International Women's Day events held|1|1|0|||https://www.kafuecouncil.gov.zm/?page_id=195|kafue 2024 2025 performance|2026-09-11
performance_record|performance_annual_performance_2024_0137|2024-2025|kafue_2024_2025_performance.xlsx|Annual Performance 2024|188|||01 Number of public functions held|5|5|0|||https://www.kafuecouncil.gov.zm/?page_id=195|kafue 2024 2025 performance|2026-09-11
performance_record|performance_annual_performance_2024_0138|2024-2025|kafue_2024_2025_performance.xlsx|Annual Performance 2024|189|||03 Number of Local Govt week, Decentralisation week events held|1|1|0|||https://www.kafuecouncil.gov.zm/?page_id=195|kafue 2024 2025 performance|2026-09-11
performance_record|performance_annual_performance_2024_0139|2024-2025|kafue_2024_2025_performance.xlsx|Annual Performance 2024|190|||04 Independence Celebration events held|1|1|0|||https://www.kafuecouncil.gov.zm/?page_id=195|kafue 2024 2025 performance|2026-09-11
performance_record|performance_annual_performance_2024_0141|2024-2025|kafue_2024_2025_performance.xlsx|Annual Performance 2024|192||Annual Financial Statements Prepared|01 Number of Financial Statements Prepared|1|1|0|||https://www.kafuecouncil.gov.zm/?page_id=195|kafue 2024 2025 performance|2026-09-11
performance_record|performance_annual_performance_2024_0142|2024-2025|kafue_2024_2025_performance.xlsx|Annual Performance 2024|193||Debt Liquidated|01 Proportion of Debt Liquidated against the budget|100|108|-8|||https://www.kafuecouncil.gov.zm/?page_id=195|kafue 2024 2025 performance|2026-09-11
performance_record|performance_annual_performance_2024_0143|2024-2025|kafue_2024_2025_performance.xlsx|Annual Performance 2024|194||Licences issued|01 Percentage of Occupancy Licences issued|100|100|0|||https://www.kafuecouncil.gov.zm/?page_id=195|kafue 2024 2025 performance|2026-09-11
performance_record|performance_annual_performance_2024_0144|2024-2025|kafue_2024_2025_performance.xlsx|Annual Performance 2024|195|||02 Proprotion of Retail Licences issued|100|100|0|||https://www.kafuecouncil.gov.zm/?page_id=195|kafue 2024 2025 performance|2026-09-11
performance_record|performance_annual_performance_2024_0145|2024-2025|kafue_2024_2025_performance.xlsx|Annual Performance 2024|196|||03 Proprotion of Liqour Licences issued|100|100|0|||https://www.kafuecouncil.gov.zm/?page_id=195|kafue 2024 2025 performance|2026-09-11
performance_record|performance_annual_performance_2024_0146|2024-2025|kafue_2024_2025_performance.xlsx|Annual Performance 2024|197||Court cases attended to|01 Proportion of Court cases attended to|100|100|0|||https://www.kafuecouncil.gov.zm/?page_id=195|kafue 2024 2025 performance|2026-09-11
performance_record|performance_annual_performance_2024_0147|2024-2025|kafue_2024_2025_performance.xlsx|Annual Performance 2024|198||Contract and Lease agreements prepared|01 Percentage of Contracts and Leases agreements prepared|100|100|0|||https://www.kafuecouncil.gov.zm/?page_id=195|kafue 2024 2025 performance|2026-09-11
performance_record|performance_annual_performance_2024_0149|2024-2025|kafue_2024_2025_performance.xlsx|Annual Performance 2024|200||Procurement Plan prepared|01 Number of Procurement plan Prepared|1|1|0|||https://www.kafuecouncil.gov.zm/?page_id=195|kafue 2024 2025 performance|2026-09-11
performance_record|performance_annual_performance_2024_0151|2024-2025|kafue_2024_2025_performance.xlsx|Annual Performance 2024|202||Audit reports prepared|01 Number of audit reports prepared|4|4|0|||https://www.kafuecouncil.gov.zm/?page_id=195|kafue 2024 2025 performance|2026-09-11
performance_record|performance_annual_performance_2024_0152|2024-2025|kafue_2024_2025_performance.xlsx|Annual Performance 2024|203|Resource Mobilisation and Management||||||||https://www.kafuecouncil.gov.zm/?page_id=195|kafue 2024 2025 performance|2026-09-11
performance_record|performance_annual_performance_2024_0153|2024-2025|kafue_2024_2025_performance.xlsx|Annual Performance 2024|204||2022 Main approved|01 Number of Valuation rolls approved|1|0|1|||https://www.kafuecouncil.gov.zm/?page_id=195|kafue 2024 2025 performance|2026-09-11
performance_record|performance_annual_performance_2024_0154|2024-2025|kafue_2024_2025_performance.xlsx|Annual Performance 2024|205||Supplementary Valuation Roll Approved|01 Number of Supplementary Valuation roll approved|1|0|1|||https://www.kafuecouncil.gov.zm/?page_id=195|kafue 2024 2025 performance|2026-09-11
performance_record|performance_annual_performance_2024_0155|2024-2025|kafue_2024_2025_performance.xlsx|Annual Performance 2024|206||ICT infrastructure maintained|01 Proportion of ICT infrastructure maintained|100|100|0|||https://www.kafuecouncil.gov.zm/?page_id=195|kafue 2024 2025 performance|2026-09-11
performance_record|performance_annual_performance_2024_0156|2024-2025|kafue_2024_2025_performance.xlsx|Annual Performance 2024|207||Resources mobilised|01 Proportion of resources mobilised against budgeted|80|100|-20|||https://www.kafuecouncil.gov.zm/?page_id=195|kafue 2024 2025 performance|2026-09-11
performance_record|performance_annual_performance_2024_0157|2024-2025|kafue_2024_2025_performance.xlsx|Annual Performance 2024|208|District Health servcies||||||||https://www.kafuecouncil.gov.zm/?page_id=195|kafue 2024 2025 performance|2026-09-11
performance_record|performance_annual_performance_2024_0158|2024-2025|kafue_2024_2025_performance.xlsx|Annual Performance 2024|209||Maternal Health Services Provided|01 Percentage of Deliveries assisted by midwife or skilled personnel|100|100|0|||https://www.kafuecouncil.gov.zm/?page_id=195|kafue 2024 2025 performance|2026-09-11
performance_record|performance_annual_performance_2024_0159|2024-2025|kafue_2024_2025_performance.xlsx|Annual Performance 2024|210|||02 Percentage of new family planning acceptors|100|100|0|||https://www.kafuecouncil.gov.zm/?page_id=195|kafue 2024 2025 performance|2026-09-11
performance_record|performance_annual_performance_2024_0160|2024-2025|kafue_2024_2025_performance.xlsx|Annual Performance 2024|211|||03 Malaria Confirmed and Clinically diagnosed cases as a proportion of population|275|250|25|||https://www.kafuecouncil.gov.zm/?page_id=195|kafue 2024 2025 performance|2026-09-11
performance_record|performance_annual_performance_2024_0161|2024-2025|kafue_2024_2025_performance.xlsx|Annual Performance 2024|212||Communicable Diseases controlled|01 Percentage of household sprayed|100|100|0|||https://www.kafuecouncil.gov.zm/?page_id=195|kafue 2024 2025 performance|2026-09-11
performance_record|performance_annual_performance_2024_0162|2024-2025|kafue_2024_2025_performance.xlsx|Annual Performance 2024|213||Malaria Control Programmes Conducted|01 Percentage of household sprayed|100|100|0|||https://www.kafuecouncil.gov.zm/?page_id=195|kafue 2024 2025 performance|2026-09-11
performance_record|performance_annual_performance_2024_0163|2024-2025|kafue_2024_2025_performance.xlsx|Annual Performance 2024|214|||02 Percentage of households with at least one ITN|100|100|0|||https://www.kafuecouncil.gov.zm/?page_id=195|kafue 2024 2025 performance|2026-09-11
performance_record|performance_annual_performance_2024_0164|2024-2025|kafue_2024_2025_performance.xlsx|Annual Performance 2024|215|||03 Percentage of Children with malaria receiving ACT from a health worker|100|100|0|||https://www.kafuecouncil.gov.zm/?page_id=195|kafue 2024 2025 performance|2026-09-11
performance_record|performance_annual_performance_2024_0165|2024-2025|kafue_2024_2025_performance.xlsx|Annual Performance 2024|216||Child Health Programmes Conducted|01 Percentage of Under one-year children fully immunized (0-11 months)|100|100|0|||https://www.kafuecouncil.gov.zm/?page_id=195|kafue 2024 2025 performance|2026-09-11
performance_record|performance_annual_performance_2024_0166|2024-2025|kafue_2024_2025_performance.xlsx|Annual Performance 2024|217|||02 Proportion of Severe underweight in under 5 children (percentage)|25|25|0|||https://www.kafuecouncil.gov.zm/?page_id=195|kafue 2024 2025 performance|2026-09-11
performance_record|performance_annual_performance_2024_0167|2024-2025|kafue_2024_2025_performance.xlsx|Annual Performance 2024|218|||01 Number of AFP cases investigated per 100,000 population|20|20|0|||https://www.kafuecouncil.gov.zm/?page_id=195|kafue 2024 2025 performance|2026-09-11
performance_record|performance_annual_performance_2024_0168|2024-2025|kafue_2024_2025_performance.xlsx|Annual Performance 2024|219||Disease Surveillances undertaken|01 Institutional maternal mortality rate|10|10|0|||https://www.kafuecouncil.gov.zm/?page_id=195|kafue 2024 2025 performance|2026-09-11
performance_record|performance_annual_performance_2024_0169|2024-2025|kafue_2024_2025_performance.xlsx|Annual Performance 2024|220|||02 Percentage of essential medicines of in-patient and outpatient prescribed|10|10|0|||https://www.kafuecouncil.gov.zm/?page_id=195|kafue 2024 2025 performance|2026-09-11
performance_record|performance_annual_performance_2024_0170|2024-2025|kafue_2024_2025_performance.xlsx|Annual Performance 2024|221||Hospital Services Provided|03 Percentage of complicated cases referred|15|10|5|||https://www.kafuecouncil.gov.zm/?page_id=195|kafue 2024 2025 performance|2026-09-11
performance_record|performance_annual_performance_2024_0171|2024-2025|kafue_2024_2025_performance.xlsx|Annual Performance 2024|222|Veterinary services||||||||https://www.kafuecouncil.gov.zm/?page_id=195|kafue 2024 2025 performance|2026-09-11
performance_record|performance_annual_performance_2024_0172|2024-2025|kafue_2024_2025_performance.xlsx|Annual Performance 2024|223||Animal health extension services undertaken|01 Proportion of farmers trained in improved husbandry practices|100|100|0|||https://www.kafuecouncil.gov.zm/?page_id=195|kafue 2024 2025 performance|2026-09-11
performance_record|performance_annual_performance_2024_0173|2024-2025|kafue_2024_2025_performance.xlsx|Annual Performance 2024|224|||02 Proportion of animals vaccinated/ treated|100|100|0|||https://www.kafuecouncil.gov.zm/?page_id=195|kafue 2024 2025 performance|2026-09-11
performance_record|performance_annual_performance_2024_0174|2024-2025|kafue_2024_2025_performance.xlsx|Annual Performance 2024|225|||03 Proportion of farmers trained in herd health management|100|100|0|||https://www.kafuecouncil.gov.zm/?page_id=195|kafue 2024 2025 performance|2026-09-11
performance_record|performance_annual_performance_2024_0175|2024-2025|kafue_2024_2025_performance.xlsx|Annual Performance 2024|226||Animal disease surveillance undertaken for early warning services|01 Number of animal disease surveillances undertaken|4|4|0|||https://www.kafuecouncil.gov.zm/?page_id=195|kafue 2024 2025 performance|2026-09-11
performance_record|performance_annual_performance_2024_0176|2024-2025|kafue_2024_2025_performance.xlsx|Annual Performance 2024|227|||02 Number of routine reports and disease outbreak investigations undertaked|4|4|0|||https://www.kafuecouncil.gov.zm/?page_id=195|kafue 2024 2025 performance|2026-09-11
performance_record|performance_annual_performance_2024_0177|2024-2025|kafue_2024_2025_performance.xlsx|Annual Performance 2024|228|||03 Number of samples collected, processed and shipped|4|4|0|||https://www.kafuecouncil.gov.zm/?page_id=195|kafue 2024 2025 performance|2026-09-11
performance_record|performance_annual_performance_2024_0178|2024-2025|kafue_2024_2025_performance.xlsx|Annual Performance 2024|229|||04 Number of sanitary inspections conducted|4|4|0|||https://www.kafuecouncil.gov.zm/?page_id=195|kafue 2024 2025 performance|2026-09-11
performance_record|performance_budget_performance_by_program_0001|2024-2025|kafue_2024_2025_performance.xlsx|Budget performance by Program|4|Constituency Development|01.Community Projects Undertaken|||||||https://www.kafuecouncil.gov.zm/?page_id=195|kafue 2024 2025 performance|2026-09-11
performance_record|performance_budget_performance_by_program_0002|2024-2025|kafue_2024_2025_performance.xlsx|Budget performance by Program|5|||1 Proportion of safe water and sanitation in pubilc places|100|0|100|||https://www.kafuecouncil.gov.zm/?page_id=195|kafue 2024 2025 performance|2026-09-11
performance_record|performance_budget_performance_by_program_0003|2024-2025|kafue_2024_2025_performance.xlsx|Budget performance by Program|6|||2 Number of classroom blocks constructed|2|0|2|||https://www.kafuecouncil.gov.zm/?page_id=195|kafue 2024 2025 performance|2026-09-11
performance_record|performance_budget_performance_by_program_0004|2024-2025|kafue_2024_2025_performance.xlsx|Budget performance by Program|7|||3 Number of desks procured|4000|0|4000|||https://www.kafuecouncil.gov.zm/?page_id=195|kafue 2024 2025 performance|2026-09-11
performance_record|performance_budget_performance_by_program_0005|2024-2025|kafue_2024_2025_performance.xlsx|Budget performance by Program|8|||4 Number of Maternity annexes constructed|2||2|||https://www.kafuecouncil.gov.zm/?page_id=195|kafue 2024 2025 performance|2026-09-11
performance_record|performance_budget_performance_by_program_0006|2024-2025|kafue_2024_2025_performance.xlsx|Budget performance by Program|9|||5 Kilometers of roads gravelled|20|0|20|||https://www.kafuecouncil.gov.zm/?page_id=195|kafue 2024 2025 performance|2026-09-11
performance_record|performance_budget_performance_by_program_0007|2024-2025|kafue_2024_2025_performance.xlsx|Budget performance by Program|10||02.Women and Youth Empowered|||||||https://www.kafuecouncil.gov.zm/?page_id=195|kafue 2024 2025 performance|2026-09-11
performance_record|performance_budget_performance_by_program_0008|2024-2025|kafue_2024_2025_performance.xlsx|Budget performance by Program|11|||1 Number of Women and Youth Empowered with Grants|100|89|11|||https://www.kafuecouncil.gov.zm/?page_id=195|kafue 2024 2025 performance|2026-09-11
performance_record|performance_budget_performance_by_program_0009|2024-2025|kafue_2024_2025_performance.xlsx|Budget performance by Program|12|||2 Number of loan beneficiaries|50||50|||https://www.kafuecouncil.gov.zm/?page_id=195|kafue 2024 2025 performance|2026-09-11
performance_record|performance_budget_performance_by_program_0010|2024-2025|kafue_2024_2025_performance.xlsx|Budget performance by Program|13||03 Constituency Development Fund Administrative Component utilised|||||||https://www.kafuecouncil.gov.zm/?page_id=195|kafue 2024 2025 performance|2026-09-11
performance_record|performance_budget_performance_by_program_0011|2024-2025|kafue_2024_2025_performance.xlsx|Budget performance by Program|14|||1 Proportion of Constituency Development Fund Projects monitored|100|1|99|||https://www.kafuecouncil.gov.zm/?page_id=195|kafue 2024 2025 performance|2026-09-11
performance_record|performance_budget_performance_by_program_0012|2024-2025|kafue_2024_2025_performance.xlsx|Budget performance by Program|15|||2 Proportion of Constituency Development Fund assets branded|100||100|||https://www.kafuecouncil.gov.zm/?page_id=195|kafue 2024 2025 performance|2026-09-11
performance_record|performance_budget_performance_by_program_0013|2024-2025|kafue_2024_2025_performance.xlsx|Budget performance by Program|16|||3 Number of Constituency Development Fund Committee Meetings held|4|4|0|||https://www.kafuecouncil.gov.zm/?page_id=195|kafue 2024 2025 performance|2026-09-11
performance_record|performance_budget_performance_by_program_0014|2024-2025|kafue_2024_2025_performance.xlsx|Budget performance by Program|17|||4 Number of Ward Development Committees supported|18|18|0|||https://www.kafuecouncil.gov.zm/?page_id=195|kafue 2024 2025 performance|2026-09-11
performance_record|performance_budget_performance_by_program_0015|2024-2025|kafue_2024_2025_performance.xlsx|Budget performance by Program|18||04 Secondary School Pupils and Skills Development students sponsored with Bursaries|||||||https://www.kafuecouncil.gov.zm/?page_id=195|kafue 2024 2025 performance|2026-09-11
performance_record|performance_budget_performance_by_program_0016|2024-2025|kafue_2024_2025_performance.xlsx|Budget performance by Program|19|||1 Number of Secondary School pupils sponsored with Bursaries|110|179|-69|||https://www.kafuecouncil.gov.zm/?page_id=195|kafue 2024 2025 performance|2026-09-11
performance_record|performance_budget_performance_by_program_0017|2024-2025|kafue_2024_2025_performance.xlsx|Budget performance by Program|20|||2 Number of Skills Development students sponsored with Bursaries|500|350|150|||https://www.kafuecouncil.gov.zm/?page_id=195|kafue 2024 2025 performance|2026-09-11
performance_record|performance_budget_performance_by_program_0018|2024-2025|kafue_2024_2025_performance.xlsx|Budget performance by Program|21|Local Governance||||||||https://www.kafuecouncil.gov.zm/?page_id=195|kafue 2024 2025 performance|2026-09-11
performance_record|performance_budget_performance_by_program_0019|2024-2025|kafue_2024_2025_performance.xlsx|Budget performance by Program|22||01Ward Development Committees operationalised|||||||https://www.kafuecouncil.gov.zm/?page_id=195|kafue 2024 2025 performance|2026-09-11
performance_record|performance_budget_performance_by_program_0020|2024-2025|kafue_2024_2025_performance.xlsx|Budget performance by Program|23|||1 Number of ward development committees meeting held|4|2|2|||https://www.kafuecouncil.gov.zm/?page_id=195|kafue 2024 2025 performance|2026-09-11
performance_record|performance_budget_performance_by_program_0021|2024-2025|kafue_2024_2025_performance.xlsx|Budget performance by Program|24|||2 Number of ward development committees Operationalised|18|18|0|||https://www.kafuecouncil.gov.zm/?page_id=195|kafue 2024 2025 performance|2026-09-11
performance_record|performance_budget_performance_by_program_0022|2024-2025|kafue_2024_2025_performance.xlsx|Budget performance by Program|25||01 Council meetings held|||||||https://www.kafuecouncil.gov.zm/?page_id=195|kafue 2024 2025 performance|2026-09-11
performance_record|performance_budget_performance_by_program_0023|2024-2025|kafue_2024_2025_performance.xlsx|Budget performance by Program|26|||1 Number of ordinary Council meetings held|4|1|3|||https://www.kafuecouncil.gov.zm/?page_id=195|kafue 2024 2025 performance|2026-09-11
performance_record|performance_budget_performance_by_program_0024|2024-2025|kafue_2024_2025_performance.xlsx|Budget performance by Program|27|||2 Number of Committee meetings held|20|9|11|||https://www.kafuecouncil.gov.zm/?page_id=195|kafue 2024 2025 performance|2026-09-11
performance_record|performance_budget_performance_by_program_0025|2024-2025|kafue_2024_2025_performance.xlsx|Budget performance by Program|28||01 Community Engaged||||0|||https://www.kafuecouncil.gov.zm/?page_id=195|kafue 2024 2025 performance|2026-09-11
performance_record|performance_budget_performance_by_program_0026|2024-2025|kafue_2024_2025_performance.xlsx|Budget performance by Program|29|||1 Number of Community Engagements meetings held|4|2|2|||https://www.kafuecouncil.gov.zm/?page_id=195|kafue 2024 2025 performance|2026-09-11
performance_record|performance_budget_performance_by_program_0027|2024-2025|kafue_2024_2025_performance.xlsx|Budget performance by Program|30|||2 Number of Radio programmes held|12|6|6|||https://www.kafuecouncil.gov.zm/?page_id=195|kafue 2024 2025 performance|2026-09-11
performance_record|performance_budget_performance_by_program_0028|2024-2025|kafue_2024_2025_performance.xlsx|Budget performance by Program|31|Integrated Development Planning||||||||https://www.kafuecouncil.gov.zm/?page_id=195|kafue 2024 2025 performance|2026-09-11
performance_record|performance_budget_performance_by_program_0029|2024-2025|kafue_2024_2025_performance.xlsx|Budget performance by Program|32||01 Trees Planted|||||||https://www.kafuecouncil.gov.zm/?page_id=195|kafue 2024 2025 performance|2026-09-11
performance_record|performance_budget_performance_by_program_0030|2024-2025|kafue_2024_2025_performance.xlsx|Budget performance by Program|33|||1 Number of Trees planted|2000|500|1500|||https://www.kafuecouncil.gov.zm/?page_id=195|kafue 2024 2025 performance|2026-09-11
performance_record|performance_budget_performance_by_program_0031|2024-2025|kafue_2024_2025_performance.xlsx|Budget performance by Program|34||02World Environmental day Commemorated|||||||https://www.kafuecouncil.gov.zm/?page_id=195|kafue 2024 2025 performance|2026-09-11
performance_record|performance_budget_performance_by_program_0032|2024-2025|kafue_2024_2025_performance.xlsx|Budget performance by Program|35|||1 Number of World Enironmental Day Commemorated|1|1|0|||https://www.kafuecouncil.gov.zm/?page_id=195|kafue 2024 2025 performance|2026-09-11
performance_record|performance_budget_performance_by_program_0033|2024-2025|kafue_2024_2025_performance.xlsx|Budget performance by Program|36||01 Integrated Development Plan operationalised|||||||https://www.kafuecouncil.gov.zm/?page_id=195|kafue 2024 2025 performance|2026-09-11
performance_record|performance_budget_performance_by_program_0034|2024-2025|kafue_2024_2025_performance.xlsx|Budget performance by Program|37|||1 Number of Integrated Development Plan operationalised|1|1|0|||https://www.kafuecouncil.gov.zm/?page_id=195|kafue 2024 2025 performance|2026-09-11
performance_record|performance_budget_performance_by_program_0035|2024-2025|kafue_2024_2025_performance.xlsx|Budget performance by Program|38||02 Local Area Development Plans Developed|||||||https://www.kafuecouncil.gov.zm/?page_id=195|kafue 2024 2025 performance|2026-09-11
performance_record|performance_budget_performance_by_program_0036|2024-2025|kafue_2024_2025_performance.xlsx|Budget performance by Program|39|||1 Number of Local Area Development Plan Developed|1||1|||https://www.kafuecouncil.gov.zm/?page_id=195|kafue 2024 2025 performance|2026-09-11
performance_record|performance_budget_performance_by_program_0037|2024-2025|kafue_2024_2025_performance.xlsx|Budget performance by Program|40||03 Compliance inspections on development control conducted|||||||https://www.kafuecouncil.gov.zm/?page_id=195|kafue 2024 2025 performance|2026-09-11
performance_record|performance_budget_performance_by_program_0038|2024-2025|kafue_2024_2025_performance.xlsx|Budget performance by Program|41|||1 Proportion of development control inspections conducted|100|100|0|||https://www.kafuecouncil.gov.zm/?page_id=195|kafue 2024 2025 performance|2026-09-11
performance_record|performance_budget_performance_by_program_0039|2024-2025|kafue_2024_2025_performance.xlsx|Budget performance by Program|42||04 Wards funded|||||||https://www.kafuecouncil.gov.zm/?page_id=195|kafue 2024 2025 performance|2026-09-11
performance_record|performance_budget_performance_by_program_0040|2024-2025|kafue_2024_2025_performance.xlsx|Budget performance by Program|43|||1 Number of Wards funded|18||18|||https://www.kafuecouncil.gov.zm/?page_id=195|kafue 2024 2025 performance|2026-09-11
performance_record|performance_budget_performance_by_program_0041|2024-2025|kafue_2024_2025_performance.xlsx|Budget performance by Program|44||01 16 Days of Gender Activism Conducted|||||||https://www.kafuecouncil.gov.zm/?page_id=195|kafue 2024 2025 performance|2026-09-11
performance_record|performance_budget_performance_by_program_0042|2024-2025|kafue_2024_2025_performance.xlsx|Budget performance by Program|45|||1 Number of 16 Days of Gender Activism events Conducted|1|1|0|||https://www.kafuecouncil.gov.zm/?page_id=195|kafue 2024 2025 performance|2026-09-11
performance_record|performance_budget_performance_by_program_0043|2024-2025|kafue_2024_2025_performance.xlsx|Budget performance by Program|46||02 Condoms distributed|||||||https://www.kafuecouncil.gov.zm/?page_id=195|kafue 2024 2025 performance|2026-09-11
performance_record|performance_budget_performance_by_program_0044|2024-2025|kafue_2024_2025_performance.xlsx|Budget performance by Program|47|||1 Number of condoms received and distributed|10000|5000|5000|||https://www.kafuecouncil.gov.zm/?page_id=195|kafue 2024 2025 performance|2026-09-11
performance_record|performance_budget_performance_by_program_0045|2024-2025|kafue_2024_2025_performance.xlsx|Budget performance by Program|48|Public Health and Environmental Protection||||||||https://www.kafuecouncil.gov.zm/?page_id=195|kafue 2024 2025 performance|2026-09-11
performance_record|performance_budget_performance_by_program_0046|2024-2025|kafue_2024_2025_performance.xlsx|Budget performance by Program|49||01 Public Health inspection Conducted|||||||https://www.kafuecouncil.gov.zm/?page_id=195|kafue 2024 2025 performance|2026-09-11
performance_record|performance_budget_performance_by_program_0047|2024-2025|kafue_2024_2025_performance.xlsx|Budget performance by Program|50|||1 Proportion of inspections conducted|100|100|0|||https://www.kafuecouncil.gov.zm/?page_id=195|kafue 2024 2025 performance|2026-09-11
performance_record|performance_budget_performance_by_program_0048|2024-2025|kafue_2024_2025_performance.xlsx|Budget performance by Program|51||01 Waste Collected|||||||https://www.kafuecouncil.gov.zm/?page_id=195|kafue 2024 2025 performance|2026-09-11
performance_record|performance_budget_performance_by_program_0049|2024-2025|kafue_2024_2025_performance.xlsx|Budget performance by Program|52|||1 Proportion of waste collected and Managed|100|100|0|||https://www.kafuecouncil.gov.zm/?page_id=195|kafue 2024 2025 performance|2026-09-11
performance_record|performance_budget_performance_by_program_0050|2024-2025|kafue_2024_2025_performance.xlsx|Budget performance by Program|53||02 Keep Zambia Clean,Green and Health Campaign conducted|||||||https://www.kafuecouncil.gov.zm/?page_id=195|kafue 2024 2025 performance|2026-09-11
performance_record|performance_budget_performance_by_program_0051|2024-2025|kafue_2024_2025_performance.xlsx|Budget performance by Program|54|||1 Number of Keep Zambia Clean,Green and Health Campaigns conducted|52|28|24|||https://www.kafuecouncil.gov.zm/?page_id=195|kafue 2024 2025 performance|2026-09-11
performance_record|performance_budget_performance_by_program_0052|2024-2025|kafue_2024_2025_performance.xlsx|Budget performance by Program|55||03 Dumpsite fenced|||||||https://www.kafuecouncil.gov.zm/?page_id=195|kafue 2024 2025 performance|2026-09-11
performance_record|performance_budget_performance_by_program_0053|2024-2025|kafue_2024_2025_performance.xlsx|Budget performance by Program|56|||1 Number of Dumpsites fenced|1||1|||https://www.kafuecouncil.gov.zm/?page_id=195|kafue 2024 2025 performance|2026-09-11
performance_record|performance_budget_performance_by_program_0054|2024-2025|kafue_2024_2025_performance.xlsx|Budget performance by Program|57|Housing and Community Amenities||||||||https://www.kafuecouncil.gov.zm/?page_id=195|kafue 2024 2025 performance|2026-09-11
performance_record|performance_budget_performance_by_program_0055|2024-2025|kafue_2024_2025_performance.xlsx|Budget performance by Program|58||01 Boreholes maintained|||||||https://www.kafuecouncil.gov.zm/?page_id=195|kafue 2024 2025 performance|2026-09-11
performance_record|performance_budget_performance_by_program_0056|2024-2025|kafue_2024_2025_performance.xlsx|Budget performance by Program|59|||1 Number of Boreholes maintained|36|19|17|||https://www.kafuecouncil.gov.zm/?page_id=195|kafue 2024 2025 performance|2026-09-11
performance_record|performance_budget_performance_by_program_0057|2024-2025|kafue_2024_2025_performance.xlsx|Budget performance by Program|60||01 Markets and Bus Stations maintained|||||||https://www.kafuecouncil.gov.zm/?page_id=195|kafue 2024 2025 performance|2026-09-11
performance_record|performance_budget_performance_by_program_0058|2024-2025|kafue_2024_2025_performance.xlsx|Budget performance by Program|61|||1 Number of Markets and bus stations maintained|7|4|3|||https://www.kafuecouncil.gov.zm/?page_id=195|kafue 2024 2025 performance|2026-09-11
performance_record|performance_budget_performance_by_program_0059|2024-2025|kafue_2024_2025_performance.xlsx|Budget performance by Program|62||02 Ablution block at the Main Bus Station constructed|||||||https://www.kafuecouncil.gov.zm/?page_id=195|kafue 2024 2025 performance|2026-09-11
performance_record|performance_budget_performance_by_program_0060|2024-2025|kafue_2024_2025_performance.xlsx|Budget performance by Program|63|||1 Number of Ablution blocks constructed at the Main Bus Station|1|0|1|||https://www.kafuecouncil.gov.zm/?page_id=195|kafue 2024 2025 performance|2026-09-11
performance_record|performance_budget_performance_by_program_0061|2024-2025|kafue_2024_2025_performance.xlsx|Budget performance by Program|64||01 Clubs Registered and Renewed|||||||https://www.kafuecouncil.gov.zm/?page_id=195|kafue 2024 2025 performance|2026-09-11
performance_record|performance_budget_performance_by_program_0062|2024-2025|kafue_2024_2025_performance.xlsx|Budget performance by Program|65|||1 Proportion Of Clubs registered and renewed|100||100|||https://www.kafuecouncil.gov.zm/?page_id=195|kafue 2024 2025 performance|2026-09-11
performance_record|performance_budget_performance_by_program_0063|2024-2025|kafue_2024_2025_performance.xlsx|Budget performance by Program|66||01 Council Buildings Maintained|||||||https://www.kafuecouncil.gov.zm/?page_id=195|kafue 2024 2025 performance|2026-09-11
performance_record|performance_budget_performance_by_program_0064|2024-2025|kafue_2024_2025_performance.xlsx|Budget performance by Program|67|||1 Number of Council buildings maintained|13|5|8|||https://www.kafuecouncil.gov.zm/?page_id=195|kafue 2024 2025 performance|2026-09-11
performance_record|performance_budget_performance_by_program_0065|2024-2025|kafue_2024_2025_performance.xlsx|Budget performance by Program|68||02 Council Revenue Check Points Constructed|||||||https://www.kafuecouncil.gov.zm/?page_id=195|kafue 2024 2025 performance|2026-09-11
performance_record|performance_budget_performance_by_program_0066|2024-2025|kafue_2024_2025_performance.xlsx|Budget performance by Program|69|||1 Number of Council Revenue Check Points Constructed|4|0|4|||https://www.kafuecouncil.gov.zm/?page_id=195|kafue 2024 2025 performance|2026-09-11
performance_record|performance_budget_performance_by_program_0067|2024-2025|kafue_2024_2025_performance.xlsx|Budget performance by Program|70||01 Street lights maintained|||||||https://www.kafuecouncil.gov.zm/?page_id=195|kafue 2024 2025 performance|2026-09-11
performance_record|performance_budget_performance_by_program_0068|2024-2025|kafue_2024_2025_performance.xlsx|Budget performance by Program|71|||1 Proportion of street Lights maintained|100|100|0|||https://www.kafuecouncil.gov.zm/?page_id=195|kafue 2024 2025 performance|2026-09-11
performance_record|performance_budget_performance_by_program_0069|2024-2025|kafue_2024_2025_performance.xlsx|Budget performance by Program|72||02 Street Lights installed|||||||https://www.kafuecouncil.gov.zm/?page_id=195|kafue 2024 2025 performance|2026-09-11
performance_record|performance_budget_performance_by_program_0070|2024-2025|kafue_2024_2025_performance.xlsx|Budget performance by Program|73|||1 Number of street lights installed|40|0|40|||https://www.kafuecouncil.gov.zm/?page_id=195|kafue 2024 2025 performance|2026-09-11
performance_record|performance_budget_performance_by_program_0071|2024-2025|kafue_2024_2025_performance.xlsx|Budget performance by Program|74|Recreation Culture and Religion|01 Cultural Practices in the District inventoried|||||||https://www.kafuecouncil.gov.zm/?page_id=195|kafue 2024 2025 performance|2026-09-11
performance_record|performance_budget_performance_by_program_0072|2024-2025|kafue_2024_2025_performance.xlsx|Budget performance by Program|75|||1 Number of Cultural practices inventoried|1|1|0|||https://www.kafuecouncil.gov.zm/?page_id=195|kafue 2024 2025 performance|2026-09-11
performance_record|performance_budget_performance_by_program_0073|2024-2025|kafue_2024_2025_performance.xlsx|Budget performance by Program|76||02 Cultural and Creative industries Developed|||||||https://www.kafuecouncil.gov.zm/?page_id=195|kafue 2024 2025 performance|2026-09-11
performance_record|performance_budget_performance_by_program_0074|2024-2025|kafue_2024_2025_performance.xlsx|Budget performance by Program|77|||1 Number of Cultural and Creative industries Developed|1|1|0|||https://www.kafuecouncil.gov.zm/?page_id=195|kafue 2024 2025 performance|2026-09-11
performance_record|performance_budget_performance_by_program_0075|2024-2025|kafue_2024_2025_performance.xlsx|Budget performance by Program|78||03 Traditional Ceremonies supported|||||||https://www.kafuecouncil.gov.zm/?page_id=195|kafue 2024 2025 performance|2026-09-11
performance_record|performance_budget_performance_by_program_0076|2024-2025|kafue_2024_2025_performance.xlsx|Budget performance by Program|79|||1.Number of Traditional Ceremonies supported|1|1|0|||https://www.kafuecouncil.gov.zm/?page_id=195|kafue 2024 2025 performance|2026-09-11
performance_record|performance_budget_performance_by_program_0077|2024-2025|kafue_2024_2025_performance.xlsx|Budget performance by Program|80||01 Library Services provided|||||||https://www.kafuecouncil.gov.zm/?page_id=195|kafue 2024 2025 performance|2026-09-11
performance_record|performance_budget_performance_by_program_0078|2024-2025|kafue_2024_2025_performance.xlsx|Budget performance by Program|81|||1 Number of books restocked|100||100|||https://www.kafuecouncil.gov.zm/?page_id=195|kafue 2024 2025 performance|2026-09-11
performance_record|performance_budget_performance_by_program_0079|2024-2025|kafue_2024_2025_performance.xlsx|Budget performance by Program|82|||1 Faz Games Played|34|16|18|||https://www.kafuecouncil.gov.zm/?page_id=195|kafue 2024 2025 performance|2026-09-11
performance_record|performance_budget_performance_by_program_0080|2024-2025|kafue_2024_2025_performance.xlsx|Budget performance by Program|83||01 Sports Activities Held|2 Zalasa Games Held|1||1|||https://www.kafuecouncil.gov.zm/?page_id=195|kafue 2024 2025 performance|2026-09-11
performance_record|performance_budget_performance_by_program_0081|2024-2025|kafue_2024_2025_performance.xlsx|Budget performance by Program|84|||3 Women in sports promotions held|4|2|2|||https://www.kafuecouncil.gov.zm/?page_id=195|kafue 2024 2025 performance|2026-09-11
performance_record|performance_budget_performance_by_program_0082|2024-2025|kafue_2024_2025_performance.xlsx|Budget performance by Program|85|||1 Number of Coaching framework Disseminated|1|1|0|||https://www.kafuecouncil.gov.zm/?page_id=195|kafue 2024 2025 performance|2026-09-11
performance_record|performance_budget_performance_by_program_0083|2024-2025|kafue_2024_2025_performance.xlsx|Budget performance by Program|86||02 Coaching framework Disseminated|||||||https://www.kafuecouncil.gov.zm/?page_id=195|kafue 2024 2025 performance|2026-09-11
performance_record|performance_budget_performance_by_program_0084|2024-2025|kafue_2024_2025_performance.xlsx|Budget performance by Program|87|||1 Proportion of Sports Development Monitored|100|100|0|||https://www.kafuecouncil.gov.zm/?page_id=195|kafue 2024 2025 performance|2026-09-11
performance_record|performance_budget_performance_by_program_0085|2024-2025|kafue_2024_2025_performance.xlsx|Budget performance by Program|88||03 Sports Development Monitored|||||||https://www.kafuecouncil.gov.zm/?page_id=195|kafue 2024 2025 performance|2026-09-11
performance_record|performance_budget_performance_by_program_0086|2024-2025|kafue_2024_2025_performance.xlsx|Budget performance by Program|89|||1 Number of sports activities conducted|12|5|7|||https://www.kafuecouncil.gov.zm/?page_id=195|kafue 2024 2025 performance|2026-09-11
performance_record|performance_budget_performance_by_program_0087|2024-2025|kafue_2024_2025_performance.xlsx|Budget performance by Program|90||04 Community Sport activities Promoted|2 Proportion of Sports Associations formed|100|100|0|||https://www.kafuecouncil.gov.zm/?page_id=195|kafue 2024 2025 performance|2026-09-11
performance_record|performance_budget_performance_by_program_0088|2024-2025|kafue_2024_2025_performance.xlsx|Budget performance by Program|91|||3 Number of sports recreational activities conducted.|5|2|3|||https://www.kafuecouncil.gov.zm/?page_id=195|kafue 2024 2025 performance|2026-09-11
performance_record|performance_budget_performance_by_program_0089|2024-2025|kafue_2024_2025_performance.xlsx|Budget performance by Program|92|||4 Proportion of Sports clubs registered|100|100|0|||https://www.kafuecouncil.gov.zm/?page_id=195|kafue 2024 2025 performance|2026-09-11
performance_record|performance_budget_performance_by_program_0090|2024-2025|kafue_2024_2025_performance.xlsx|Budget performance by Program|93|||5 Number of coaching clinics held|4|2|2|||https://www.kafuecouncil.gov.zm/?page_id=195|kafue 2024 2025 performance|2026-09-11
performance_record|performance_budget_performance_by_program_0091|2024-2025|kafue_2024_2025_performance.xlsx|Budget performance by Program|94||05 National Sports Policy Sensitization conducted.|||||||https://www.kafuecouncil.gov.zm/?page_id=195|kafue 2024 2025 performance|2026-09-11
performance_record|performance_budget_performance_by_program_0092|2024-2025|kafue_2024_2025_performance.xlsx|Budget performance by Program|95|||1 Number of National Sports Policy sensitization meetings held.|4|2|2|||https://www.kafuecouncil.gov.zm/?page_id=195|kafue 2024 2025 performance|2026-09-11
performance_record|performance_budget_performance_by_program_0093|2024-2025|kafue_2024_2025_performance.xlsx|Budget performance by Program|96|Education and Skills Development||||||||https://www.kafuecouncil.gov.zm/?page_id=195|kafue 2024 2025 performance|2026-09-11
performance_record|performance_budget_performance_by_program_0094|2024-2025|kafue_2024_2025_performance.xlsx|Budget performance by Program|97||01 District records Surveyed|||||||https://www.kafuecouncil.gov.zm/?page_id=195|kafue 2024 2025 performance|2026-09-11
performance_record|performance_budget_performance_by_program_0095|2024-2025|kafue_2024_2025_performance.xlsx|Budget performance by Program|98|||1 Number of records surveys conducted|12|6|6|||https://www.kafuecouncil.gov.zm/?page_id=195|kafue 2024 2025 performance|2026-09-11
performance_record|performance_budget_performance_by_program_0096|2024-2025|kafue_2024_2025_performance.xlsx|Budget performance by Program|99||02 District records Preserved|||||||https://www.kafuecouncil.gov.zm/?page_id=195|kafue 2024 2025 performance|2026-09-11
performance_record|performance_budget_performance_by_program_0097|2024-2025|kafue_2024_2025_performance.xlsx|Budget performance by Program|100|||1 Proportion of records preserved annually|100|100|0|||https://www.kafuecouncil.gov.zm/?page_id=195|kafue 2024 2025 performance|2026-09-11
performance_record|performance_budget_performance_by_program_0098|2024-2025|kafue_2024_2025_performance.xlsx|Budget performance by Program|101||01 Women skilled and empowered|||||||https://www.kafuecouncil.gov.zm/?page_id=195|kafue 2024 2025 performance|2026-09-11
performance_record|performance_budget_performance_by_program_0099|2024-2025|kafue_2024_2025_performance.xlsx|Budget performance by Program|102|||1 Number of women skilled and empowered|20||20|||https://www.kafuecouncil.gov.zm/?page_id=195|kafue 2024 2025 performance|2026-09-11
performance_record|performance_budget_performance_by_program_0100|2024-2025|kafue_2024_2025_performance.xlsx|Budget performance by Program|103|Public Order and Safety||||||||https://www.kafuecouncil.gov.zm/?page_id=195|kafue 2024 2025 performance|2026-09-11
performance_record|performance_budget_performance_by_program_0101|2024-2025|kafue_2024_2025_performance.xlsx|Budget performance by Program|104||01 Public Order Maintained|||||||https://www.kafuecouncil.gov.zm/?page_id=195|kafue 2024 2025 performance|2026-09-11
performance_record|performance_budget_performance_by_program_0102|2024-2025|kafue_2024_2025_performance.xlsx|Budget performance by Program|105|||1 Proportion of Patrols Undertaken|100|100|0|||https://www.kafuecouncil.gov.zm/?page_id=195|kafue 2024 2025 performance|2026-09-11
performance_record|performance_budget_performance_by_program_0103|2024-2025|kafue_2024_2025_performance.xlsx|Budget performance by Program|106||01 Fire cases attended to|||||||https://www.kafuecouncil.gov.zm/?page_id=195|kafue 2024 2025 performance|2026-09-11
performance_record|performance_budget_performance_by_program_0104|2024-2025|kafue_2024_2025_performance.xlsx|Budget performance by Program|107|||1 Incident turnout time|1|1|0|||https://www.kafuecouncil.gov.zm/?page_id=195|kafue 2024 2025 performance|2026-09-11
performance_record|performance_budget_performance_by_program_0105|2024-2025|kafue_2024_2025_performance.xlsx|Budget performance by Program|108|Management and Support Services||||||||https://www.kafuecouncil.gov.zm/?page_id=195|kafue 2024 2025 performance|2026-09-11
performance_record|performance_budget_performance_by_program_0106|2024-2025|kafue_2024_2025_performance.xlsx|Budget performance by Program|109||01 Marriages Solomnized|||||||https://www.kafuecouncil.gov.zm/?page_id=195|kafue 2024 2025 performance|2026-09-11
performance_record|performance_budget_performance_by_program_0107|2024-2025|kafue_2024_2025_performance.xlsx|Budget performance by Program|110|||1 Proportion of Marriages Solomnized|100|100|0|||https://www.kafuecouncil.gov.zm/?page_id=195|kafue 2024 2025 performance|2026-09-11
performance_record|performance_budget_performance_by_program_0108|2024-2025|kafue_2024_2025_performance.xlsx|Budget performance by Program|111||02 Council Staff Trained|||||||https://www.kafuecouncil.gov.zm/?page_id=195|kafue 2024 2025 performance|2026-09-11
performance_record|performance_budget_performance_by_program_0109|2024-2025|kafue_2024_2025_performance.xlsx|Budget performance by Program|112|||1 Proportion of Council Staff Trained|100|100|0|||https://www.kafuecouncil.gov.zm/?page_id=195|kafue 2024 2025 performance|2026-09-11
performance_record|performance_budget_performance_by_program_0110|2024-2025|kafue_2024_2025_performance.xlsx|Budget performance by Program|113||03 Public Functions and Ceremonies commemorated|||||||https://www.kafuecouncil.gov.zm/?page_id=195|kafue 2024 2025 performance|2026-09-11
performance_record|performance_budget_performance_by_program_0111|2024-2025|kafue_2024_2025_performance.xlsx|Budget performance by Program|114|||1 Number of public functions commemorated|5|3|2|||https://www.kafuecouncil.gov.zm/?page_id=195|kafue 2024 2025 performance|2026-09-11
performance_record|performance_budget_performance_by_program_0112|2024-2025|kafue_2024_2025_performance.xlsx|Budget performance by Program|115||01 Procurement Plan prepared|||1||||https://www.kafuecouncil.gov.zm/?page_id=195|kafue 2024 2025 performance|2026-09-11
performance_record|performance_budget_performance_by_program_0113|2024-2025|kafue_2024_2025_performance.xlsx|Budget performance by Program|116|||1 Number of Procurement plan Prepared|1|1|0|||https://www.kafuecouncil.gov.zm/?page_id=195|kafue 2024 2025 performance|2026-09-11
performance_record|performance_budget_performance_by_program_0114|2024-2025|kafue_2024_2025_performance.xlsx|Budget performance by Program|117||01 Audit reports prepared|||||||https://www.kafuecouncil.gov.zm/?page_id=195|kafue 2024 2025 performance|2026-09-11
performance_record|performance_budget_performance_by_program_0115|2024-2025|kafue_2024_2025_performance.xlsx|Budget performance by Program|118|||1 Number of audit reports prepared|4|2|2|||https://www.kafuecouncil.gov.zm/?page_id=195|kafue 2024 2025 performance|2026-09-11
performance_record|performance_budget_performance_by_program_0116|2024-2025|kafue_2024_2025_performance.xlsx|Budget performance by Program|119||01 Annual Financial Statements Prepared|||1||||https://www.kafuecouncil.gov.zm/?page_id=195|kafue 2024 2025 performance|2026-09-11
performance_record|performance_budget_performance_by_program_0117|2024-2025|kafue_2024_2025_performance.xlsx|Budget performance by Program|120|||1 Number of Financial Statements Prepared|1|1|0|||https://www.kafuecouncil.gov.zm/?page_id=195|kafue 2024 2025 performance|2026-09-11
performance_record|performance_budget_performance_by_program_0118|2024-2025|kafue_2024_2025_performance.xlsx|Budget performance by Program|121||02 Debt liquidated||||0|||https://www.kafuecouncil.gov.zm/?page_id=195|kafue 2024 2025 performance|2026-09-11
performance_record|performance_budget_performance_by_program_0119|2024-2025|kafue_2024_2025_performance.xlsx|Budget performance by Program|122|||1 Proportion of debt liquidated|5|2|3|||https://www.kafuecouncil.gov.zm/?page_id=195|kafue 2024 2025 performance|2026-09-11
performance_record|performance_budget_performance_by_program_0120|2024-2025|kafue_2024_2025_performance.xlsx|Budget performance by Program|123||03 Quaterly financial reports prepared||||0|||https://www.kafuecouncil.gov.zm/?page_id=195|kafue 2024 2025 performance|2026-09-11
performance_record|performance_budget_performance_by_program_0121|2024-2025|kafue_2024_2025_performance.xlsx|Budget performance by Program|124|||1 Number of quaterly financial reports prepared|4|2|2|||https://www.kafuecouncil.gov.zm/?page_id=195|kafue 2024 2025 performance|2026-09-11
performance_record|performance_budget_performance_by_program_0122|2024-2025|kafue_2024_2025_performance.xlsx|Budget performance by Program|125||01 Court cases attended to||||0|||https://www.kafuecouncil.gov.zm/?page_id=195|kafue 2024 2025 performance|2026-09-11
performance_record|performance_budget_performance_by_program_0123|2024-2025|kafue_2024_2025_performance.xlsx|Budget performance by Program|126|||1 Proportion of Court cases attended to|100|100|0|||https://www.kafuecouncil.gov.zm/?page_id=195|kafue 2024 2025 performance|2026-09-11
performance_record|performance_budget_performance_by_program_0124|2024-2025|kafue_2024_2025_performance.xlsx|Budget performance by Program|127||02 Contract and Lease agreements prepared||||0|||https://www.kafuecouncil.gov.zm/?page_id=195|kafue 2024 2025 performance|2026-09-11
performance_record|performance_budget_performance_by_program_0125|2024-2025|kafue_2024_2025_performance.xlsx|Budget performance by Program|128|||1 Percentage of Contracts and Leases agreements prepared|100|100|0|||https://www.kafuecouncil.gov.zm/?page_id=195|kafue 2024 2025 performance|2026-09-11
performance_record|performance_budget_performance_by_program_0126|2024-2025|kafue_2024_2025_performance.xlsx|Budget performance by Program|129||01 Resources mobilised||||0|||https://www.kafuecouncil.gov.zm/?page_id=195|kafue 2024 2025 performance|2026-09-11
performance_record|performance_budget_performance_by_program_0127|2024-2025|kafue_2024_2025_performance.xlsx|Budget performance by Program|130|||1 Proportion of resources mobilised against budgeted|80|24|56|||https://www.kafuecouncil.gov.zm/?page_id=195|kafue 2024 2025 performance|2026-09-11
performance_record|performance_budget_performance_by_program_0128|2024-2025|kafue_2024_2025_performance.xlsx|Budget performance by Program|131||02 Supplementary Valuation Roll Approved||||0|||https://www.kafuecouncil.gov.zm/?page_id=195|kafue 2024 2025 performance|2026-09-11
performance_record|performance_budget_performance_by_program_0129|2024-2025|kafue_2024_2025_performance.xlsx|Budget performance by Program|132|||1 Number of Supplementary Valuation roll approved|1||1|||https://www.kafuecouncil.gov.zm/?page_id=195|kafue 2024 2025 performance|2026-09-11
performance_record|performance_budget_performance_by_program_0130|2024-2025|kafue_2024_2025_performance.xlsx|Budget performance by Program|133|District Health Servcies||||||||https://www.kafuecouncil.gov.zm/?page_id=195|kafue 2024 2025 performance|2026-09-11
performance_record|performance_budget_performance_by_program_0131|2024-2025|kafue_2024_2025_performance.xlsx|Budget performance by Program|134||01 Maternal and Child healthcare services provided|||||||https://www.kafuecouncil.gov.zm/?page_id=195|kafue 2024 2025 performance|2026-09-11
performance_record|performance_budget_performance_by_program_0132|2024-2025|kafue_2024_2025_performance.xlsx|Budget performance by Program|135|||1 Percentage of deliveries conducted by skilled Health Personnel|60|99|-39|||https://www.kafuecouncil.gov.zm/?page_id=195|kafue 2024 2025 performance|2026-09-11
performance_record|performance_budget_performance_by_program_0133|2024-2025|kafue_2024_2025_performance.xlsx|Budget performance by Program|136|||2 Proportion of Health Facilities with at least one staff trained in Emergency||||||https://www.kafuecouncil.gov.zm/?page_id=195|kafue 2024 2025 performance|2026-09-11
performance_record|performance_budget_performance_by_program_0134|2024-2025|kafue_2024_2025_performance.xlsx|Budget performance by Program|137|||Obstetric and Neonatal care (EmONC)|80|34|46|||https://www.kafuecouncil.gov.zm/?page_id=195|kafue 2024 2025 performance|2026-09-11
performance_record|performance_budget_performance_by_program_0135|2024-2025|kafue_2024_2025_performance.xlsx|Budget performance by Program|138||02 Immunization services provided against major infectious diseases|||||||https://www.kafuecouncil.gov.zm/?page_id=195|kafue 2024 2025 performance|2026-09-11
performance_record|performance_budget_performance_by_program_0136|2024-2025|kafue_2024_2025_performance.xlsx|Budget performance by Program|139|||1 Percentage of fully immunized children under one year|90|83|7|||https://www.kafuecouncil.gov.zm/?page_id=195|kafue 2024 2025 performance|2026-09-11
performance_record|performance_budget_performance_by_program_0137|2024-2025|kafue_2024_2025_performance.xlsx|Budget performance by Program|140||03 Treatment of common diseases and injuries services provided|||||||https://www.kafuecouncil.gov.zm/?page_id=195|kafue 2024 2025 performance|2026-09-11
performance_record|performance_budget_performance_by_program_0138|2024-2025|kafue_2024_2025_performance.xlsx|Budget performance by Program|141|||1 Anti Retroviral Therapy initiation rate|95|98|-3|||https://www.kafuecouncil.gov.zm/?page_id=195|kafue 2024 2025 performance|2026-09-11
performance_record|performance_budget_performance_by_program_0139|2024-2025|kafue_2024_2025_performance.xlsx|Budget performance by Program|142|||2 Malaria incidence rate per 1000 population|5|17|-12|||https://www.kafuecouncil.gov.zm/?page_id=195|kafue 2024 2025 performance|2026-09-11
performance_record|performance_budget_performance_by_program_0140|2024-2025|kafue_2024_2025_performance.xlsx|Budget performance by Program|143|||3 Percentage of health facilities with functional cold chain|100|100|0|||https://www.kafuecouncil.gov.zm/?page_id=195|kafue 2024 2025 performance|2026-09-11
performance_record|performance_budget_performance_by_program_0141|2024-2025|kafue_2024_2025_performance.xlsx|Budget performance by Program|144||04 Nutrition services provided|||||||https://www.kafuecouncil.gov.zm/?page_id=195|kafue 2024 2025 performance|2026-09-11
performance_record|performance_budget_performance_by_program_0142|2024-2025|kafue_2024_2025_performance.xlsx|Budget performance by Program|145|||1 Percentage of children supplemented with Micro Nutrients.|90|51|39|||https://www.kafuecouncil.gov.zm/?page_id=195|kafue 2024 2025 performance|2026-09-11
performance_record|performance_budget_performance_by_program_0143|2024-2025|kafue_2024_2025_performance.xlsx|Budget performance by Program|146|||2 Percentage of health facilities assessing children for stunting|100|100|0|||https://www.kafuecouncil.gov.zm/?page_id=195|kafue 2024 2025 performance|2026-09-11
performance_record|performance_budget_performance_by_program_0144|2024-2025|kafue_2024_2025_performance.xlsx|Budget performance by Program|147||05 Education, Community Health Disease prevention and control services provided|||||||https://www.kafuecouncil.gov.zm/?page_id=195|kafue 2024 2025 performance|2026-09-11
performance_record|performance_budget_performance_by_program_0145|2024-2025|kafue_2024_2025_performance.xlsx|Budget performance by Program|148|||1 Percentage of Health Facilities with 80% Community Based Volunteers trained in||||||https://www.kafuecouncil.gov.zm/?page_id=195|kafue 2024 2025 performance|2026-09-11
performance_record|performance_budget_performance_by_program_0146|2024-2025|kafue_2024_2025_performance.xlsx|Budget performance by Program|149|||Integrated Community Case Management|100|100|0|||https://www.kafuecouncil.gov.zm/?page_id=195|kafue 2024 2025 performance|2026-09-11
performance_record|performance_budget_performance_by_program_0147|2024-2025|kafue_2024_2025_performance.xlsx|Budget performance by Program|150|||2 Proportion of premise inspections for compliance conducted|80|88|-8|||https://www.kafuecouncil.gov.zm/?page_id=195|kafue 2024 2025 performance|2026-09-11
performance_record|performance_budget_performance_by_program_0148|2024-2025|kafue_2024_2025_performance.xlsx|Budget performance by Program|151||06 Essential Medicines services provided|||||||https://www.kafuecouncil.gov.zm/?page_id=195|kafue 2024 2025 performance|2026-09-11
performance_record|performance_budget_performance_by_program_0149|2024-2025|kafue_2024_2025_performance.xlsx|Budget performance by Program|152|||1 Percentage of Health facilities with atleast 80% fill rate during the period under|80||80|||https://www.kafuecouncil.gov.zm/?page_id=195|kafue 2024 2025 performance|2026-09-11
performance_record|performance_budget_performance_by_program_0150|2024-2025|kafue_2024_2025_performance.xlsx|Budget performance by Program|153|||review|100||100|||https://www.kafuecouncil.gov.zm/?page_id=195|kafue 2024 2025 performance|2026-09-11
performance_record|performance_budget_performance_by_program_0151|2024-2025|kafue_2024_2025_performance.xlsx|Budget performance by Program|154||07 Clean and safe water supply and basic sanitation services provided|||||||https://www.kafuecouncil.gov.zm/?page_id=195|kafue 2024 2025 performance|2026-09-11
performance_record|performance_budget_performance_by_program_0152|2024-2025|kafue_2024_2025_performance.xlsx|Budget performance by Program|155|||1 Percentage of Health facilities with adequate clean and safe water supply|100|100|0|||https://www.kafuecouncil.gov.zm/?page_id=195|kafue 2024 2025 performance|2026-09-11
performance_record|performance_budget_performance_by_program_0153|2024-2025|kafue_2024_2025_performance.xlsx|Budget performance by Program|156||08 Ambulance services Provided|||||||https://www.kafuecouncil.gov.zm/?page_id=195|kafue 2024 2025 performance|2026-09-11
performance_record|performance_budget_performance_by_program_0154|2024-2025|kafue_2024_2025_performance.xlsx|Budget performance by Program|157|||1 Percentage of functional Ambulances|100|67|33|||https://www.kafuecouncil.gov.zm/?page_id=195|kafue 2024 2025 performance|2026-09-11
performance_record|performance_budget_performance_by_program_0155|2024-2025|kafue_2024_2025_performance.xlsx|Budget performance by Program|158||01 District health Services coordinated|||||||https://www.kafuecouncil.gov.zm/?page_id=195|kafue 2024 2025 performance|2026-09-11
performance_record|performance_budget_performance_by_program_0156|2024-2025|kafue_2024_2025_performance.xlsx|Budget performance by Program|159|||1 Number of health facilities visited for Technical Support|27|27|0|||https://www.kafuecouncil.gov.zm/?page_id=195|kafue 2024 2025 performance|2026-09-11
performance_record|performance_budget_performance_by_program_0157|2024-2025|kafue_2024_2025_performance.xlsx|Budget performance by Program|160|||2 Number of health facilities visited for Performance Assessement quarterly|27|27|0|||https://www.kafuecouncil.gov.zm/?page_id=195|kafue 2024 2025 performance|2026-09-11
performance_record|performance_budget_performance_by_program_0158|2024-2025|kafue_2024_2025_performance.xlsx|Budget performance by Program|161||01Hospital services provided|1 Proportion of patient referals made within reccommded timeframe|50|50|0|||https://www.kafuecouncil.gov.zm/?page_id=195|kafue 2024 2025 performance|2026-09-11
performance_record|performance_budget_performance_by_program_0159|2024-2025|kafue_2024_2025_performance.xlsx|Budget performance by Program|162|Transport Services||||||||https://www.kafuecouncil.gov.zm/?page_id=195|kafue 2024 2025 performance|2026-09-11
performance_record|performance_budget_performance_by_program_0160|2024-2025|kafue_2024_2025_performance.xlsx|Budget performance by Program|163||01 Township roads Rehabilitated|||||||https://www.kafuecouncil.gov.zm/?page_id=195|kafue 2024 2025 performance|2026-09-11
performance_record|performance_budget_performance_by_program_0161|2024-2025|kafue_2024_2025_performance.xlsx|Budget performance by Program|164|||1 Kilometers of Township roads rehabilitated|6|6|6|||https://www.kafuecouncil.gov.zm/?page_id=195|kafue 2024 2025 performance|2026-09-11
performance_record|performance_budget_performance_by_program_0162|2024-2025|kafue_2024_2025_performance.xlsx|Budget performance by Program|165||02 Solar Street Lights Installed|||||||https://www.kafuecouncil.gov.zm/?page_id=195|kafue 2024 2025 performance|2026-09-11
performance_record|performance_budget_performance_by_program_0163|2024-2025|kafue_2024_2025_performance.xlsx|Budget performance by Program|166|||1 Number of Street Lights Installed|30||30|||https://www.kafuecouncil.gov.zm/?page_id=195|kafue 2024 2025 performance|2026-09-11
performance_record|performance_budget_performance_by_program_0164|2024-2025|kafue_2024_2025_performance.xlsx|Budget performance by Program|167||03 Drainages Rehabilitated|||||||https://www.kafuecouncil.gov.zm/?page_id=195|kafue 2024 2025 performance|2026-09-11
performance_record|performance_budget_performance_by_program_0165|2024-2025|kafue_2024_2025_performance.xlsx|Budget performance by Program|168|||1 Kilometers of drainages rehabilitated|5|5|5|||https://www.kafuecouncil.gov.zm/?page_id=195|kafue 2024 2025 performance|2026-09-11
performance_record|performance_budget_performance_by_program_0166|2024-2025|kafue_2024_2025_performance.xlsx|Budget performance by Program|169||01 Canals rehabilitated and maintained|||||||https://www.kafuecouncil.gov.zm/?page_id=195|kafue 2024 2025 performance|2026-09-11
performance_record|performance_budget_performance_by_program_0167|2024-2025|kafue_2024_2025_performance.xlsx|Budget performance by Program|170|||1 Kilometers of Canals rehabilitated and maintained|5||5|||https://www.kafuecouncil.gov.zm/?page_id=195|kafue 2024 2025 performance|2026-09-11
performance_record|performance_budget_performance_by_program_0168|2024-2025|kafue_2024_2025_performance.xlsx|Budget performance by Program|171||02 Dredgers serviced and maintained|||||||https://www.kafuecouncil.gov.zm/?page_id=195|kafue 2024 2025 performance|2026-09-11
performance_record|performance_budget_performance_by_program_0169|2024-2025|kafue_2024_2025_performance.xlsx|Budget performance by Program|172|||1 Number of Dredgers serviced and maintained|1|1|1|||https://www.kafuecouncil.gov.zm/?page_id=195|kafue 2024 2025 performance|2026-09-11
performance_record|performance_budget_performance_by_program_0170|2024-2025|kafue_2024_2025_performance.xlsx|Budget performance by Program|173|Agricultural Services||||||||https://www.kafuecouncil.gov.zm/?page_id=195|kafue 2024 2025 performance|2026-09-11
performance_record|performance_budget_performance_by_program_0171|2024-2025|kafue_2024_2025_performance.xlsx|Budget performance by Program|174||01 Crop Production promoted|||||||https://www.kafuecouncil.gov.zm/?page_id=195|kafue 2024 2025 performance|2026-09-11
performance_record|performance_budget_performance_by_program_0172|2024-2025|kafue_2024_2025_performance.xlsx|Budget performance by Program|175|||1 Number of small scale Farmers trained in smart agriculture technology|3500||3500|||https://www.kafuecouncil.gov.zm/?page_id=195|kafue 2024 2025 performance|2026-09-11
performance_record|performance_budget_performance_by_program_0173|2024-2025|kafue_2024_2025_performance.xlsx|Budget performance by Program|176|||2 Number of demo plots established and functionalised|20||20|||https://www.kafuecouncil.gov.zm/?page_id=195|kafue 2024 2025 performance|2026-09-11
performance_record|performance_budget_performance_by_program_0174|2024-2025|kafue_2024_2025_performance.xlsx|Budget performance by Program|177||02 Irrigation systems promoted|||||||https://www.kafuecouncil.gov.zm/?page_id=195|kafue 2024 2025 performance|2026-09-11
performance_record|performance_budget_performance_by_program_0175|2024-2025|kafue_2024_2025_performance.xlsx|Budget performance by Program|178|||1 Number of farmers trained in irrigation technologies|100||100|||https://www.kafuecouncil.gov.zm/?page_id=195|kafue 2024 2025 performance|2026-09-11
performance_record|performance_budget_performance_by_program_0176|2024-2025|kafue_2024_2025_performance.xlsx|Budget performance by Program|179||03 Use of farm power and mechanisation promoted|||||||https://www.kafuecouncil.gov.zm/?page_id=195|kafue 2024 2025 performance|2026-09-11
performance_record|performance_budget_performance_by_program_0177|2024-2025|kafue_2024_2025_performance.xlsx|Budget performance by Program|180|||1 Number of farmers trained in farm power and mechanisation|250||250|||https://www.kafuecouncil.gov.zm/?page_id=195|kafue 2024 2025 performance|2026-09-11
performance_record|performance_budget_performance_by_program_0178|2024-2025|kafue_2024_2025_performance.xlsx|Budget performance by Program|181||04 Good land husbandry and conservation practices promoted|||||||https://www.kafuecouncil.gov.zm/?page_id=195|kafue 2024 2025 performance|2026-09-11
performance_record|performance_budget_performance_by_program_0179|2024-2025|kafue_2024_2025_performance.xlsx|Budget performance by Program|182|||1 Number of farmers trained in good land husbandry and conservation practices|250||250|||https://www.kafuecouncil.gov.zm/?page_id=195|kafue 2024 2025 performance|2026-09-11
performance_record|performance_budget_performance_by_program_0180|2024-2025|kafue_2024_2025_performance.xlsx|Budget performance by Program|183||05 Agricultural news recorded and disseminated|||||||https://www.kafuecouncil.gov.zm/?page_id=195|kafue 2024 2025 performance|2026-09-11
performance_record|performance_budget_performance_by_program_0181|2024-2025|kafue_2024_2025_performance.xlsx|Budget performance by Program|184|||1 Number of agricultural news recorded and disseminated|8||8|||https://www.kafuecouncil.gov.zm/?page_id=195|kafue 2024 2025 performance|2026-09-11
performance_record|performance_budget_performance_by_program_0182|2024-2025|kafue_2024_2025_performance.xlsx|Budget performance by Program|185||01 Agricultural Enterprenurship skill Trainings Conducted|||||||https://www.kafuecouncil.gov.zm/?page_id=195|kafue 2024 2025 performance|2026-09-11
performance_record|performance_budget_performance_by_program_0183|2024-2025|kafue_2024_2025_performance.xlsx|Budget performance by Program|186|||1 Number of enterprenurship trainings conducted|12||12|||https://www.kafuecouncil.gov.zm/?page_id=195|kafue 2024 2025 performance|2026-09-11
performance_record|performance_budget_performance_by_program_0184|2024-2025|kafue_2024_2025_performance.xlsx|Budget performance by Program|187||02 Value addition of agriculture commodities and products promoted|||||||https://www.kafuecouncil.gov.zm/?page_id=195|kafue 2024 2025 performance|2026-09-11
performance_record|performance_budget_performance_by_program_0185|2024-2025|kafue_2024_2025_performance.xlsx|Budget performance by Program|188|||1 Number of marketing linkages established|2||2|||https://www.kafuecouncil.gov.zm/?page_id=195|kafue 2024 2025 performance|2026-09-11
performance_record|performance_budget_performance_by_program_0186|2024-2025|kafue_2024_2025_performance.xlsx|Budget performance by Program|189||03Market information on crop products and agricultural inputs collected|||||||https://www.kafuecouncil.gov.zm/?page_id=195|kafue 2024 2025 performance|2026-09-11
performance_record|performance_budget_performance_by_program_0187|2024-2025|kafue_2024_2025_performance.xlsx|Budget performance by Program|190|||1 Number of weekly market information reported|52||52|||https://www.kafuecouncil.gov.zm/?page_id=195|kafue 2024 2025 performance|2026-09-11
performance_record|performance_budget_performance_by_program_0188|2024-2025|kafue_2024_2025_performance.xlsx|Budget performance by Program|191||01Multi-sectoral collaboration in the agricultural programmes strenthened|||||||https://www.kafuecouncil.gov.zm/?page_id=195|kafue 2024 2025 performance|2026-09-11
performance_record|performance_budget_performance_by_program_0189|2024-2025|kafue_2024_2025_performance.xlsx|Budget performance by Program|192|||1 Number of collaborative meetings conducted|12||12|||https://www.kafuecouncil.gov.zm/?page_id=195|kafue 2024 2025 performance|2026-09-11
performance_record|performance_budget_performance_by_program_0190|2024-2025|kafue_2024_2025_performance.xlsx|Budget performance by Program|193||01Monthly marketing bulletings produced|||||||https://www.kafuecouncil.gov.zm/?page_id=195|kafue 2024 2025 performance|2026-09-11
performance_record|performance_budget_performance_by_program_0191|2024-2025|kafue_2024_2025_performance.xlsx|Budget performance by Program|194|||1 Number of Monthly bulleting produced|12||12|||https://www.kafuecouncil.gov.zm/?page_id=195|kafue 2024 2025 performance|2026-09-11
performance_record|performance_budget_performance_by_program_0192|2024-2025|kafue_2024_2025_performance.xlsx|Budget performance by Program|195||02 Entrepreneurs trained|||||||https://www.kafuecouncil.gov.zm/?page_id=195|kafue 2024 2025 performance|2026-09-11
performance_record|performance_budget_performance_by_program_0193|2024-2025|kafue_2024_2025_performance.xlsx|Budget performance by Program|196|||1 Number of Entrepreneurs Trained|400||400|||https://www.kafuecouncil.gov.zm/?page_id=195|kafue 2024 2025 performance|2026-09-11
performance_record|performance_budget_performance_by_program_0194|2024-2025|kafue_2024_2025_performance.xlsx|Budget performance by Program|197|Fisheries and Livestock||||||||https://www.kafuecouncil.gov.zm/?page_id=195|kafue 2024 2025 performance|2026-09-11
performance_record|performance_budget_performance_by_program_0195|2024-2025|kafue_2024_2025_performance.xlsx|Budget performance by Program|198||01 Animal disease alert responded to timely|||||||https://www.kafuecouncil.gov.zm/?page_id=195|kafue 2024 2025 performance|2026-09-11
performance_record|performance_budget_performance_by_program_0196|2024-2025|kafue_2024_2025_performance.xlsx|Budget performance by Program|199|||1 Proportion of animal disease alerts responded to timely|80|32|80|||https://www.kafuecouncil.gov.zm/?page_id=195|kafue 2024 2025 performance|2026-09-11
performance_record|performance_budget_performance_by_program_0197|2024-2025|kafue_2024_2025_performance.xlsx|Budget performance by Program|200||02 Animal disease surveillance activity facilitated|||||||https://www.kafuecouncil.gov.zm/?page_id=195|kafue 2024 2025 performance|2026-09-11
performance_record|performance_budget_performance_by_program_0198|2024-2025|kafue_2024_2025_performance.xlsx|Budget performance by Program|201|||1 Number of animal disease surveillance facilitated|250|150|250|||https://www.kafuecouncil.gov.zm/?page_id=195|kafue 2024 2025 performance|2026-09-11
performance_record|performance_budget_performance_by_program_0199|2024-2025|kafue_2024_2025_performance.xlsx|Budget performance by Program|202||03 Veterinary extension and advisory service provided|||||||https://www.kafuecouncil.gov.zm/?page_id=195|kafue 2024 2025 performance|2026-09-11
performance_record|performance_budget_performance_by_program_0200|2024-2025|kafue_2024_2025_performance.xlsx|Budget performance by Program|203|||1 Number of farmers trained in disease control|400|700|400|||https://www.kafuecouncil.gov.zm/?page_id=195|kafue 2024 2025 performance|2026-09-11
performance_record|performance_budget_performance_by_program_0201|2024-2025|kafue_2024_2025_performance.xlsx|Budget performance by Program|204||01 Patrols and surveillance conducted|||||||https://www.kafuecouncil.gov.zm/?page_id=195|kafue 2024 2025 performance|2026-09-11
performance_record|performance_budget_performance_by_program_0202|2024-2025|kafue_2024_2025_performance.xlsx|Budget performance by Program|205|||1 Number of water patrols conducted|8|4|-10|||https://www.kafuecouncil.gov.zm/?page_id=195|kafue 2024 2025 performance|2026-09-11
performance_record|performance_budget_performance_by_program_0203|2024-2025|kafue_2024_2025_performance.xlsx|Budget performance by Program|206|||2 Proportion of fishers licenced|80|18|80|||https://www.kafuecouncil.gov.zm/?page_id=195|kafue 2024 2025 performance|2026-09-11
performance_record|performance_budget_performance_by_program_0204|2024-2025|kafue_2024_2025_performance.xlsx|Budget performance by Program|207||02 Aquaculture extension services provided|||||||https://www.kafuecouncil.gov.zm/?page_id=195|kafue 2024 2025 performance|2026-09-11
performance_record|performance_budget_performance_by_program_0205|2024-2025|kafue_2024_2025_performance.xlsx|Budget performance by Program|208|||1 Number of fish farmers receiving extension servicing|50|45|35|||https://www.kafuecouncil.gov.zm/?page_id=195|kafue 2024 2025 performance|2026-09-11
performance_record|performance_budget_performance_by_program_0206|2024-2025|kafue_2024_2025_performance.xlsx|Budget performance by Program|209|||2 Number of farmers trained in Best Management Practices in Aquaculture|160|15|160|||https://www.kafuecouncil.gov.zm/?page_id=195|kafue 2024 2025 performance|2026-09-11
performance_record|performance_budget_performance_by_program_0207|2024-2025|kafue_2024_2025_performance.xlsx|Budget performance by Program|210||03 Fish ban enforced|||||||https://www.kafuecouncil.gov.zm/?page_id=195|kafue 2024 2025 performance|2026-09-11
performance_record|performance_budget_performance_by_program_0208|2024-2025|kafue_2024_2025_performance.xlsx|Budget performance by Program|211|||1 Number of land and water patrols conducted|12|9|12|||https://www.kafuecouncil.gov.zm/?page_id=195|kafue 2024 2025 performance|2026-09-11
performance_record|performance_budget_performance_by_program_0209|2024-2025|kafue_2024_2025_performance.xlsx|Budget performance by Program|212||01 Livestock Extention services provided|||||||https://www.kafuecouncil.gov.zm/?page_id=195|kafue 2024 2025 performance|2026-09-11
performance_record|performance_budget_performance_by_program_0210|2024-2025|kafue_2024_2025_performance.xlsx|Budget performance by Program|213|||1 Number of Livestock Farmers receiving Extension Services|64|600|64|||https://www.kafuecouncil.gov.zm/?page_id=195|kafue 2024 2025 performance|2026-09-11
performance_record|performance_budget_performance_by_program_0211|2024-2025|kafue_2024_2025_performance.xlsx|Budget performance by Program|214||02 Livestock Trainings and Demos conducted|||||||https://www.kafuecouncil.gov.zm/?page_id=195|kafue 2024 2025 performance|2026-09-11
performance_record|performance_budget_performance_by_program_0212|2024-2025|kafue_2024_2025_performance.xlsx|Budget performance by Program|215|||1 Number of Livestock field days Conducted|160|0|140|||https://www.kafuecouncil.gov.zm/?page_id=195|kafue 2024 2025 performance|2026-09-11
performance_record|performance_budget_performance_by_program_0213|2024-2025|kafue_2024_2025_performance.xlsx|Budget performance by Program|216|||2 Number of forege Demos Conducted|40|20|18|||https://www.kafuecouncil.gov.zm/?page_id=195|kafue 2024 2025 performance|2026-09-11
performance_record|performance_budget_performance_by_program_0214|2024-2025|kafue_2024_2025_performance.xlsx|Budget performance by Program|217|||3 Number of Livestock Farmer Trainings Conducted|40|22|40|||https://www.kafuecouncil.gov.zm/?page_id=195|kafue 2024 2025 performance|2026-09-11
performance_record|performance_budget_performance_by_program_0215|2024-2025|kafue_2024_2025_performance.xlsx|Budget performance by Program|218||03 Climate Smart Livestock Technologies Practices Implemented|||||||https://www.kafuecouncil.gov.zm/?page_id=195|kafue 2024 2025 performance|2026-09-11
performance_record|performance_budget_performance_by_program_0216|2024-2025|kafue_2024_2025_performance.xlsx|Budget performance by Program|219|||1 Number of Livestock Farmers trained in Azolla production|50|499|-449|||https://www.kafuecouncil.gov.zm/?page_id=195|kafue 2024 2025 performance|2026-09-11
performance_record|performance_budget_performance_by_program_0217|2024-2025|kafue_2024_2025_performance.xlsx|Budget performance by Program|220|||2 Number of Livestock Farmers trained in Hydroponics fodder production|50|499|-449|||https://www.kafuecouncil.gov.zm/?page_id=195|kafue 2024 2025 performance|2026-09-11
performance_record|performance_budget_performance_by_program_0218|2024-2025|kafue_2024_2025_performance.xlsx|Budget performance by Program|221|||3 Number of Livestock farmers trained in feed formulation|50|499|50|||https://www.kafuecouncil.gov.zm/?page_id=195|kafue 2024 2025 performance|2026-09-11
performance_record|performance_budget_performance_by_program_0219|2024-2025|kafue_2024_2025_performance.xlsx|Budget performance by Program|222||04 Value addition conducted|||||||https://www.kafuecouncil.gov.zm/?page_id=195|kafue 2024 2025 performance|2026-09-11
performance_record|performance_budget_performance_by_program_0220|2024-2025|kafue_2024_2025_performance.xlsx|Budget performance by Program|223|||1 Number of farmers trained in Livestock value addition and product development|50|11|50|||https://www.kafuecouncil.gov.zm/?page_id=195|kafue 2024 2025 performance|2026-09-11
performance_record|performance_budget_performance_by_program_0221|2024-2025|kafue_2024_2025_performance.xlsx|Budget performance by Program|224||01Monitoring, backstopping and supervision undertaken|||||||https://www.kafuecouncil.gov.zm/?page_id=195|kafue 2024 2025 performance|2026-09-11
performance_record|performance_budget_performance_by_program_0222|2024-2025|kafue_2024_2025_performance.xlsx|Budget performance by Program|225|||1 Number of Monitoring and backstopping undertaken|12|6|6|||https://www.kafuecouncil.gov.zm/?page_id=195|kafue 2024 2025 performance|2026-09-11
performance_record|performance_budget_performance_by_program_0223|2024-2025|kafue_2024_2025_performance.xlsx|Budget performance by Program|226|||2 Number of meeting held|12|6|12|||https://www.kafuecouncil.gov.zm/?page_id=195|kafue 2024 2025 performance|2026-09-11
performance_record|performance_budget_performance_by_program_0224|2024-2025|kafue_2024_2025_performance.xlsx|Budget performance by Program|227||02 Agriculture and Commerical shows held|||||||https://www.kafuecouncil.gov.zm/?page_id=195|kafue 2024 2025 performance|2026-09-11
performance_record|performance_budget_performance_by_program_0225|2024-2025|kafue_2024_2025_performance.xlsx|Budget performance by Program|228|||1 Number of shows held|2|2|0|||https://www.kafuecouncil.gov.zm/?page_id=195|kafue 2024 2025 performance|2026-09-11
performance_record|performance_budget_performance_by_program_0226|2024-2025|kafue_2024_2025_performance.xlsx|Budget performance by Program|229|Social Protection and Community Development||||||||https://www.kafuecouncil.gov.zm/?page_id=195|kafue 2024 2025 performance|2026-09-11
performance_record|performance_budget_performance_by_program_0227|2024-2025|kafue_2024_2025_performance.xlsx|Budget performance by Program|230||01 Incapacited households assisted|||||||https://www.kafuecouncil.gov.zm/?page_id=195|kafue 2024 2025 performance|2026-09-11
performance_record|performance_budget_performance_by_program_0228|2024-2025|kafue_2024_2025_performance.xlsx|Budget performance by Program|231|||1 Proportion of incapacitated households and individuals assisted with in-kind support|100||100|||https://www.kafuecouncil.gov.zm/?page_id=195|kafue 2024 2025 performance|2026-09-11
performance_record|performance_budget_performance_by_program_0229|2024-2025|kafue_2024_2025_performance.xlsx|Budget performance by Program|232|||2 Proportion of vulnerable students assessed and recommended for bursaries|100||100|||https://www.kafuecouncil.gov.zm/?page_id=195|kafue 2024 2025 performance|2026-09-11
performance_record|performance_budget_performance_by_program_0230|2024-2025|kafue_2024_2025_performance.xlsx|Budget performance by Program|233|||3 Proportion of stranded persons provided with transit shelter|100||100|||https://www.kafuecouncil.gov.zm/?page_id=195|kafue 2024 2025 performance|2026-09-11
performance_record|performance_budget_performance_by_program_0231|2024-2025|kafue_2024_2025_performance.xlsx|Budget performance by Program|234|||4 Proportion of families receiving counselling services|100||100|||https://www.kafuecouncil.gov.zm/?page_id=195|kafue 2024 2025 performance|2026-09-11
performance_record|performance_budget_performance_by_program_0232|2024-2025|kafue_2024_2025_performance.xlsx|Budget performance by Program|235||02 Old people supported|||||||https://www.kafuecouncil.gov.zm/?page_id=195|kafue 2024 2025 performance|2026-09-11
performance_record|performance_budget_performance_by_program_0233|2024-2025|kafue_2024_2025_performance.xlsx|Budget performance by Program|236|||1 Proportion of old people provided with shelter|100||100|||https://www.kafuecouncil.gov.zm/?page_id=195|kafue 2024 2025 performance|2026-09-11
performance_record|performance_budget_performance_by_program_0234|2024-2025|kafue_2024_2025_performance.xlsx|Budget performance by Program|237||03 Welfare services provided|||||||https://www.kafuecouncil.gov.zm/?page_id=195|kafue 2024 2025 performance|2026-09-11
performance_record|performance_budget_performance_by_program_0235|2024-2025|kafue_2024_2025_performance.xlsx|Budget performance by Program|238|||1 Proportion of GBV survivors supported|100||100|||https://www.kafuecouncil.gov.zm/?page_id=195|kafue 2024 2025 performance|2026-09-11
performance_record|performance_budget_performance_by_program_0236|2024-2025|kafue_2024_2025_performance.xlsx|Budget performance by Program|239|||2 Proportion of human trafficking victims suported|100||100|||https://www.kafuecouncil.gov.zm/?page_id=195|kafue 2024 2025 performance|2026-09-11
performance_record|performance_budget_performance_by_program_0237|2024-2025|kafue_2024_2025_performance.xlsx|Budget performance by Program|240||04 Cash for Work initiative Implemented|||||||https://www.kafuecouncil.gov.zm/?page_id=195|kafue 2024 2025 performance|2026-09-11
performance_record|performance_budget_performance_by_program_0238|2024-2025|kafue_2024_2025_performance.xlsx|Budget performance by Program|241|||1 Number of beneficiaries receiving Cash for Work|32832||32832|||https://www.kafuecouncil.gov.zm/?page_id=195|kafue 2024 2025 performance|2026-09-11
performance_record|performance_budget_performance_by_program_0239|2024-2025|kafue_2024_2025_performance.xlsx|Budget performance by Program|242|||2 Proportion of Cash for Work funds disbursed|100||100|||https://www.kafuecouncil.gov.zm/?page_id=195|kafue 2024 2025 performance|2026-09-11
performance_record|performance_budget_performance_by_program_0240|2024-2025|kafue_2024_2025_performance.xlsx|Budget performance by Program|243||01 Adult literacy among the poor and vulnerable imparted|||||||https://www.kafuecouncil.gov.zm/?page_id=195|kafue 2024 2025 performance|2026-09-11
performance_record|performance_budget_performance_by_program_0241|2024-2025|kafue_2024_2025_performance.xlsx|Budget performance by Program|244|||1 Number of awareness and sensitisation meetings held|18|||||https://www.kafuecouncil.gov.zm/?page_id=195|kafue 2024 2025 performance|2026-09-11
performance_record|performance_budget_performance_by_program_0242|2024-2025|kafue_2024_2025_performance.xlsx|Budget performance by Program|245|||2 Number of Officers trained in Functional Literacy|9||9|||https://www.kafuecouncil.gov.zm/?page_id=195|kafue 2024 2025 performance|2026-09-11
