record_type|record_id|source_year|source_file|source_sheet|row_number|category|entity_name|description|province|district|constituency|ward|zone|sector|project_site|status|amount_requested|amount_recommended|amount_approved|amount_disbursed|annual_fees|termly_fees|date_approved|date_disbursed|source_url|source_name|retrieved_at
cdf_summary|2022_kafue_2022_cdf_submission_secondary_boarding_schools_summary|2022|kafue_2022_cdf_submission.xlsx|Secondary Boarding Schools||secondary_bursary_summary||74 source rows retained as a non-identifying count; individual beneficiary fields excluded.||Kafue|Kafue||||||||||||||https://www.kafuecouncil.gov.zm/?page_id=195|kafue 2022 cdf submission|2026-09-11
cdf_summary|2022_kafue_2022_cdf_submission_skills_development_summary|2022|kafue_2022_cdf_submission.xlsx|Skills Development||skills_development_summary||372 source rows retained as a non-identifying count; individual beneficiary fields excluded.||Kafue|Kafue||||||||||||||https://www.kafuecouncil.gov.zm/?page_id=195|kafue 2022 cdf submission|2026-09-11
cdf_summary|2023_kafue_2023_cdf_submission_secondary_boarding_schools_summary|2023|kafue_2023_cdf_submission.xlsx|Secondary Boarding Schools||secondary_bursary_summary||54 source rows retained as a non-identifying count; individual beneficiary fields excluded.||Kafue|Kafue||||||||||||||https://www.kafuecouncil.gov.zm/?page_id=195|kafue 2023 cdf submission|2026-09-11
cdf_summary|2023_kafue_2023_cdf_submission_skills_development_summary|2023|kafue_2023_cdf_submission.xlsx|Skills Development||skills_development_summary||503 source rows retained as a non-identifying count; individual beneficiary fields excluded.||Kafue|Kafue||||||||||||||https://www.kafuecouncil.gov.zm/?page_id=195|kafue 2023 cdf submission|2026-09-11
cdf_summary|2024_kafue_2024_cdf_submission_secondary_boarding_schools_summary|2024|kafue_2024_cdf_submission.xlsx|Secondary Boarding Schools||secondary_bursary_summary||106 source rows retained as a non-identifying count; individual beneficiary fields excluded.||Kafue|Kafue||||||||||||||https://www.kafuecouncil.gov.zm/?page_id=195|kafue 2024 cdf submission|2026-09-11
cdf_summary|2024_kafue_2024_cdf_submission_skills_development_summary|2024|kafue_2024_cdf_submission.xlsx|Skills Development||skills_development_summary||409 source rows retained as a non-identifying count; individual beneficiary fields excluded.||Kafue|Kafue||||||||||||||https://www.kafuecouncil.gov.zm/?page_id=195|kafue 2024 cdf submission|2026-09-11
cdf_summary|2024_kafue_2024_community_projects_secondary_boarding_schools_summary|2024|kafue_2024_community_projects.xlsx|Secondary Boarding Schools||secondary_bursary_summary||113 source rows retained as a non-identifying count; individual beneficiary fields excluded.||Kafue|Kafue||||||||||||||https://www.kafuecouncil.gov.zm/?page_id=195|kafue 2024 community projects|2026-09-11
cdf_record|2022_kafue_2022_cdf_submission_empowerment_grants_0002|2022|kafue_2022_cdf_submission.xlsx|Empowerment Grants|8|empowerment_grant|ESTATES VILLE- MULTI-PURPOSE|VILLAGE BANKING|Lusaka|Kafue|Kafue|KASENJE|MUSAMBAZI|SAVINGS AND CREDIT FACILITY|||10000|10000|10000||||2022-09-15 00:00:00|0|https://www.kafuecouncil.gov.zm/?page_id=195|kafue 2022 cdf submission|2026-09-11
cdf_record|2022_kafue_2022_cdf_submission_empowerment_grants_0003|2022|kafue_2022_cdf_submission.xlsx|Empowerment Grants|9|empowerment_grant|NABOYE GENDER|VILLAGE BANKING|Lusaka|Kafue|Kafue|KASENJE|NAMOYE|SAVINGS AND CREDIT FACILITY|||10000|10000|10000||||2022-09-15 00:00:00|0|https://www.kafuecouncil.gov.zm/?page_id=195|kafue 2022 cdf submission|2026-09-11
cdf_record|2022_kafue_2022_cdf_submission_empowerment_grants_0004|2022|kafue_2022_cdf_submission.xlsx|Empowerment Grants|10|empowerment_grant|SANSAMUKENI WOMEN'S CLUB|VILLAGE BANKING|Lusaka|Kafue|Kafue|KASENJE|NABOYE|SAVINGS AND CREDIT FACILITY|||10000|10000|10000||||2022-09-15 00:00:00|0|https://www.kafuecouncil.gov.zm/?page_id=195|kafue 2022 cdf submission|2026-09-11
cdf_record|2022_kafue_2022_cdf_submission_empowerment_grants_0005|2022|kafue_2022_cdf_submission.xlsx|Empowerment Grants|11|empowerment_grant|MTHUNZI GREY|POULTRY FARMING|Lusaka|Kafue|Kafue|KASENJE|HOLY SAVIOR|AGRICULTURE|||10000|10000|10000||||2022-09-15 00:00:00|0|https://www.kafuecouncil.gov.zm/?page_id=195|kafue 2022 cdf submission|2026-09-11
cdf_record|2022_kafue_2022_cdf_submission_empowerment_grants_0006|2022|kafue_2022_cdf_submission.xlsx|Empowerment Grants|12|empowerment_grant|LUBUTO GENDER WOMEN,S CLUB|VILLAGE BANKING|Lusaka|Kafue|Kafue|KASENJE|Naboya|SAVINGS AND CREDIT FACILITY|||10000|10000|10000||||2022-09-15 00:00:00|0|https://www.kafuecouncil.gov.zm/?page_id=195|kafue 2022 cdf submission|2026-09-11
cdf_record|2022_kafue_2022_cdf_submission_empowerment_grants_0007|2022|kafue_2022_cdf_submission.xlsx|Empowerment Grants|13|empowerment_grant|BUYANTASHI WOMEN,S CLUB|CHICKEN REARING|Lusaka|Kafue|Kafue|KASENJE|ZONE 12|AGRICULTURE|||10000|10000|10000||||2022-09-15 00:00:00|0|https://www.kafuecouncil.gov.zm/?page_id=195|kafue 2022 cdf submission|2026-09-11
cdf_record|2022_kafue_2022_cdf_submission_empowerment_grants_0008|2022|kafue_2022_cdf_submission.xlsx|Empowerment Grants|14|empowerment_grant|KABIC MULTI- PURPOSE|CHICKEN REARING|Lusaka|Kafue|Kafue|KASENJE|NABOYE|AGRICULTURE|||10000|10000|10000||||2022-09-15 00:00:00|0|https://www.kafuecouncil.gov.zm/?page_id=195|kafue 2022 cdf submission|2026-09-11
cdf_record|2022_kafue_2022_cdf_submission_empowerment_grants_0009|2022|kafue_2022_cdf_submission.xlsx|Empowerment Grants|15|empowerment_grant|KANS- ARTS CLUB MULTI-PURPOSE|ENTERTAINMENT AND CULTURAL|Lusaka|Kafue|Kafue|KASENJE|MUZAMBAZI 2|ENTERTAINMENT|||20000|20000|20000||||2022-09-15 00:00:00|0|https://www.kafuecouncil.gov.zm/?page_id=195|kafue 2022 cdf submission|2026-09-11
cdf_record|2022_kafue_2022_cdf_submission_empowerment_grants_0010|2022|kafue_2022_cdf_submission.xlsx|Empowerment Grants|16|empowerment_grant|CHIRIBE WOMEN’S CLUB|CHICKEN REARING|Lusaka|Kafue|Kafue|KASENJE|COMMUNITY 5|AGRICULTURE|||10000|10000|10000||||2022-09-15 00:00:00|0|https://www.kafuecouncil.gov.zm/?page_id=195|kafue 2022 cdf submission|2026-09-11
cdf_record|2022_kafue_2022_cdf_submission_empowerment_grants_0011|2022|kafue_2022_cdf_submission.xlsx|Empowerment Grants|17|empowerment_grant|GOLDEN BRIDGE MULTI-PURPOSE|FISH FARMING|Lusaka|Kafue|Kafue|KAFUE|MUCHUTO|AGRICULTURE|||30000|30000|30000||||2022-09-15 00:00:00|0|https://www.kafuecouncil.gov.zm/?page_id=195|kafue 2022 cdf submission|2026-09-11
cdf_record|2022_kafue_2022_cdf_submission_empowerment_grants_0012|2022|kafue_2022_cdf_submission.xlsx|Empowerment Grants|18|empowerment_grant|NOT IN VAIN COORPERATIVE|POULTRY FARMING|Lusaka|Kafue|Kafue|KAFUE|KASEBA|AGRICULTURE|||10000|10000|10000||||2022-09-15 00:00:00|0|https://www.kafuecouncil.gov.zm/?page_id=195|kafue 2022 cdf submission|2026-09-11
cdf_record|2022_kafue_2022_cdf_submission_empowerment_grants_0013|2022|kafue_2022_cdf_submission.xlsx|Empowerment Grants|19|empowerment_grant|MWAZILINDA MULTI-PURPOSE COORPERATIVE|VALUE ADDITIONAL TO MEAT PRODUCTION|Lusaka|Kafue|Kafue|KAFUE|ZONE 1|SMALL AND MEDIUM ENTERPRISE|||40000|40000|40000||||2022-09-15 00:00:00|0|https://www.kafuecouncil.gov.zm/?page_id=195|kafue 2022 cdf submission|2026-09-11
cdf_record|2022_kafue_2022_cdf_submission_empowerment_grants_0014|2022|kafue_2022_cdf_submission.xlsx|Empowerment Grants|20|empowerment_grant|MASHELENI WOMEN’S CLUB|POULTRY PRODUCTION|Lusaka|Kafue|Kafue|KAFUE|ZONE 1|AGRICULTURE|||10000|10000|10000||||2022-09-15 00:00:00|0|https://www.kafuecouncil.gov.zm/?page_id=195|kafue 2022 cdf submission|2026-09-11
cdf_record|2022_kafue_2022_cdf_submission_empowerment_grants_0015|2022|kafue_2022_cdf_submission.xlsx|Empowerment Grants|21|empowerment_grant|PROGRESS YOUTH CLUB|POULTRY PRODUCTION|Lusaka|Kafue|Kafue|KAFUE|ZONE 2|AGRICULTURE|||10000|10000|10000||||2022-09-15 00:00:00|0|https://www.kafuecouncil.gov.zm/?page_id=195|kafue 2022 cdf submission|2026-09-11
cdf_record|2022_kafue_2022_cdf_submission_empowerment_grants_0016|2022|kafue_2022_cdf_submission.xlsx|Empowerment Grants|22|empowerment_grant|TRUE VINE WOMEN,S CLUB|CHICKEN REARING|Lusaka|Kafue|Kafue|KAFUE|ZONE 9|AGRICULTURE|||10000|10000|10000||||2022-09-15 00:00:00|0|https://www.kafuecouncil.gov.zm/?page_id=195|kafue 2022 cdf submission|2026-09-11
cdf_record|2022_kafue_2022_cdf_submission_empowerment_grants_0017|2022|kafue_2022_cdf_submission.xlsx|Empowerment Grants|23|empowerment_grant|KAFUE NEW START MULTI-PURPOSE COOPERATIVE|POULTRY FARMING|Lusaka|Kafue|Kafue|KAFUE|CHAWAMA|AGRICULTURE|||10000|10000|10000||||2022-09-15 00:00:00|0|https://www.kafuecouncil.gov.zm/?page_id=195|kafue 2022 cdf submission|2026-09-11
cdf_record|2022_kafue_2022_cdf_submission_empowerment_grants_0018|2022|kafue_2022_cdf_submission.xlsx|Empowerment Grants|24|empowerment_grant|TULUMBE WOMEN,S CLUB|POULTRYFARMING|Lusaka|Kafue|Kafue|KABWEZA|KASAMU ZONE 1|AGRICULTURE|||10000|10000|10000||||2022-09-15 00:00:00|0|https://www.kafuecouncil.gov.zm/?page_id=195|kafue 2022 cdf submission|2026-09-11
cdf_record|2022_kafue_2022_cdf_submission_empowerment_grants_0019|2022|kafue_2022_cdf_submission.xlsx|Empowerment Grants|25|empowerment_grant|LISWALANE MULTI-PURPOSE CLUB|POULTRY FARMING|Lusaka|Kafue|Kafue|KABWEZA|kabweza|AGRICULTURE|||10000|10000|10000||||2022-09-15 00:00:00|0|https://www.kafuecouncil.gov.zm/?page_id=195|kafue 2022 cdf submission|2026-09-11
cdf_record|2022_kafue_2022_cdf_submission_empowerment_grants_0020|2022|kafue_2022_cdf_submission.xlsx|Empowerment Grants|26|empowerment_grant|SUNTWE MULTI-PURPOSE|POULTRY PROJECTS|Lusaka|Kafue|Kafue|KABWEZA|KASAMU ZONE 1|AGRICULTURE|||10000|10000|10000||||2022-09-15 00:00:00|0|https://www.kafuecouncil.gov.zm/?page_id=195|kafue 2022 cdf submission|2026-09-11
cdf_record|2022_kafue_2022_cdf_submission_empowerment_grants_0021|2022|kafue_2022_cdf_submission.xlsx|Empowerment Grants|27|empowerment_grant|TUBONE WOMEN’S CLUB|POULTRY PROJECT|Lusaka|Kafue|Kafue|KABWEZA|KASAMU ZONE 1|AGRICULTURE|||10000|10000|10000||||2022-09-15 00:00:00|0|https://www.kafuecouncil.gov.zm/?page_id=195|kafue 2022 cdf submission|2026-09-11
cdf_record|2022_kafue_2022_cdf_submission_empowerment_grants_0022|2022|kafue_2022_cdf_submission.xlsx|Empowerment Grants|28|empowerment_grant|COHESION FOR DEVELOPMENT CLUB|POULTRY PROJECTS|Lusaka|Kafue|Kafue|KABWEZA|ZONE 3|AGRICULTURE|||10000|10000|10000||||2022-09-15 00:00:00|0|https://www.kafuecouncil.gov.zm/?page_id=195|kafue 2022 cdf submission|2026-09-11
cdf_record|2022_kafue_2022_cdf_submission_empowerment_grants_0023|2022|kafue_2022_cdf_submission.xlsx|Empowerment Grants|29|empowerment_grant|HOPE YOUTH ORGANIZATION CLUB|POULTRY PROJECTS|Lusaka|Kafue|Kafue|KABWEZA|ZONE 1|AGRICULTURE|||10000|10000|10000||||2022-09-15 00:00:00|0|https://www.kafuecouncil.gov.zm/?page_id=195|kafue 2022 cdf submission|2026-09-11
cdf_record|2022_kafue_2022_cdf_submission_empowerment_grants_0024|2022|kafue_2022_cdf_submission.xlsx|Empowerment Grants|30|empowerment_grant|RUBATANO WOMEN’S CLUB|POULTRY PROJECTS|Lusaka|Kafue|Kafue|KABWEZA|ZONE 2|AGRICULTURE|||10000|10000|10000||||2022-09-15 00:00:00|0|https://www.kafuecouncil.gov.zm/?page_id=195|kafue 2022 cdf submission|2026-09-11
cdf_record|2022_kafue_2022_cdf_submission_empowerment_grants_0025|2022|kafue_2022_cdf_submission.xlsx|Empowerment Grants|31|empowerment_grant|CHENAMO WOMEN’S CLUB|GOAT REARING|Lusaka|Kafue|Kafue|KAMBALE|MUFURUTSA|AGRICULTURE|||15000|15000|15000||||2022-09-15 00:00:00|0|https://www.kafuecouncil.gov.zm/?page_id=195|kafue 2022 cdf submission|2026-09-11
cdf_record|2022_kafue_2022_cdf_submission_empowerment_grants_0026|2022|kafue_2022_cdf_submission.xlsx|Empowerment Grants|32|empowerment_grant|FILILAYI WOMEN’S CLUB|GOAT REARING|Lusaka|Kafue|Kafue|KAMBALE|GOTA-GOTA|AGRICULTURE|||15000|15000|15000||||2022-09-15 00:00:00|0|https://www.kafuecouncil.gov.zm/?page_id=195|kafue 2022 cdf submission|2026-09-11
cdf_record|2022_kafue_2022_cdf_submission_empowerment_grants_0027|2022|kafue_2022_cdf_submission.xlsx|Empowerment Grants|33|empowerment_grant|SARUDZAI WOMEN’S CLUB|GOAT REARING|Lusaka|Kafue|Kafue|KAMBALE|GOTA-GOTA|AGRICULTURE|||15000|15000|15000||||2022-09-15 00:00:00|0|https://www.kafuecouncil.gov.zm/?page_id=195|kafue 2022 cdf submission|2026-09-11
cdf_record|2022_kafue_2022_cdf_submission_empowerment_grants_0028|2022|kafue_2022_cdf_submission.xlsx|Empowerment Grants|34|empowerment_grant|CHANJANO|GOAT REARING|Lusaka|Kafue|Kafue|KAMBALE|MUFURUTSA|AGRICULTURE|||15000|15000|15000||||2022-09-15 00:00:00|0|https://www.kafuecouncil.gov.zm/?page_id=195|kafue 2022 cdf submission|2026-09-11
cdf_record|2022_kafue_2022_cdf_submission_empowerment_grants_0029|2022|kafue_2022_cdf_submission.xlsx|Empowerment Grants|35|empowerment_grant|LUBONO WOMEN’S CLUB|GOAT REARING|Lusaka|Kafue|Kafue|KAMBALE|MUFURUTSA|AGRICULTURE|||15000|15000|15000||||2022-09-15 00:00:00|0|https://www.kafuecouncil.gov.zm/?page_id=195|kafue 2022 cdf submission|2026-09-11
cdf_record|2022_kafue_2022_cdf_submission_empowerment_grants_0030|2022|kafue_2022_cdf_submission.xlsx|Empowerment Grants|36|empowerment_grant|KAPONGO YOUTH CLUB|VILLAGE BANKING|Lusaka|Kafue|Kafue|LUKOLONGO|ZONE 2|SAVINGS AND CREDIT FACILITY|||10000|10000|10000||||2022-09-15 00:00:00|0|https://www.kafuecouncil.gov.zm/?page_id=195|kafue 2022 cdf submission|2026-09-11
cdf_record|2022_kafue_2022_cdf_submission_empowerment_grants_0031|2022|kafue_2022_cdf_submission.xlsx|Empowerment Grants|37|empowerment_grant|SEEGMA MULTI-PURPOSE COORPERATIVE SOCIETY|CHICKEN REARING|Lusaka|Kafue|Kafue|LUKOLONGO|ZONE 2|AGRICULTURE|||9900|9900|9900||||2022-09-15 00:00:00|0|https://www.kafuecouncil.gov.zm/?page_id=195|kafue 2022 cdf submission|2026-09-11
cdf_record|2022_kafue_2022_cdf_submission_empowerment_grants_0032|2022|kafue_2022_cdf_submission.xlsx|Empowerment Grants|38|empowerment_grant|MUKUYU WOMEN’S CLUB|CHICKEN REARING|Lusaka|Kafue|Kafue|LUKOLONGO|LIKASA ZONE|AGRICULTURE|||10000|10000|10000||||2022-09-15 00:00:00|0|https://www.kafuecouncil.gov.zm/?page_id=195|kafue 2022 cdf submission|2026-09-11
cdf_record|2022_kafue_2022_cdf_submission_empowerment_grants_0033|2022|kafue_2022_cdf_submission.xlsx|Empowerment Grants|39|empowerment_grant|CONCORDANCE YOUTH MULTI-PURPOSE COOPERATIVE|VILLAGE BANKING|Lusaka|Kafue|Kafue|LUKOLONGO|ZONE 2|SAVINGS AND CREDIT FACILITY|||10000|10000|10000||||2022-09-15 00:00:00|0|https://www.kafuecouncil.gov.zm/?page_id=195|kafue 2022 cdf submission|2026-09-11
cdf_record|2022_kafue_2022_cdf_submission_empowerment_grants_0034|2022|kafue_2022_cdf_submission.xlsx|Empowerment Grants|40|empowerment_grant|MULUNDU WAPANDE WOMEN’S CLUB|VILLAGE BANKING|Lusaka|Kafue|Kafue|LUKOLONGO|ZONE 12|SAVINGS AND CREDIT FACILITY|||10000|10000|10000||||2022-09-15 00:00:00|0|https://www.kafuecouncil.gov.zm/?page_id=195|kafue 2022 cdf submission|2026-09-11
cdf_record|2022_kafue_2022_cdf_submission_empowerment_grants_0035|2022|kafue_2022_cdf_submission.xlsx|Empowerment Grants|41|empowerment_grant|KUSALIFYA WOMEN,S CLUB|VILLAGE BANKING|Lusaka|Kafue|Kafue|LUKOLONGO|ZONE 2|SAVINGS AND CREDIT FACILITY|||10000|10000|10000||||2022-09-15 00:00:00|0|https://www.kafuecouncil.gov.zm/?page_id=195|kafue 2022 cdf submission|2026-09-11
cdf_record|2022_kafue_2022_cdf_submission_empowerment_grants_0036|2022|kafue_2022_cdf_submission.xlsx|Empowerment Grants|42|empowerment_grant|KAMUBOOLA WOMEN’S CLUB|VILLAGE CHICKEN REARING|Lusaka|Kafue|Kafue|MALUNDU|ZONE 1|AGRICULTURE|||40000|40000|40000||||2022-09-15 00:00:00|0|https://www.kafuecouncil.gov.zm/?page_id=195|kafue 2022 cdf submission|2026-09-11
cdf_record|2022_kafue_2022_cdf_submission_empowerment_grants_0037|2022|kafue_2022_cdf_submission.xlsx|Empowerment Grants|43|empowerment_grant|SHALUPA HIDDEN TREASURER WOMEN’S CLUB|chicken rearing|Lusaka|Kafue|Kafue|MALUNDU|ZONE 11|AGRICULTURE|||10000|10000|10000||||2022-09-15 00:00:00|0|https://www.kafuecouncil.gov.zm/?page_id=195|kafue 2022 cdf submission|2026-09-11
cdf_record|2022_kafue_2022_cdf_submission_empowerment_grants_0038|2022|kafue_2022_cdf_submission.xlsx|Empowerment Grants|44|empowerment_grant|JAULANIKA MULTI-PURPOSE COOPERATIVE|POULTRY FARMING|Lusaka|Kafue|Kafue|MALUNDU|ZONE 2|AGRICULTURE|||10000|10000|10000||||2022-09-15 00:00:00|0|https://www.kafuecouncil.gov.zm/?page_id=195|kafue 2022 cdf submission|2026-09-11
cdf_record|2022_kafue_2022_cdf_submission_empowerment_grants_0039|2022|kafue_2022_cdf_submission.xlsx|Empowerment Grants|45|empowerment_grant|TINASHE KABWANDU YOUTH|BROILER FARMING|Lusaka|Kafue|Kafue|MALUNDU|ZONE 2|AGRICULTURE|||10000|10000|10000||||2022-09-15 00:00:00|0|https://www.kafuecouncil.gov.zm/?page_id=195|kafue 2022 cdf submission|2026-09-11
cdf_record|2022_kafue_2022_cdf_submission_empowerment_grants_0040|2022|kafue_2022_cdf_submission.xlsx|Empowerment Grants|46|empowerment_grant|KANYANGALA WOMEN’S CLUB|TOILORING|Lusaka|Kafue|Kafue|CHITENDE|KABWANDU ZONE|TOILORING|||5000|5000|5000||||2022-09-15 00:00:00|0|https://www.kafuecouncil.gov.zm/?page_id=195|kafue 2022 cdf submission|2026-09-11
cdf_record|2022_kafue_2022_cdf_submission_empowerment_grants_0041|2022|kafue_2022_cdf_submission.xlsx|Empowerment Grants|47|empowerment_grant|MAKANYA WOMEN’S CLUB|GOAT REARING|Lusaka|Kafue|Kafue|CHITENDE|KANYANGALA ZONE|AGRICULTURE|||15000|15000|15000||||2022-09-15 00:00:00|0|https://www.kafuecouncil.gov.zm/?page_id=195|kafue 2022 cdf submission|2026-09-11
cdf_record|2022_kafue_2022_cdf_submission_empowerment_grants_0042|2022|kafue_2022_cdf_submission.xlsx|Empowerment Grants|48|empowerment_grant|KABWADU WOMEN’S CLUB|POULTRY FARMING|Lusaka|Kafue|Kafue|CHITENDE|KABWADU ZONE|AGRICULTURE|||10000|10000|10000||||2022-09-15 00:00:00|0|https://www.kafuecouncil.gov.zm/?page_id=195|kafue 2022 cdf submission|2026-09-11
cdf_record|2022_kafue_2022_cdf_submission_empowerment_grants_0043|2022|kafue_2022_cdf_submission.xlsx|Empowerment Grants|49|empowerment_grant|TIKONDANE WOMEN,S CLUB|AGRICULTURE|Lusaka|Kafue|Kafue|CHITENDE|KABWADU ZONE|AGRICULTURE|||10000|10000|10000||||2022-09-15 00:00:00|0|https://www.kafuecouncil.gov.zm/?page_id=195|kafue 2022 cdf submission|2026-09-11
cdf_record|2022_kafue_2022_cdf_submission_empowerment_grants_0044|2022|kafue_2022_cdf_submission.xlsx|Empowerment Grants|50|empowerment_grant|CHIPONGWE RIVER SIDE|HOTICULTURAL PROJECT|Lusaka|Kafue|Kafue|CHITENDE|KANYANGALA ZONE|AGRICULTURE|||10000|10000|10000||||2022-09-15 00:00:00|0|https://www.kafuecouncil.gov.zm/?page_id=195|kafue 2022 cdf submission|2026-09-11
cdf_record|2022_kafue_2022_cdf_submission_empowerment_grants_0045|2022|kafue_2022_cdf_submission.xlsx|Empowerment Grants|51|empowerment_grant|TICTOK MULTIPURPOSE COOPERATIVE|COOPERATIVE GARDENING|Lusaka|Kafue|Kafue|CHISAKILA|CHISAKILA|AGRICULTURE|||20000|20000|20000||||2022-09-15 00:00:00|0|https://www.kafuecouncil.gov.zm/?page_id=195|kafue 2022 cdf submission|2026-09-11
cdf_record|2022_kafue_2022_cdf_submission_empowerment_grants_0046|2022|kafue_2022_cdf_submission.xlsx|Empowerment Grants|52|empowerment_grant|SHUNGU YOUTH CLUB|GOAT REARING|Lusaka|Kafue|Kafue|CHISAKILA|MBODZA|AGRICULTURE|||50000|50000|50000||||2022-09-15 00:00:00|0|https://www.kafuecouncil.gov.zm/?page_id=195|kafue 2022 cdf submission|2026-09-11
cdf_record|2022_kafue_2022_cdf_submission_empowerment_grants_0047|2022|kafue_2022_cdf_submission.xlsx|Empowerment Grants|53|empowerment_grant|NYAMAGWETE WOMEN'S CLUB|LIVESTOCK FARMING|Lusaka|Kafue|Kafue|CHIAWA|CHIAWA|AGRICULTURE|||10000|10000|10000||||2022-09-15 00:00:00|0|https://www.kafuecouncil.gov.zm/?page_id=195|kafue 2022 cdf submission|2026-09-11
cdf_record|2022_kafue_2022_cdf_submission_empowerment_grants_0048|2022|kafue_2022_cdf_submission.xlsx|Empowerment Grants|54|empowerment_grant|KAMBAJE WOMEN'S CLUB|FARMING|Lusaka|Kafue|Kafue|CHIAWA|MUGURAMENO|AGRICULTURE|||10000|10000|10000||||2022-09-15 00:00:00|0|https://www.kafuecouncil.gov.zm/?page_id=195|kafue 2022 cdf submission|2026-09-11
cdf_record|2022_kafue_2022_cdf_submission_empowerment_grants_0049|2022|kafue_2022_cdf_submission.xlsx|Empowerment Grants|55|empowerment_grant|EMBANAMWALI MULTIPURPOSE|POULTRY|Lusaka|Kafue|Kafue|CHIAWA|MUGURAMENO|AGRICULTURE|||5 039.00|5 039.00|5 039.00||||2022-09-15 00:00:00|0|https://www.kafuecouncil.gov.zm/?page_id=195|kafue 2022 cdf submission|2026-09-11
cdf_record|2022_kafue_2022_cdf_submission_empowerment_grants_0050|2022|kafue_2022_cdf_submission.xlsx|Empowerment Grants|56|empowerment_grant|MUZALA NEVETA WOMEN'S CLUB|LIVESTOCK PRODUCTION|Lusaka|Kafue|Kafue|CHIAWA|CHIAWA|AGRICULTURE|||10000|10000|10000||||2022-09-15 00:00:00|0|https://www.kafuecouncil.gov.zm/?page_id=195|kafue 2022 cdf submission|2026-09-11
cdf_record|2022_kafue_2022_cdf_submission_empowerment_grants_0051|2022|kafue_2022_cdf_submission.xlsx|Empowerment Grants|57|empowerment_grant|ALINAFE MULTI-PURPOSE|CHICKEN REARING|Lusaka|Kafue|Kafue|CHIAWA|CHIAWA|AGRICULTURE|||10000|10000|10000||||2022-09-15 00:00:00|0|https://www.kafuecouncil.gov.zm/?page_id=195|kafue 2022 cdf submission|2026-09-11
cdf_record|2022_kafue_2022_cdf_submission_empowerment_grants_0052|2022|kafue_2022_cdf_submission.xlsx|Empowerment Grants|58|empowerment_grant|TWAKALEKA KUYOWA YOUTH CLUB|POULTRY PRODUCTION0N|Lusaka|Kafue|Kafue|CHIAWA|CHIAWA|AGRICULTURE|||10000|10000|10000||||2022-09-15 00:00:00|0|https://www.kafuecouncil.gov.zm/?page_id=195|kafue 2022 cdf submission|2026-09-11
cdf_record|2022_kafue_2022_cdf_submission_empowerment_grants_0053|2022|kafue_2022_cdf_submission.xlsx|Empowerment Grants|59|empowerment_grant|BLESSINGS WOMEN'S CLUB|VILLAGE BANKING|Lusaka|Kafue|Kafue|MAGOBA|ZONE 15|SAVINGS AND CREDIT FACILITY|||10000|10000|10000||||2022-09-15 00:00:00|0|https://www.kafuecouncil.gov.zm/?page_id=195|kafue 2022 cdf submission|2026-09-11
cdf_record|2022_kafue_2022_cdf_submission_empowerment_grants_0054|2022|kafue_2022_cdf_submission.xlsx|Empowerment Grants|60|empowerment_grant|TWINAKA WOMEN'S CLUB|VILLAGE BANKING|Lusaka|Kafue|Kafue|MAGOBA|ZONE 15|SAVINGS AND CREDIT FACILITY|||10000|10000|10000||||2022-09-15 00:00:00|0|https://www.kafuecouncil.gov.zm/?page_id=195|kafue 2022 cdf submission|2026-09-11
cdf_record|2022_kafue_2022_cdf_submission_empowerment_grants_0055|2022|kafue_2022_cdf_submission.xlsx|Empowerment Grants|61|empowerment_grant|LIVING HOPE CLUB|FISH TRADING|Lusaka|Kafue|Kafue|MAGOBA|ZONE 15|AGRICULTURE|||10000|10000|10000||||2022-05-25 00:00:00|0|https://www.kafuecouncil.gov.zm/?page_id=195|kafue 2022 cdf submission|2026-09-11
cdf_record|2022_kafue_2022_cdf_submission_empowerment_grants_0056|2022|kafue_2022_cdf_submission.xlsx|Empowerment Grants|62|empowerment_grant|CHILELEKO WOMEN'S CLUB|VILLAGE BANKING|Lusaka|Kafue|Kafue|MAGOBA|ZONE 15|SAVINGS AND CREDIT FACILITY|||10.000.00|10.000.00|10.000.00||||2022-05-25 00:00:00|0|https://www.kafuecouncil.gov.zm/?page_id=195|kafue 2022 cdf submission|2026-09-11
cdf_record|2022_kafue_2022_cdf_submission_empowerment_grants_0057|2022|kafue_2022_cdf_submission.xlsx|Empowerment Grants|63|empowerment_grant|NHKOCHILI WOMEN'S CLUB|VILLAGE BANKING|Lusaka|Kafue|Kafue|MAGOBA|ZONE 15|SAVINGS AND CREDIT FACILITY|||10000|10000|10000||||2022-05-25 00:00:00|0|https://www.kafuecouncil.gov.zm/?page_id=195|kafue 2022 cdf submission|2026-09-11
cdf_record|2022_kafue_2022_cdf_submission_empowerment_grants_0058|2022|kafue_2022_cdf_submission.xlsx|Empowerment Grants|64|empowerment_grant|BLESSINGS OSAWE WOMEN'S CLUB|CHICKEN REARING|Lusaka|Kafue|Kafue|MAGOBA|ZONE 15|AGRICULTURE|||10000|10000|10000||||2022-05-25 00:00:00|0|https://www.kafuecouncil.gov.zm/?page_id=195|kafue 2022 cdf submission|2026-09-11
cdf_record|2022_kafue_2022_cdf_submission_empowerment_grants_0059|2022|kafue_2022_cdf_submission.xlsx|Empowerment Grants|65|empowerment_grant|KAMUTUGWASHA WOMEN'S CLUB|VILLAGE BANKING|Lusaka|Kafue|Kafue|MAGOBA|ZONE 15|SAVINGS AND CREDIT FACILITY|||10000|10000|10000||||2022-05-25 00:00:00|0|https://www.kafuecouncil.gov.zm/?page_id=195|kafue 2022 cdf submission|2026-09-11
cdf_record|2022_kafue_2022_cdf_submission_empowerment_grants_0060|2022|kafue_2022_cdf_submission.xlsx|Empowerment Grants|66|empowerment_grant|TWALUMBA MWAMI WOMEN'S|VILLAGE BANKING|Lusaka|Kafue|Kafue|MAGOBA|ZONE 2|SAVINGS AND CREDIT FACILITY|||10000|10000|10000||||2022-05-25 00:00:00|0|https://www.kafuecouncil.gov.zm/?page_id=195|kafue 2022 cdf submission|2026-09-11
cdf_record|2022_kafue_2022_cdf_submission_empowerment_grants_0061|2022|kafue_2022_cdf_submission.xlsx|Empowerment Grants|67|empowerment_grant|SEKELELA WOMEN'S CLUB|VILLAGE BANKING|Lusaka|Kafue|Kafue|CHIKUPI|ZONE 2|SAVINGS AND CREDIT FACILITY|||10000|10000|10000||||2022-05-25 00:00:00|0|https://www.kafuecouncil.gov.zm/?page_id=195|kafue 2022 cdf submission|2026-09-11
cdf_record|2022_kafue_2022_cdf_submission_empowerment_grants_0062|2022|kafue_2022_cdf_submission.xlsx|Empowerment Grants|68|empowerment_grant|MWACHINGWALA WOMEN'S CLUB|VILLAGE BANKING|Lusaka|Kafue|Kafue|CHIKUPI|ZONE 2|SAVINGS AND CREDIT FACILITY|||10000|10000|10000||||2022-05-25 00:00:00|0|https://www.kafuecouncil.gov.zm/?page_id=195|kafue 2022 cdf submission|2026-09-11
cdf_record|2022_kafue_2022_cdf_submission_empowerment_grants_0063|2022|kafue_2022_cdf_submission.xlsx|Empowerment Grants|69|empowerment_grant|TATULEKI AGRO CLUB|VILLAGE BANKING|Lusaka|Kafue|Kafue|CHIKUPI|ZONE 14|SAVINGS AND CREDIT FACILITY|||10000|10000|10000||||2022-05-25 00:00:00|0|https://www.kafuecouncil.gov.zm/?page_id=195|kafue 2022 cdf submission|2026-09-11
cdf_record|2022_kafue_2022_cdf_submission_empowerment_grants_0064|2022|kafue_2022_cdf_submission.xlsx|Empowerment Grants|70|empowerment_grant|TUJATANE OSAWE|CEMENT AND BUILDING MATERIAL|Lusaka|Kafue|Kafue|CHIKUPI|ZONE 14|SMALL AND MEDIUM ENTERPRISE|||40000|40000|40000||||2022-05-25 00:00:00|0|https://www.kafuecouncil.gov.zm/?page_id=195|kafue 2022 cdf submission|2026-09-11
cdf_record|2022_kafue_2022_cdf_submission_empowerment_grants_0065|2022|kafue_2022_cdf_submission.xlsx|Empowerment Grants|71|empowerment_grant|MAIYA WOMEN'S CLUB|VILLAGE BANKING|Lusaka|Kafue|Kafue|CHIKUPI|ZONE 14|SAVINGS AND CREDIT FACILITY|||10000|10000|10000||||2022-05-25 00:00:00|0|https://www.kafuecouncil.gov.zm/?page_id=195|kafue 2022 cdf submission|2026-09-11
cdf_record|2022_kafue_2022_cdf_submission_empowerment_grants_0066|2022|kafue_2022_cdf_submission.xlsx|Empowerment Grants|72|empowerment_grant|CHENGELO WOMEN'S CLUB|VILLAGE BANKING|Lusaka|Kafue|Kafue|SHIKOSWE|MWALEKA ZONE|SAVINGS AND CREDIT FACILITY|||10000|10000|10000||||2022-05-25 00:00:00|0|https://www.kafuecouncil.gov.zm/?page_id=195|kafue 2022 cdf submission|2026-09-11
cdf_record|2022_kafue_2022_cdf_submission_empowerment_grants_0067|2022|kafue_2022_cdf_submission.xlsx|Empowerment Grants|73|empowerment_grant|HANDS EMPOWERMENT INITIATIVE|SAVINGS AND CREDIT FACILITY|Lusaka|Kafue|Kafue|SHIKOSWE|COTTAGE|SAVINGS AND CREDIT FACILITY|||10000|10000|10000||||2022-05-25 00:00:00|0|https://www.kafuecouncil.gov.zm/?page_id=195|kafue 2022 cdf submission|2026-09-11
cdf_record|2022_kafue_2022_cdf_submission_empowerment_grants_0068|2022|kafue_2022_cdf_submission.xlsx|Empowerment Grants|74|empowerment_grant|AMUBAVUNE BAMAKAINTU|GREEN PROJECT|Lusaka|Kafue|Kafue|SHIKOSWE|NEW SHIKOSWE|AGRICULTURE|||30000|30000|30000||||2022-05-25 00:00:00|0|https://www.kafuecouncil.gov.zm/?page_id=195|kafue 2022 cdf submission|2026-09-11
cdf_record|2022_kafue_2022_cdf_submission_empowerment_grants_0069|2022|kafue_2022_cdf_submission.xlsx|Empowerment Grants|75|empowerment_grant|MAPHIRILA MULTI-PURPOSE|VILLAGE BANKING|Lusaka|Kafue|Kafue|SHIKOSWE|COTTAGE|SAVINGS AND CREDIT FACILITY|||10000|10000|10000||||2022-05-25 00:00:00|0|https://www.kafuecouncil.gov.zm/?page_id=195|kafue 2022 cdf submission|2026-09-11
cdf_record|2022_kafue_2022_cdf_submission_empowerment_grants_0070|2022|kafue_2022_cdf_submission.xlsx|Empowerment Grants|76|empowerment_grant|KAFMAX MULTI-PURPOSE|POULTRY FARMING|Lusaka|Kafue|Kafue|SHIKOSWE|COTTAGE|AGRICULTURE|||10000|10000|10000||||2022-05-25 00:00:00|0|https://www.kafuecouncil.gov.zm/?page_id=195|kafue 2022 cdf submission|2026-09-11
cdf_record|2022_kafue_2022_cdf_submission_empowerment_grants_0071|2022|kafue_2022_cdf_submission.xlsx|Empowerment Grants|77|empowerment_grant|HELP TWENTY FOUR SEVEN LIMITED|BROILER FARMING|Lusaka|Kafue|Kafue|SHIKOSWE|OLD SHIKOSWE|AGRICULTURE|||10000|10000|10000||||2022-05-25 00:00:00|0|https://www.kafuecouncil.gov.zm/?page_id=195|kafue 2022 cdf submission|2026-09-11
cdf_record|2022_kafue_2022_cdf_submission_empowerment_grants_0072|2022|kafue_2022_cdf_submission.xlsx|Empowerment Grants|78|empowerment_grant|LIBERTY HOUSE ENTERPRISE|POULTRY FARMING|Lusaka|Kafue|Kafue|SHIKOSWE|GREEN FIELD|AGRICULTURE|||10000|10000|10000||||2022-05-25 00:00:00|0|https://www.kafuecouncil.gov.zm/?page_id=195|kafue 2022 cdf submission|2026-09-11
cdf_record|2022_kafue_2022_cdf_submission_empowerment_grants_0073|2022|kafue_2022_cdf_submission.xlsx|Empowerment Grants|79|empowerment_grant|CHIKONDI WOMEN'S CLUB|CHICHEN REARING|Lusaka|Kafue|Kafue|SHIKOSWE|TRADE KINGS|AGRICULTURE|||10000|10000|10000||||2022-05-25 00:00:00|0|https://www.kafuecouncil.gov.zm/?page_id=195|kafue 2022 cdf submission|2026-09-11
cdf_record|2022_kafue_2022_cdf_submission_empowerment_grants_0074|2022|kafue_2022_cdf_submission.xlsx|Empowerment Grants|80|empowerment_grant|SHIKOSWE WOMEN'S SENIOR CITIZENS|VILLAGE BANKING|Lusaka|Kafue|Kafue|SHIKOSWE|MWALEKA ZONE|SAVINGS AND CREDIT FACILITY|||10000|10000|10000||||2022-05-25 00:00:00|0|https://www.kafuecouncil.gov.zm/?page_id=195|kafue 2022 cdf submission|2026-09-11
cdf_record|2022_kafue_2022_cdf_submission_empowerment_grants_0075|2022|kafue_2022_cdf_submission.xlsx|Empowerment Grants|81|empowerment_grant|MUKOWA WANGU MULTI-PURPOSE|BROILER FARMING|Lusaka|Kafue|Kafue|SHIKOSWE|MWALEKA ZONE|AGRICULTURE|||10000|10000|10000||||2022-05-25 00:00:00|0|https://www.kafuecouncil.gov.zm/?page_id=195|kafue 2022 cdf submission|2026-09-11
cdf_record|2022_kafue_2022_cdf_submission_empowerment_grants_0076|2022|kafue_2022_cdf_submission.xlsx|Empowerment Grants|82|empowerment_grant|CHIKOKA WOMEN,S CLUB|VILLAGE BANKING|Lusaka|Kafue|Kafue|SHIKOSWE|NEW SHIKOSWE|SAVINGS AND CREDIT FACILITY|||10000|10000|10000||||2022-05-25 00:00:00|0|https://www.kafuecouncil.gov.zm/?page_id=195|kafue 2022 cdf submission|2026-09-11
cdf_record|2022_kafue_2022_cdf_submission_empowerment_grants_0077|2022|kafue_2022_cdf_submission.xlsx|Empowerment Grants|83|empowerment_grant|SUN SHINE WOMEN,S CLUB|CHICKEN REARING|Lusaka|Kafue|Kafue|MUNGU|CHIKOKA ZONE|AGRICULTURE|||10000|10000|10000||||2022-05-25 00:00:00|0|https://www.kafuecouncil.gov.zm/?page_id=195|kafue 2022 cdf submission|2026-09-11
cdf_record|2022_kafue_2022_cdf_submission_empowerment_grants_0078|2022|kafue_2022_cdf_submission.xlsx|Empowerment Grants|84|empowerment_grant|MUTUMBI WOMEN,S CLUB|CHICKEN REARING|Lusaka|Kafue|Kafue|MUNGU|CHIKOKA ZONE|AGRICULTURE|||10000|10000|10000||||2022-05-25 00:00:00|0|https://www.kafuecouncil.gov.zm/?page_id=195|kafue 2022 cdf submission|2026-09-11
cdf_record|2022_kafue_2022_cdf_submission_empowerment_grants_0079|2022|kafue_2022_cdf_submission.xlsx|Empowerment Grants|85|empowerment_grant|MUTUGWASHE WOMEN'S CLUB|CHICKEN REARING|Lusaka|Kafue|Kafue|MUNGU|CHIKOKA ZONE|AGRICULTURE|||10000|10000|10000||||2022-05-25 00:00:00|0|https://www.kafuecouncil.gov.zm/?page_id=195|kafue 2022 cdf submission|2026-09-11
cdf_record|2022_kafue_2022_cdf_submission_empowerment_grants_0080|2022|kafue_2022_cdf_submission.xlsx|Empowerment Grants|86|empowerment_grant|ELDERLY & WIDOWS CLUB|POULTRY FARMING|Lusaka|Kafue|Kafue|MUNGU|chikoka|AGRICULTURE|||10000|10000|10000||||2022-05-25 00:00:00|0|https://www.kafuecouncil.gov.zm/?page_id=195|kafue 2022 cdf submission|2026-09-11
cdf_record|2022_kafue_2022_cdf_submission_empowerment_grants_0081|2022|kafue_2022_cdf_submission.xlsx|Empowerment Grants|87|empowerment_grant|TWABANE WOMEN'S CLUB|VILLAGE BANKING|Lusaka|Kafue|Kafue|MUNGU|CHIKOKA ZONE|SAVINGS AND CREDIT FACILITY|||10000|10000|10000||||2022-05-25 00:00:00|0|https://www.kafuecouncil.gov.zm/?page_id=195|kafue 2022 cdf submission|2026-09-11
cdf_record|2022_kafue_2022_cdf_submission_empowerment_grants_0082|2022|kafue_2022_cdf_submission.xlsx|Empowerment Grants|88|empowerment_grant|MOTO WOMEN,S CLUB|VILLAGE BANKING|Lusaka|Kafue|Kafue|MUNGU|CHIKOKA ZONE|SAVINGS AND CREDIT FACILITY|||10000|10000|10000||||2022-05-25 00:00:00|0|https://www.kafuecouncil.gov.zm/?page_id=195|kafue 2022 cdf submission|2026-09-11
cdf_record|2022_kafue_2022_cdf_submission_empowerment_grants_0083|2022|kafue_2022_cdf_submission.xlsx|Empowerment Grants|89|empowerment_grant|MUKANGALA MULTI- PURPOSE|VILLAGE BANKING|Lusaka|Kafue|Kafue|MUNGU|CHIKOKA ZONE|SAVINGS AND CREDIT FACILITY|||10000|10000|10000||||2022-05-25 00:00:00|0|https://www.kafuecouncil.gov.zm/?page_id=195|kafue 2022 cdf submission|2026-09-11
cdf_record|2022_kafue_2022_cdf_submission_empowerment_grants_0084|2022|kafue_2022_cdf_submission.xlsx|Empowerment Grants|90|empowerment_grant|TIGWILIZANEBLESINGS SAVING GROUP|FOOD PRODUCTION|Lusaka|Kafue|Kafue|SHIMABALA|CHIPONGWE ZONE|AGRICULTURE|||10000|10000|10000||||2022-05-25 00:00:00|0|https://www.kafuecouncil.gov.zm/?page_id=195|kafue 2022 cdf submission|2026-09-11
cdf_record|2022_kafue_2022_cdf_submission_empowerment_grants_0085|2022|kafue_2022_cdf_submission.xlsx|Empowerment Grants|91|empowerment_grant|SHIMABALA YOUTH CLUB|POULTRY FARMING|Lusaka|Kafue|Kafue|SHIMABALA|KATYOKA|AGRICULTURE|||10000|10000|10000||||2022-04-08 00:00:00|0|https://www.kafuecouncil.gov.zm/?page_id=195|kafue 2022 cdf submission|2026-09-11
cdf_record|2022_kafue_2022_cdf_submission_empowerment_grants_0086|2022|kafue_2022_cdf_submission.xlsx|Empowerment Grants|92|empowerment_grant|SHIMABALA WOMENS CLUB|STAZTIONERY CAFÉ|Lusaka|Kafue|Kafue|SHIMABALA|ZONE 1|SMALL AND MEDIUM ENTERPRISE|||20000|20000|20000||||2022-04-08 00:00:00|0|https://www.kafuecouncil.gov.zm/?page_id=195|kafue 2022 cdf submission|2026-09-11
cdf_record|2022_kafue_2022_cdf_submission_empowerment_grants_0087|2022|kafue_2022_cdf_submission.xlsx|Empowerment Grants|93|empowerment_grant|ELYPA COOKING OIL PRODUCTION|POULTRY FARMING|Lusaka|Kafue|Kafue|SHIMABALA|ZONE 1|AGRICULTURE|||10000|10000|10000||||2022-04-08 00:00:00|0|https://www.kafuecouncil.gov.zm/?page_id=195|kafue 2022 cdf submission|2026-09-11
cdf_record|2022_kafue_2022_cdf_submission_empowerment_grants_0088|2022|kafue_2022_cdf_submission.xlsx|Empowerment Grants|94|empowerment_grant|BLUE PRINT|COOKING OIL PRODUCTION|Lusaka|Kafue|Kafue|SHIMABALA|CHIPONGWE ZONE|SMALL AND MEDIUM ENTERPRISE|||20000|20000|20000||||2022-04-08 00:00:00|0|https://www.kafuecouncil.gov.zm/?page_id=195|kafue 2022 cdf submission|2026-09-11
cdf_record|2022_kafue_2022_cdf_submission_empowerment_grants_0089|2022|kafue_2022_cdf_submission.xlsx|Empowerment Grants|95|empowerment_grant|KWANJA NA BONGO|POULTRY|Lusaka|Kafue|Kafue|SHABUSALE|mutendere 1|AGRICULTURE|||20000|20000|20000||||2022-04-08 00:00:00|0|https://www.kafuecouncil.gov.zm/?page_id=195|kafue 2022 cdf submission|2026-09-11
cdf_record|2022_kafue_2022_cdf_submission_empowerment_grants_0090|2022|kafue_2022_cdf_submission.xlsx|Empowerment Grants|96|empowerment_grant|KWASHAMUKWENU CLUB|POULTRY|Lusaka|Kafue|Kafue|SHABUSALE|mutendere|AGRICULTURE|||20000|20000|20000||||2022-04-08 00:00:00|0|https://www.kafuecouncil.gov.zm/?page_id=195|kafue 2022 cdf submission|2026-09-11
cdf_record|2022_kafue_2022_cdf_submission_empowerment_grants_0091|2022|kafue_2022_cdf_submission.xlsx|Empowerment Grants|97|empowerment_grant|MA-ELDER MULTI-PURPOSE COOPERATIVE|VILLAGE BANKING|Lusaka|Kafue|Kafue|SHABUSALE|mutendere 3|SAVINGS AND CREDIT FACILITY|||10000|10000|10000||||2022-04-08 00:00:00|0|https://www.kafuecouncil.gov.zm/?page_id=195|kafue 2022 cdf submission|2026-09-11
cdf_record|2022_kafue_2022_cdf_submission_empowerment_grants_0092|2022|kafue_2022_cdf_submission.xlsx|Empowerment Grants|98|empowerment_grant|MUMISACHI CO-OPERATIVE|FISH FARMING|Lusaka|Kafue|Kafue|SHABUSALE|ZONE 12|AGRICULTURE|||20000|20000|20000||||2022-04-08 00:00:00|0|https://www.kafuecouncil.gov.zm/?page_id=195|kafue 2022 cdf submission|2026-09-11
cdf_record|2022_kafue_2022_cdf_submission_empowerment_grants_0093|2022|kafue_2022_cdf_submission.xlsx|Empowerment Grants|99|empowerment_grant|CHIKWELIZONO MULTI-PURPOSE|HOTICULTURAL PROJECT|Lusaka|Kafue|Kafue|SHABUSALE|mutendere|AGRICULTURE|||40000|40000|40000||||2022-04-08 00:00:00|0|https://www.kafuecouncil.gov.zm/?page_id=195|kafue 2022 cdf submission|2026-09-11
cdf_record|2022_kafue_2022_cdf_submission_empowerment_grants_0094|2022|kafue_2022_cdf_submission.xlsx|Empowerment Grants|100|empowerment_grant|COST TO COST CLUB|POULTRY FARMING|Lusaka|Kafue|Kafue|SHABUSALE|CZ|AGRICULTURE|||10000|10000|10000||||2022-04-08 00:00:00|0|https://www.kafuecouncil.gov.zm/?page_id=195|kafue 2022 cdf submission|2026-09-11
cdf_record|2022_kafue_2022_cdf_submission_empowerment_grants_0095|2022|kafue_2022_cdf_submission.xlsx|Empowerment Grants|101|empowerment_grant|ZANGI YOUTH CLUB|CHICKEN REARING|Lusaka|Kafue|Kafue|SHABUSALE|ZONE 5|AGRICULTURE|||15000|15000|15000||||2022-04-08 00:00:00|0|https://www.kafuecouncil.gov.zm/?page_id=195|kafue 2022 cdf submission|2026-09-11
cdf_record|2022_kafue_2022_cdf_submission_empowerment_grants_0096|2022|kafue_2022_cdf_submission.xlsx|Empowerment Grants|102|empowerment_grant|NATIONAL ASSOCIATION OF FARMS|CHICKEN REARING|Lusaka|Kafue|Kafue|SHABUSALE|COMMUNITY A|AGRICULTURE|||10000|10000|10000||||2022-04-08 00:00:00|0|https://www.kafuecouncil.gov.zm/?page_id=195|kafue 2022 cdf submission|2026-09-11
cdf_record|2022_kafue_2022_cdf_submission_empowerment_grants_0097|2022|kafue_2022_cdf_submission.xlsx|Empowerment Grants|103|empowerment_grant|SHAMULONGA MULTI-PURPOSE|LIVESTOCK PRODUCTION|Lusaka|Kafue|Kafue|CHIFWEMA|CHIFWEMA|AGRICULTURE|||20000|20000|20000||||2022-04-08 00:00:00|0|https://www.kafuecouncil.gov.zm/?page_id=195|kafue 2022 cdf submission|2026-09-11
cdf_record|2022_kafue_2022_cdf_submission_empowerment_grants_0098|2022|kafue_2022_cdf_submission.xlsx|Empowerment Grants|104|empowerment_grant|LUMUNI MULTI- MULTIPURPOSE|GOAT REARING|Lusaka|Kafue|Kafue|CHIFWEMA|NAKANGA|AGRICULTURE|||15000|15000|15000||||2022-04-08 00:00:00|0|https://www.kafuecouncil.gov.zm/?page_id=195|kafue 2022 cdf submission|2026-09-11
cdf_record|2022_kafue_2022_cdf_submission_empowerment_grants_0099|2022|kafue_2022_cdf_submission.xlsx|Empowerment Grants|105|empowerment_grant|TWENDE CHIFWEMA WOMEN,S CLUB|GOAT REARING|Lusaka|Kafue|Kafue|CHIFWEMA|CHIFWEMA|AGRICULTURE|||15000|15000|15000||||2022-04-08 00:00:00|0|https://www.kafuecouncil.gov.zm/?page_id=195|kafue 2022 cdf submission|2026-09-11
cdf_record|2022_kafue_2022_cdf_submission_empowerment_grants_0100|2022|kafue_2022_cdf_submission.xlsx|Empowerment Grants|106|empowerment_grant|CHIFWEMA HELPING HAND WOMEN,S CLUB|CHICKEN REARING|Lusaka|Kafue|Kafue|CHIFWEMA|MWACHISAKULO|AGRICULTURE|||10000|10000|10000||||2022-04-08 00:00:00|0|https://www.kafuecouncil.gov.zm/?page_id=195|kafue 2022 cdf submission|2026-09-11
cdf_record|2022_kafue_2022_cdf_submission_empowerment_grants_0101|2022|kafue_2022_cdf_submission.xlsx|Empowerment Grants|107|empowerment_grant|NYIKA-WAKAME MULTI-PURPOSE|VILLAGE BANKING|Lusaka|Kafue|Kafue|CHIFWEMA|shatumbu|SAVINGS AND CREDIT FACILITY|||10000|10000|10000||||2022-04-08 00:00:00|0|https://www.kafuecouncil.gov.zm/?page_id=195|kafue 2022 cdf submission|2026-09-11
cdf_record|2022_kafue_2022_cdf_submission_empowerment_grants_0102|2022|kafue_2022_cdf_submission.xlsx|Empowerment Grants|108|empowerment_grant|SHIBELEKA CO-OPERATIVE|GOAT REARING|Lusaka|Kafue|Kafue|CHISANKANE|shatumbu|AGRICULTURE|||19300|19300|19300||||2022-04-08 00:00:00|0|https://www.kafuecouncil.gov.zm/?page_id=195|kafue 2022 cdf submission|2026-09-11
cdf_record|2022_kafue_2022_cdf_submission_empowerment_grants_0103|2022|kafue_2022_cdf_submission.xlsx|Empowerment Grants|109|empowerment_grant|TIKONDANE VILLAGE BANKING|POULTRY FARMING|Lusaka|Kafue|Kafue|CHISANKANE|shatumbu|AGRICULTURE|||10000|10000|10000||||2022-04-08 00:00:00|0|https://www.kafuecouncil.gov.zm/?page_id=195|kafue 2022 cdf submission|2026-09-11
cdf_record|2022_kafue_2022_cdf_submission_empowerment_grants_0104|2022|kafue_2022_cdf_submission.xlsx|Empowerment Grants|110|empowerment_grant|KACHENGA WOMEN,S CLUB|VILLAGE BANKING|Lusaka|Kafue|Kafue|CHISANKANE|shatumbu|SAVINGS AND CREDIT FACILITY|||10000|10000|10000||||2022-04-08 00:00:00|0|https://www.kafuecouncil.gov.zm/?page_id=195|kafue 2022 cdf submission|2026-09-11
cdf_record|2022_kafue_2022_cdf_submission_empowerment_grants_0105|2022|kafue_2022_cdf_submission.xlsx|Empowerment Grants|111|empowerment_grant|BWELANI YOUTH CLUB|VILLAGE BANKINDG|Lusaka|Kafue|Kafue|CHISANKANE|shatumbu|SAVINGS AND CREDIT FACILITY|||10000|10000|10000||||2022-04-08 00:00:00|0|https://www.kafuecouncil.gov.zm/?page_id=195|kafue 2022 cdf submission|2026-09-11
cdf_record|2022_kafue_2022_cdf_submission_empowerment_grants_0106|2022|kafue_2022_cdf_submission.xlsx|Empowerment Grants|112|empowerment_grant|MWENGE WOMEN'S CLUB|CHICKEN REARING|Lusaka|Kafue|Kafue|CHISANKANE|shatumbu|AGRICULTURE|||20000|20000|20000||||2022-04-08 00:00:00|0|https://www.kafuecouncil.gov.zm/?page_id=195|kafue 2022 cdf submission|2026-09-11
cdf_record|2022_kafue_2022_cdf_submission_empowerment_grants_0107|2022|kafue_2022_cdf_submission.xlsx|Empowerment Grants|113|empowerment_grant|CHIYANJANO WOMEN,S CLUB|VILLAGE BANKIN|Lusaka|Kafue|Kafue|MATANDA|LUMUMBA|SAVINGS AND CREDIT FACILITY|||10000|10000|10000||||2022-04-08 00:00:00|0|https://www.kafuecouncil.gov.zm/?page_id=195|kafue 2022 cdf submission|2026-09-11
cdf_record|2022_kafue_2022_cdf_submission_empowerment_grants_0108|2022|kafue_2022_cdf_submission.xlsx|Empowerment Grants|114|empowerment_grant|RIVERSIDE WOMEN,S CLUB|CHICKEN REARING|Lusaka|Kafue|Kafue|MATANDA|LUMUMBA|AGRICULTURE|||10000|10000|10000||||2022-04-08 00:00:00|0|https://www.kafuecouncil.gov.zm/?page_id=195|kafue 2022 cdf submission|2026-09-11
cdf_record|2022_kafue_2022_cdf_submission_empowerment_grants_0109|2022|kafue_2022_cdf_submission.xlsx|Empowerment Grants|115|empowerment_grant|TANDIZO WOMEN'S CLUB|CHICKEN REARING|Lusaka|Kafue|Kafue|MATANDA|LUMUMBA|AGRICULTURE|||10000|10000|10000||||2022-04-08 00:00:00|0|https://www.kafuecouncil.gov.zm/?page_id=195|kafue 2022 cdf submission|2026-09-11
cdf_record|2022_kafue_2022_cdf_submission_empowerment_grants_0110|2022|kafue_2022_cdf_submission.xlsx|Empowerment Grants|116|empowerment_grant|KAFUE BRIDGE WOMEN,S CLUB|CHICKEN REARING|Lusaka|Kafue|Kafue|MATANDA|LUMUMBA|AGRICULTURE|||10000|10000|10000||||2022-04-08 00:00:00|0|https://www.kafuecouncil.gov.zm/?page_id=195|kafue 2022 cdf submission|2026-09-11
cdf_record|2022_kafue_2022_cdf_submission_empowerment_grants_0111|2022|kafue_2022_cdf_submission.xlsx|Empowerment Grants|117|empowerment_grant|KAFUE TOWN MARKET|CHICKEN REARING|Lusaka|Kafue|Kafue|MATANDA|LUMUMBA|AGRICULTURE|||10000|10000|10000||||2022-04-08 00:00:00|0|https://www.kafuecouncil.gov.zm/?page_id=195|kafue 2022 cdf submission|2026-09-11
cdf_record|2022_kafue_2022_cdf_submission_empowerment_grants_0112|2022|kafue_2022_cdf_submission.xlsx|Empowerment Grants|118|empowerment_grant|NYAMUKANI WOMEN,S CLUB|CHICKEN REARING|Lusaka|Kafue|Kafue|MATANDA|NKWAZI|AGRICULTURE|||10000|10000|10000||||2022-04-08 00:00:00|0|https://www.kafuecouncil.gov.zm/?page_id=195|kafue 2022 cdf submission|2026-09-11
cdf_record|2022_kafue_2022_cdf_submission_empowerment_grants_0113|2022|kafue_2022_cdf_submission.xlsx|Empowerment Grants|119|empowerment_grant|TIGWEPO TAUKA WOMEN'S CLUB|CHICKEN REARING|Lusaka|Kafue|Kafue|MATANDA|NANGONGWE|AGRICULTURE|||10000|10000|10000||||2022-04-08 00:00:00|0|https://www.kafuecouncil.gov.zm/?page_id=195|kafue 2022 cdf submission|2026-09-11
cdf_record|2022_kafue_2022_cdf_submission_empowerment_grants_0114|2022|kafue_2022_cdf_submission.xlsx|Empowerment Grants|120|empowerment_grant|POULTRY|CHICKEN REARING|Lusaka|Kafue|Kafue|MATANDA|BEIT HALL|AGRICULTURE|||10000|10000|10000||||2022-04-08 00:00:00|0|https://www.kafuecouncil.gov.zm/?page_id=195|kafue 2022 cdf submission|2026-09-11
cdf_record|2022_kafue_2022_cdf_submission_empowerment_grants_0115|2022|kafue_2022_cdf_submission.xlsx|Empowerment Grants|121|empowerment_grant|FRUITFUL WOMEN CLUB|VILLAGE BANKING|Lusaka|Kafue|Kafue|MATANDA|NANGONGWE|SAVINGS AND CREDIT FACILITY|||10000|10000|10000||||2022-04-08 00:00:00|0|https://www.kafuecouncil.gov.zm/?page_id=195|kafue 2022 cdf submission|2026-09-11
cdf_record|2022_kafue_2022_cdf_submission_empowerment_grants_0116|2022|kafue_2022_cdf_submission.xlsx|Empowerment Grants|122|empowerment_grant|TIGWILIZANE WOMEN'S CLUB|POULTRY|Lusaka|Kafue|Kafue|KABWEZA|ZONE 3|AGRICULTURE|||19500|19500|19500||||2022-04-08 00:00:00|0|https://www.kafuecouncil.gov.zm/?page_id=195|kafue 2022 cdf submission|2026-09-11
cdf_record|2022_kafue_2022_cdf_submission_empowerment_grants_0117|2022|kafue_2022_cdf_submission.xlsx|Empowerment Grants|123|empowerment_grant|CHETECHETE WOMEN'S CLUB|CHICKEN REARING|Lusaka|Kafue|Kafue|SHABUSALE|mutendere|AGRICULTURE|||10000|10000|10000||||2022-04-08 00:00:00|0|https://www.kafuecouncil.gov.zm/?page_id=195|kafue 2022 cdf submission|2026-09-11
cdf_record|2022_kafue_2022_cdf_submission_empowerment_grants_0118|2022|kafue_2022_cdf_submission.xlsx|Empowerment Grants|124|empowerment_grant|MULONGA NETWORK MEDIA|VILLAGE BANKING|Lusaka|Kafue|Kafue|SHABUSALE|4|SAVINGS AND CREDIT FACILITY|||9800|9800|9800||||2022-04-08 00:00:00|0|https://www.kafuecouncil.gov.zm/?page_id=195|kafue 2022 cdf submission|2026-09-11
cdf_record|2022_kafue_2022_cdf_submission_empowerment_grants_0119|2022|kafue_2022_cdf_submission.xlsx|Empowerment Grants|125|empowerment_grant|MAMALU MULTI-PURPOSE COOPERATIVE|AGRICULTURE VALUE ADDITION|Lusaka|Kafue|Kafue|SHABUSALE|7|AGRICULTURE|||10500|10500|10500||||2022-04-08 00:00:00|0|https://www.kafuecouncil.gov.zm/?page_id=195|kafue 2022 cdf submission|2026-09-11
cdf_record|2022_kafue_2022_cdf_submission_empowerment_grants_0120|2022|kafue_2022_cdf_submission.xlsx|Empowerment Grants|126|empowerment_grant|CHIBINDA LIVESTOCK|MEDIA WORKSTATION|Lusaka|Kafue|Kafue|SHIKOSWE|CORTAGE|ENTERTAINMENT|||40000|40000|40000||||2022-04-08 00:00:00|0|https://www.kafuecouncil.gov.zm/?page_id=195|kafue 2022 cdf submission|2026-09-11
cdf_record|2022_kafue_2022_cdf_submission_empowerment_grants_0121|2022|kafue_2022_cdf_submission.xlsx|Empowerment Grants|127|empowerment_grant|MULENDEMA WOMEN'S CLUB|VILLAGE BANKING|Lusaka|Kafue|Kafue|SHIKOSWE|NEW SHIKOSWE|SAVINGS AND CREDIT FACILITY|||5440|5440|5440||||2022-04-08 00:00:00|0|https://www.kafuecouncil.gov.zm/?page_id=195|kafue 2022 cdf submission|2026-09-11
cdf_record|2022_kafue_2022_cdf_submission_empowerment_grants_0122|2022|kafue_2022_cdf_submission.xlsx|Empowerment Grants|128|empowerment_grant|CHRIST ENVOY YOUTH CLUB|VILLAGE BANKING|Lusaka|Kafue|Kafue|MATANDA|2|SAVINGS AND CREDIT FACILITY|||19900|19900|19900||||2022-04-08 00:00:00|0|https://www.kafuecouncil.gov.zm/?page_id=195|kafue 2022 cdf submission|2026-09-11
cdf_record|2022_kafue_2022_cdf_submission_empowerment_grants_0123|2022|kafue_2022_cdf_submission.xlsx|Empowerment Grants|129|empowerment_grant|KAFUE BIC WOMEN IN BUSINESS|CHICKEN REARING|Lusaka|Kafue|Kafue|MALUNDU|11|AGRICULTURE|||19500|19500|19500||||2022-04-08 00:00:00|0|https://www.kafuecouncil.gov.zm/?page_id=195|kafue 2022 cdf submission|2026-09-11
cdf_record|2022_kafue_2022_cdf_submission_empowerment_grants_0124|2022|kafue_2022_cdf_submission.xlsx|Empowerment Grants|130|empowerment_grant|MAINDO YOUTH CLUB|RESTAURANT|Lusaka|Kafue|Kafue|KASENJE|1|SMALL AND MEDIUM ENTERPRISE|||21500|21500|21500||||2022-04-08 00:00:00|0|https://www.kafuecouncil.gov.zm/?page_id=195|kafue 2022 cdf submission|2026-09-11
cdf_record|2022_kafue_2022_cdf_submission_empowerment_grants_0125|2022|kafue_2022_cdf_submission.xlsx|Empowerment Grants|131|empowerment_grant|KAPONGO WOMEN CLUB|VILLAGE BANKING|Lusaka|Kafue|Kafue|KASENJE|NABOYE|SAVINGS AND CREDIT FACILITY|||9900|9900|9900||||2022-04-08 00:00:00|0|https://www.kafuecouncil.gov.zm/?page_id=195|kafue 2022 cdf submission|2026-09-11
cdf_record|2022_kafue_2022_cdf_submission_empowerment_grants_0126|2022|kafue_2022_cdf_submission.xlsx|Empowerment Grants|132|empowerment_grant|MUSEMU WALUSUMPUKO CLUB|BLOCK MAKING|Lusaka|Kafue|Kafue|MAGOBA|chanyanya|SMALL AND MEDIUM ENTERPRISE|||40000|40000|40000||||2022-04-08 00:00:00|0|https://www.kafuecouncil.gov.zm/?page_id=195|kafue 2022 cdf submission|2026-09-11
cdf_record|2022_kafue_2022_cdf_submission_empowerment_grants_0127|2022|kafue_2022_cdf_submission.xlsx|Empowerment Grants|133|empowerment_grant|SHANTUMBU WOMEN'S CLUB|CHICKEN REARING|Lusaka|Kafue|Kafue|LUKOLONGO|KAPONGO|AGRICULTURE|||9900|9900|9900||||2022-04-08 00:00:00|0|https://www.kafuecouncil.gov.zm/?page_id=195|kafue 2022 cdf submission|2026-09-11
cdf_record|2022_kafue_2022_cdf_submission_empowerment_grants_0128|2022|kafue_2022_cdf_submission.xlsx|Empowerment Grants|134|empowerment_grant|MWACHILENGA YOUTH CLUB|VILLAGE BANKING|Lusaka|Kafue|Kafue|LUKOLONGO|LISHIKO|SAVINGS AND CREDIT FACILITY|||10000|10000|10000||||2022-04-08 00:00:00|0|https://www.kafuecouncil.gov.zm/?page_id=195|kafue 2022 cdf submission|2026-09-11
cdf_record|2022_kafue_2022_cdf_submission_empowerment_grants_0129|2022|kafue_2022_cdf_submission.xlsx|Empowerment Grants|135|empowerment_grant|MWASHAMPUTA YOUTH CLUB|VEGETABLE GROWING|Lusaka|Kafue|Kafue|CHISANKANE|apex 1|AGRICULTURE|||10000|10000|10000||||2022-04-08 00:00:00|0|https://www.kafuecouncil.gov.zm/?page_id=195|kafue 2022 cdf submission|2026-09-11
cdf_record|2022_kafue_2022_cdf_submission_empowerment_grants_0130|2022|kafue_2022_cdf_submission.xlsx|Empowerment Grants|136|empowerment_grant|SANGO LINOPA WOMEN'S CLUB|CHICKEN REARING|Lusaka|Kafue|Kafue|CHISANKANE|4|AGRICULTURE|||10000|10000|10000||||2022-04-08 00:00:00|0|https://www.kafuecouncil.gov.zm/?page_id=195|kafue 2022 cdf submission|2026-09-11
cdf_record|2022_kafue_2022_cdf_submission_empowerment_grants_0131|2022|kafue_2022_cdf_submission.xlsx|Empowerment Grants|137|empowerment_grant|FORTUNE YOUTH CLUB|PIGGERY|Lusaka|Kafue|Kafue|CHIKUPI|ZONE 14|AGRICULTURE|||40000|40000|40000||||2022-04-08 00:00:00|0|https://www.kafuecouncil.gov.zm/?page_id=195|kafue 2022 cdf submission|2026-09-11
cdf_record|2022_kafue_2022_cdf_submission_empowerment_grants_0132|2022|kafue_2022_cdf_submission.xlsx|Empowerment Grants|138|empowerment_grant|TABO COOPERATIVE|HAMMER MILL|Lusaka|Kafue|Kafue|CHIAWA|CHINJATA|SMALL AND MEDIUM ENTERPRISE|||39950|39950|39950||||2022-04-08 00:00:00|0|https://www.kafuecouncil.gov.zm/?page_id=195|kafue 2022 cdf submission|2026-09-11
cdf_record|2022_kafue_2022_cdf_submission_empowerment_grants_0133|2022|kafue_2022_cdf_submission.xlsx|Empowerment Grants|139|empowerment_grant|KUDAKWAISHE WOMEN'S CLUB|CARPENTRY AND JOINERY|Lusaka|Kafue|Kafue|CHITENDE|KABWADU ZONE|CARPENTRY AND JOINERY|||31000|31000|31000||||2022-04-08 00:00:00|0|https://www.kafuecouncil.gov.zm/?page_id=195|kafue 2022 cdf submission|2026-09-11
cdf_record|2022_kafue_2022_cdf_submission_empowerment_grants_0134|2022|kafue_2022_cdf_submission.xlsx|Empowerment Grants|140|empowerment_grant|TAFARA WOMEN'S CLUB|CHICKEN REARING|Lusaka|Kafue|Kafue|MUNGU|CHIKOKA ZONE|AGRICULTURE|||13000|13000|13000||||2022-04-08 00:00:00|0|https://www.kafuecouncil.gov.zm/?page_id=195|kafue 2022 cdf submission|2026-09-11
cdf_record|2022_kafue_2022_cdf_submission_empowerment_grants_0135|2022|kafue_2022_cdf_submission.xlsx|Empowerment Grants|141|empowerment_grant|MULUWE WOMEN'S CLUB|TOILORING|Lusaka|Kafue|Kafue|KAMBALE|GOTA-GOTA|TOILORING|||14500|14500|14500||||2022-04-08 00:00:00|0|https://www.kafuecouncil.gov.zm/?page_id=195|kafue 2022 cdf submission|2026-09-11
cdf_record|2022_kafue_2022_cdf_submission_empowerment_grants_0136|2022|kafue_2022_cdf_submission.xlsx|Empowerment Grants|142|empowerment_grant|TAKOMBOREHWA YOUTH CLUB|GOAT REARING|Lusaka|Kafue|Kafue|KAMBALE|MULANGWA|AGRICULTURE|||5000|5000|5000||||2022-04-08 00:00:00|0|https://www.kafuecouncil.gov.zm/?page_id=195|kafue 2022 cdf submission|2026-09-11
cdf_record|2022_kafue_2022_cdf_submission_empowerment_grants_0137|2022|kafue_2022_cdf_submission.xlsx|Empowerment Grants|143|empowerment_grant|CHIFUKULE MULITPURPOSE COOPERATIVE|POULTRY FARMING|Lusaka|Kafue|Kafue|CHISAKILA|CHISAKILA|AGRICULTURE|||9850|9850|9850||||2022-04-08 00:00:00|0|https://www.kafuecouncil.gov.zm/?page_id=195|kafue 2022 cdf submission|2026-09-11
cdf_record|2022_kafue_2022_cdf_submission_empowerment_grants_0138|2022|kafue_2022_cdf_submission.xlsx|Empowerment Grants|144|empowerment_grant|NAKANDO MULTIPURPOSE SOCIETY|CHICKEN REARING|Lusaka|Kafue|Kafue|CHISAKILA|MALABANIYA|AGRICULTURE|||10000|10000|10000||||2022-04-08 00:00:00|0|https://www.kafuecouncil.gov.zm/?page_id=195|kafue 2022 cdf submission|2026-09-11
cdf_record|2022_kafue_2022_cdf_submission_empowerment_grants_0139|2022|kafue_2022_cdf_submission.xlsx|Empowerment Grants|145|empowerment_grant|TWAPENGA CHINDUNDU|VILLAGE BANKING|Lusaka|Kafue|Kafue|CHIFWEMA|MWACHISAKULO|SAVINGS AND CREDIT FACILITY|||50000|50000|50000||||2022-04-08 00:00:00|0|https://www.kafuecouncil.gov.zm/?page_id=195|kafue 2022 cdf submission|2026-09-11
cdf_record|2022_kafue_2022_cdf_submission_empowerment_grants_0140|2022|kafue_2022_cdf_submission.xlsx|Empowerment Grants|146|empowerment_grant|CHILIDI|VILLAGE BANKING|Lusaka|Kafue|Kafue|CHIFWEMA|MULUNDU ZONE 9|SAVINGS AND CREDIT FACILITY|||5000|5000|5000||||2022-04-08 00:00:00|0|https://www.kafuecouncil.gov.zm/?page_id=195|kafue 2022 cdf submission|2026-09-11
cdf_record|2022_kafue_2022_cdf_submission_empowerment_grants_0141|2022|kafue_2022_cdf_submission.xlsx|Empowerment Grants|147|empowerment_grant|NEW HOPE MULTIPURPOSE COOPERATIVE|GARDENING|Lusaka|Kafue|Kafue|CHIFWEMA|NAKANGA|AGRICULTURE|||9450|9450|9450||||2022-04-08 00:00:00|0|https://www.kafuecouncil.gov.zm/?page_id=195|kafue 2022 cdf submission|2026-09-11
cdf_record|2022_kafue_2022_cdf_submission_loans_0001|2022|kafue_2022_cdf_submission.xlsx|LOANS|7|cdf_loan||Events|Lusaka|Kafue|Kafue|Chisankane|Shantumbu|hospitality|||200000|100000|100000|100000|||||https://www.kafuecouncil.gov.zm/?page_id=195|kafue 2022 cdf submission|2026-09-11
cdf_record|2022_kafue_2022_cdf_submission_loans_0002|2022|kafue_2022_cdf_submission.xlsx|LOANS|8|cdf_loan||Bakery|Lusaka|Kafue|Kafue|Shimabala|chipapa||||200000|180000|180000|180000|||||https://www.kafuecouncil.gov.zm/?page_id=195|kafue 2022 cdf submission|2026-09-11
cdf_record|2022_kafue_2022_cdf_submission_loans_0003|2022|kafue_2022_cdf_submission.xlsx|LOANS|9|cdf_loan||Poultry ( Egg Incubation)|Lusaka|Kafue|Kafue|Shimabala|chipapa|agriculture|||200000|57750|57750|57750|||||https://www.kafuecouncil.gov.zm/?page_id=195|kafue 2022 cdf submission|2026-09-11
cdf_record|2022_kafue_2022_cdf_submission_loans_0004|2022|kafue_2022_cdf_submission.xlsx|LOANS|10|cdf_loan||Aqua-culture|Lusaka|Kafue|Kafue|Chisakila|shampeyo|agriculture|||200000|100000|100000|100000|||||https://www.kafuecouncil.gov.zm/?page_id=195|kafue 2022 cdf submission|2026-09-11
cdf_record|2022_kafue_2022_cdf_submission_loans_0005|2022|kafue_2022_cdf_submission.xlsx|LOANS|11|cdf_loan||Supplying Stationary|Lusaka|Kafue|Kafue|Shabusale|Mutendere 1|small & medium enterprise|||200000|100000|100000|100000|||||https://www.kafuecouncil.gov.zm/?page_id=195|kafue 2022 cdf submission|2026-09-11
cdf_record|2022_kafue_2022_cdf_submission_loans_0006|2022|kafue_2022_cdf_submission.xlsx|LOANS|12|cdf_loan||Pig Production|Lusaka|Kafue|Kafue|Shabusale|mutendere 6|agriculture|||200000|100000|100000|100000|||||https://www.kafuecouncil.gov.zm/?page_id=195|kafue 2022 cdf submission|2026-09-11
cdf_record|2022_kafue_2022_cdf_submission_loans_0007|2022|kafue_2022_cdf_submission.xlsx|LOANS|13|cdf_loan||Supplying Dry Foods/poultry|Lusaka|Kafue|Kafue|Shabusale|Mutendere 3|small & medium enterprise|||200000|50000|50000|50000|||||https://www.kafuecouncil.gov.zm/?page_id=195|kafue 2022 cdf submission|2026-09-11
cdf_record|2022_kafue_2022_cdf_submission_loans_0008|2022|kafue_2022_cdf_submission.xlsx|LOANS|14|cdf_loan||Sawdust/Wood shaving machine|Lusaka|Kafue|Kafue|Kafue|Kalundu view|small & medium enterprise|||200000|100000|100000|100000|||||https://www.kafuecouncil.gov.zm/?page_id=195|kafue 2022 cdf submission|2026-09-11
cdf_record|2022_kafue_2022_cdf_submission_loans_0009|2022|kafue_2022_cdf_submission.xlsx|LOANS|15|cdf_loan||Sunflower Processing|Lusaka|Kafue|Kafue|Kafue|Labour office 1|small & medium enterprise|||200000|100000|100000|100000|||||https://www.kafuecouncil.gov.zm/?page_id=195|kafue 2022 cdf submission|2026-09-11
cdf_record|2022_kafue_2022_cdf_submission_loans_0010|2022|kafue_2022_cdf_submission.xlsx|LOANS|16|cdf_loan||Butchery|Lusaka|Kafue|Kafue|Shikoswe|old shikoswe|small & medium enterprise|||200000|100000|100000|100000|||||https://www.kafuecouncil.gov.zm/?page_id=195|kafue 2022 cdf submission|2026-09-11
cdf_record|2022_kafue_2022_cdf_submission_loans_0011|2022|kafue_2022_cdf_submission.xlsx|LOANS|17|cdf_loan||Repackaging|Lusaka|Kafue|Kafue|Matanda|Railside 1|small & medium enterprise|||200000|30000|30000|30000|||||https://www.kafuecouncil.gov.zm/?page_id=195|kafue 2022 cdf submission|2026-09-11
cdf_record|2022_kafue_2022_cdf_submission_loans_0012|2022|kafue_2022_cdf_submission.xlsx|LOANS|18|cdf_loan||Butchery|Lusaka|Kafue|Kafue|Matanda|Railside 3|small & medium enterprise|||200000|80000|80000|80000|||||https://www.kafuecouncil.gov.zm/?page_id=195|kafue 2022 cdf submission|2026-09-11
cdf_record|2022_kafue_2022_cdf_submission_loans_0013|2022|kafue_2022_cdf_submission.xlsx|LOANS|19|cdf_loan||Timber Supplying|Lusaka|Kafue|Kafue|Matanda|Raildide 2|small & medium enterprise|||200000|100000|100000|100000|||||https://www.kafuecouncil.gov.zm/?page_id=195|kafue 2022 cdf submission|2026-09-11
cdf_record|2022_kafue_2022_cdf_submission_loans_0014|2022|kafue_2022_cdf_submission.xlsx|LOANS|20|cdf_loan||Selling of spare parts/ completion of the garage|Lusaka|Kafue|Kafue|Shikoswe|greenfield|small & medium enterprise|||200000|50000|50000|50000|||||https://www.kafuecouncil.gov.zm/?page_id=195|kafue 2022 cdf submission|2026-09-11
cdf_record|2022_kafue_2022_cdf_submission_loans_0015|2022|kafue_2022_cdf_submission.xlsx|LOANS|21|cdf_loan||Hospitality|Lusaka|Kafue|Kafue|Chisankane|Shatumbu|hospitality|||200000|100000|100000|100000|||||https://www.kafuecouncil.gov.zm/?page_id=195|kafue 2022 cdf submission|2026-09-11
cdf_record|2022_kafue_2022_cdf_submission_loans_0016|2022|kafue_2022_cdf_submission.xlsx|LOANS|22|cdf_loan||School|Lusaka|Kafue|Kafue|Chisankane|shatumbu 3|education|||200000|120000|120000|120000|||||https://www.kafuecouncil.gov.zm/?page_id=195|kafue 2022 cdf submission|2026-09-11
cdf_record|2022_kafue_2022_cdf_submission_loans_0017|2022|kafue_2022_cdf_submission.xlsx|LOANS|23|cdf_loan||Agro-business|Lusaka|Kafue|Kafue|Chisankane|shatumbu 1|small & medium enterprise|||200000|100000|100000|100000|||||https://www.kafuecouncil.gov.zm/?page_id=195|kafue 2022 cdf submission|2026-09-11
cdf_record|2022_kafue_2022_cdf_submission_loans_0018|2022|kafue_2022_cdf_submission.xlsx|LOANS|24|cdf_loan||Chicken Rearing|Lusaka|Kafue|Kafue|Kasenje|Kasenje|agriculture|||200000|15000|15000|15000|||||https://www.kafuecouncil.gov.zm/?page_id=195|kafue 2022 cdf submission|2026-09-11
cdf_record|2022_kafue_2022_cdf_submission_loans_0019|2022|kafue_2022_cdf_submission.xlsx|LOANS|25|cdf_loan||Piggery|Lusaka|Kafue|Kafue|Kambale|Mafungautsi|agriculture|||200000|100000|100000|100000|||||https://www.kafuecouncil.gov.zm/?page_id=195|kafue 2022 cdf submission|2026-09-11
cdf_record|2022_kafue_2022_cdf_submission_loans_0020|2022|kafue_2022_cdf_submission.xlsx|LOANS|26|cdf_loan||Laundry soap|Lusaka|Kafue|Kafue|Matanda|kashelela 1|small & medium enterprise|||200000|70000|70000|70000|||||https://www.kafuecouncil.gov.zm/?page_id=195|kafue 2022 cdf submission|2026-09-11
cdf_record|2022_kafue_2022_cdf_submission_loans_0021|2022|kafue_2022_cdf_submission.xlsx|LOANS|27|cdf_loan||Hardware|Lusaka|Kafue|Kafue|Shikoswe|old shikoswe|small & medium enterprise|||200000|140000|140000|140000|||||https://www.kafuecouncil.gov.zm/?page_id=195|kafue 2022 cdf submission|2026-09-11
cdf_record|2022_kafue_2022_cdf_submission_loans_0022|2022|kafue_2022_cdf_submission.xlsx|LOANS|28|cdf_loan||Clinical Services|Lusaka|Kafue|Kafue|Shikoswe|old shikoswe|health|||200000|137050|137050|137050|||||https://www.kafuecouncil.gov.zm/?page_id=195|kafue 2022 cdf submission|2026-09-11
cdf_record|2022_kafue_2022_cdf_submission_loans_0023|2022|kafue_2022_cdf_submission.xlsx|LOANS|29|cdf_loan||Agro-business|Lusaka|Kafue|Kafue|Shimabala|chipongwe|small & medium enterprise|||200000|50000|50000|50000|||||https://www.kafuecouncil.gov.zm/?page_id=195|kafue 2022 cdf submission|2026-09-11
cdf_record|2022_kafue_2022_cdf_submission_loans_0024|2022|kafue_2022_cdf_submission.xlsx|LOANS|30|cdf_loan||Carpentry & Metal Fabrication|Lusaka|Kafue|Kafue|Chisankane|shatumbu 1|small & medium enterprise|||200000|51000|51000|51000|||||https://www.kafuecouncil.gov.zm/?page_id=195|kafue 2022 cdf submission|2026-09-11
cdf_record|2022_kafue_2022_cdf_submission_community_projects_0001|2022|kafue_2022_cdf_submission.xlsx|COMMUNITY PROJECTS|7|community_project|soloboni primary school rehabiliatiton|Rehabilitation of a blown off for 1X4, 1X2 classroom blocks at soloboni primary school|LUSAKA|KAFUE|KAFUE|SHABUSALE|MUTENDERE|EDUCATION|SHABUSALE|100% Completed|||577628.09||||08/04/2022||https://www.kafuecouncil.gov.zm/?page_id=195|kafue 2022 cdf submission|2026-09-11
cdf_record|2022_kafue_2022_cdf_submission_community_projects_0002|2022|kafue_2022_cdf_submission.xlsx|COMMUNITY PROJECTS|8|community_project|Kabweza maternity ward rehabilitation|electrification and construction of a ceiling board at kabweza maternity ward|LUSAKA|KAFUE|KAFUE|KABWEZA|KABWEZA|HEALTH|KABWEZA|100% Completed|||95000||||08/04/2023||https://www.kafuecouncil.gov.zm/?page_id=195|kafue 2022 cdf submission|2026-09-11
cdf_record|2022_kafue_2022_cdf_submission_community_projects_0003|2022|kafue_2022_cdf_submission.xlsx|COMMUNITY PROJECTS|9|community_project|Fabrication of 200 desks for Mungu primary school|Fabrication and supply of 100 nodouble seaters and 100 tables and chairs to kafue town council FOR MUNGU PRIMARY SCH|LUSAKA|KAFUE|KAFUE|MUNGU|MUNGU|EDUCATION|MUNGU|100% Completed|||217000||||08/04/2024||https://www.kafuecouncil.gov.zm/?page_id=195|kafue 2022 cdf submission|2026-09-11
cdf_record|2022_kafue_2022_cdf_submission_community_projects_0004|2022|kafue_2022_cdf_submission.xlsx|COMMUNITY PROJECTS|10|community_project|Kanyangala Ablution block and Water reticulation system at health post|CONSTRUCTION OF AN ABLUTION BLOCK AT KANYANGALA HEALTH POST and WATER RETICULATION SYSTEM TO THE HEALTH POST|LUSAKA|KAFUE|KAFUE|CHITENDE|KANYANGALA|HEALTH|KANYANGALA|100% Completed|||238032.3||||08/04/2025||https://www.kafuecouncil.gov.zm/?page_id=195|kafue 2022 cdf submission|2026-09-11
cdf_record|2022_kafue_2022_cdf_submission_community_projects_0005|2022|kafue_2022_cdf_submission.xlsx|COMMUNITY PROJECTS|11|community_project|UPGRADING OF WATER SYSYEM KANYANGALA HEALTH POST|CONTRACT FOR THE TENDER FOR THE UPGRADING OF AN EXISTING WATER SUPPLY SYSTEM TO A SOLAR POWERED BOREHOLE WITH A 5000L CAPACITY TANK AND STAND AT KANYANGALA HEALTH POST|LUSAKA|KAFUE|KAFUE|CHITENDE|KANYANGALA|HEALTH|KANYANGALA|100% Completed|||96132.3||||08/04/2026||https://www.kafuecouncil.gov.zm/?page_id=195|kafue 2022 cdf submission|2026-09-11
cdf_record|2022_kafue_2022_cdf_submission_community_projects_0006|2022|kafue_2022_cdf_submission.xlsx|COMMUNITY PROJECTS|12|community_project|CHIKUPI PRIMARY SCHOOL 1X3 CLASSROOM BLOCK|CONSTRUCTION OF A 1X3 CLASSROOM BLOCK AT CHIKUPI PRIMARY SCHOOL|LUSAKA|KAFUE|KAFUE|CHIKUPI|CHILAMBIRA|EDUCATION|CHILAMBIRA|100% Completed|||1280741.52||||08/04/2027||https://www.kafuecouncil.gov.zm/?page_id=195|kafue 2022 cdf submission|2026-09-11
cdf_record|2022_kafue_2022_cdf_submission_community_projects_0007|2022|kafue_2022_cdf_submission.xlsx|COMMUNITY PROJECTS|13|community_project|MULANGWA PRIMARY SCHOOL 1X3 AND SCHOOL WATER SYSTEM|CONSTRUCTION OF A 1X3 CLASSROOM BLOCK AND AN ABLUTION BLOCK FOR A PRIMARY SCHOOL & DRILLING/ EQUIPPING OF A SOLAR POWERED BOREHOLE WITH 2X 5000L CAPACITY TANK AND STAND AT MULANGWA PRIMARY SCH|LUSAKA|KAFUE|KAFUE|KAMBALE|MULANGWA|EDUCATION|MULANGWA||||2062943.64357375||||08/04/2028||https://www.kafuecouncil.gov.zm/?page_id=195|kafue 2022 cdf submission|2026-09-11
cdf_record|2022_kafue_2022_cdf_submission_community_projects_0008|2022|kafue_2022_cdf_submission.xlsx|COMMUNITY PROJECTS|14|community_project|KAFUE TOWN POLICE STATION|CONSTRUCTION OF POLICE STATION IN KAFUE TOWN (CBD) WITH A 5000L TANK AND TANK STAND|LUSAKA|KAFUE|KAFUE|KAFUE TOWN||SECURITY|KAFUE TOWN|100% Completed|||2407702.22||||08/04/2029||https://www.kafuecouncil.gov.zm/?page_id=195|kafue 2022 cdf submission|2026-09-11
cdf_record|2022_kafue_2022_cdf_submission_community_projects_0009|2022|kafue_2022_cdf_submission.xlsx|COMMUNITY PROJECTS|15|community_project|SIMWANDO CLINIC SOLAR BOREHOLE|DRILLING OF SOLAR POWERED BOREHOLE AT SIMWANDO CLINIC|LUSAKA|KAFUE|KAFUE|MALUNDU|CHIPAPA|HEALTH|SIMWANDO|100% Completed|||189517||||08/04/2030||https://www.kafuecouncil.gov.zm/?page_id=195|kafue 2022 cdf submission|2026-09-11
cdf_record|2022_kafue_2022_cdf_submission_community_projects_0010|2022|kafue_2022_cdf_submission.xlsx|COMMUNITY PROJECTS|16|community_project|MOTOR GRADER PROCUREMENT|PROCUREMENT OF A MOTOR GRADER|LUSAKA|KAFUE|KAFUE|KAFUE CONSTITUENCY||ROADS|KAFUE CONSTITUENCY|100% Completed|||4284000||||08/04/2031||https://www.kafuecouncil.gov.zm/?page_id=195|kafue 2022 cdf submission|2026-09-11
cdf_record|2022_kafue_2022_cdf_submission_community_projects_0011|2022|kafue_2022_cdf_submission.xlsx|COMMUNITY PROJECTS|17|community_project||PROCUREMENT OF A TIPPER TRUCK|LUSAKA|KAFUE|KAFUE|KAFUE CONSTITUENCY||ROADS|KAFUE CONSTITUENCY|100% Completed|||1394000||||08/04/2032||https://www.kafuecouncil.gov.zm/?page_id=195|kafue 2022 cdf submission|2026-09-11
cdf_record|2022_kafue_2022_cdf_submission_community_projects_0012|2022|kafue_2022_cdf_submission.xlsx|COMMUNITY PROJECTS|18|community_project|LANDCRUISER PROCUREMENT|PROCUREMENT OF A LANDCRUISER FOR MONITORING|LUSAKA|KAFUE|KAFUE|KAFUE CONSTITUENCY|||KAFUE CONSTITUENCY|100% Completed|||1200000||||08/04/2033||https://www.kafuecouncil.gov.zm/?page_id=195|kafue 2022 cdf submission|2026-09-11
cdf_record|2022_kafue_2022_cdf_submission_community_projects_0013|2022|kafue_2022_cdf_submission.xlsx|COMMUNITY PROJECTS|19|community_project|CHIPAPA PRIMARY SCHOOL BLOWN OFF ROOF|REHABILITATION OF A BLOWN OFF ROOF AT CHIPAPA PRIMARY SCHOOL|LUSAKA|KAFUE|KAFUE|MALUNDU||EDUCATION|MALUNDU|100% Completed|||155813.23||||08/04/2034||https://www.kafuecouncil.gov.zm/?page_id=195|kafue 2022 cdf submission|2026-09-11
cdf_record|2022_kafue_2022_cdf_submission_community_projects_0014|2022|kafue_2022_cdf_submission.xlsx|COMMUNITY PROJECTS|20|community_project|TLB REPAIR|REPAIR OF TLB ENGINE|LUSAKA|KAFUE|KAFUE|KAFUE CONSTITUENCY|||KAFUE CONSTITUENCY|100% Completed|||547141.12||||08/04/2035||https://www.kafuecouncil.gov.zm/?page_id=195|kafue 2022 cdf submission|2026-09-11
cdf_record|2022_kafue_2022_cdf_submission_community_projects_0015|2022|kafue_2022_cdf_submission.xlsx|COMMUNITY PROJECTS|21|community_project|CHIPARAMBA PRIMARY 1X3 CLASSROOM BLOCK|COMPLETION OF CHIPARAMBA PRIMARY SCHOOL 1X3 CRB|LUSAKA|KAFUE|KAFUE|SHABUSALE|MUTENDERE|EDUCATIION|MUTENDERE|100% Completed|||637190.78||||08/04/2036||https://www.kafuecouncil.gov.zm/?page_id=195|kafue 2022 cdf submission|2026-09-11
cdf_record|2022_kafue_2022_cdf_submission_community_projects_0016|2022|kafue_2022_cdf_submission.xlsx|COMMUNITY PROJECTS|22|community_project|RAILSAIDE COMMUNITY SCHOOL|COMPLETION OF RAILSIDE COMMUNITY SCHOOL|LUSAKA|KAFUE|KAFUE|MATANDA|RAILSIDE|EDUCATIION|RAILSIDE|100% Completed|||479804.82||||08/04/2037||https://www.kafuecouncil.gov.zm/?page_id=195|kafue 2022 cdf submission|2026-09-11
cdf_record|2022_kafue_2022_cdf_submission_community_projects_0017|2022|kafue_2022_cdf_submission.xlsx|COMMUNITY PROJECTS|23|community_project|SHANTUMBU POLICE POST|COMPLETION OF SHANTUMBU POLICE POST|LUSAKA|KAFUE|KAFUE|CHISANKANE|SHANTUMBU|SECURITY|SHANTUMBU|100% Completed|||365154.4||||08/04/2038||https://www.kafuecouncil.gov.zm/?page_id=195|kafue 2022 cdf submission|2026-09-11
cdf_record|2022_kafue_2022_cdf_submission_community_projects_0018|2022|kafue_2022_cdf_submission.xlsx|COMMUNITY PROJECTS|24|community_project|KAMBALE MARKET SHELTER|REHABILITATION OF KAMBALE MARKET SHELTER|LUSAKA|KAFUE|KAFUE|KAMBALE|DANDIKER|INFRUSTRUCTURE|DANDIKER|100% Completed|||35850||||08/04/2039||https://www.kafuecouncil.gov.zm/?page_id=195|kafue 2022 cdf submission|2026-09-11
cdf_record|2023_kafue_2023_cdf_submission_empowerment_grants_0002|2023|kafue_2023_cdf_submission.xlsx|Empowerment Grants|8|empowerment_grant|TAONGA YOUTH CLUB|TAILORING|LUSAKA|KAFUE|KAFUE|SHABUSALE|2|TRADE & COMMERNCE|||40000|25000|25000||||2023-09-26 00:00:00|2023-10-13 00:00:00|https://www.kafuecouncil.gov.zm/?page_id=195|kafue 2023 cdf submission|2026-09-11
cdf_record|2023_kafue_2023_cdf_submission_empowerment_grants_0003|2023|kafue_2023_cdf_submission.xlsx|Empowerment Grants|9|empowerment_grant|MAULSON CLUB|TAILORING|LUSAKA|KAFUE|KAFUE|SHABUSALE|6|TRADE & COMMERNCE|||40000|25000|25000||||2023-09-26 00:00:00|2023-10-13 00:00:00|https://www.kafuecouncil.gov.zm/?page_id=195|kafue 2023 cdf submission|2026-09-11
cdf_record|2023_kafue_2023_cdf_submission_empowerment_grants_0004|2023|kafue_2023_cdf_submission.xlsx|Empowerment Grants|10|empowerment_grant|BULK & LIQUOR CLUB|BUSINESS LOANS|LUSAKA|KAFUE|KAFUE|SHABUSALE|6|BANKING & FINANCE|||40000|10000|10000||||2023-09-26 00:00:00|2023-10-13 00:00:00|https://www.kafuecouncil.gov.zm/?page_id=195|kafue 2023 cdf submission|2026-09-11
cdf_record|2023_kafue_2023_cdf_submission_empowerment_grants_0005|2023|kafue_2023_cdf_submission.xlsx|Empowerment Grants|11|empowerment_grant|VOICE OF KAFUE NEWS CLUB|MEDIA|LUSAKA|KAFUE|KAFUE|SHABUSALE|MUTENDERE 8|COMMUNICATION|||40000|30000|30000||||2023-09-26 00:00:00|2023-10-13 00:00:00|https://www.kafuecouncil.gov.zm/?page_id=195|kafue 2023 cdf submission|2026-09-11
cdf_record|2023_kafue_2023_cdf_submission_empowerment_grants_0006|2023|kafue_2023_cdf_submission.xlsx|Empowerment Grants|12|empowerment_grant|TEKUMWENZO CLUB|TAILORING|LUSAKA|KAFUE|KAFUE|SHABUSALE|10|TRADE & COMMERNCE|||40000|30000|30000||||2023-09-26 00:00:00|2023-10-13 00:00:00|https://www.kafuecouncil.gov.zm/?page_id=195|kafue 2023 cdf submission|2026-09-11
cdf_record|2023_kafue_2023_cdf_submission_empowerment_grants_0007|2023|kafue_2023_cdf_submission.xlsx|Empowerment Grants|13|empowerment_grant|DASAGRO MULTI-PURPOSE|POULTRY|LUSAKA|KAFUE|KAFUE|SHABUSALE|FLASH BATT|FISHERIES & LIVESTOCK|||40000|20000|20000||||2023-09-26 00:00:00|2023-10-13 00:00:00|https://www.kafuecouncil.gov.zm/?page_id=195|kafue 2023 cdf submission|2026-09-11
cdf_record|2023_kafue_2023_cdf_submission_empowerment_grants_0008|2023|kafue_2023_cdf_submission.xlsx|Empowerment Grants|14|empowerment_grant|RUBBATANO CLUB|POULTRY|LUSAKA|KAFUE|KAFUE|SHABUSALE|8|FISHERIES & LIVESTOCK|||40000|20000|20000||||2023-09-26 00:00:00|2023-10-13 00:00:00|https://www.kafuecouncil.gov.zm/?page_id=195|kafue 2023 cdf submission|2026-09-11
cdf_record|2023_kafue_2023_cdf_submission_empowerment_grants_0009|2023|kafue_2023_cdf_submission.xlsx|Empowerment Grants|15|empowerment_grant|PEOPLE WITH DESTINY|POULTRY|LUSAKA|KAFUE|KAFUE|SHABUSALE|ZAMBIA COMPOUND|FISHERIES & LIVESTOCK|||40000|20000|20000||||2023-09-26 00:00:00|2023-10-13 00:00:00|https://www.kafuecouncil.gov.zm/?page_id=195|kafue 2023 cdf submission|2026-09-11
cdf_record|2023_kafue_2023_cdf_submission_empowerment_grants_0010|2023|kafue_2023_cdf_submission.xlsx|Empowerment Grants|16|empowerment_grant|SHABUSALE COOPERATIVE|BUYING AND SELLING OF BEANS|LUSAKA|KAFUE|KAFUE|SHABUSALE|Z10 - MUTENDERE|TRADE & COMMERNCE|||40000|30000|30000||||2023-09-26 00:00:00|2023-10-13 00:00:00|https://www.kafuecouncil.gov.zm/?page_id=195|kafue 2023 cdf submission|2026-09-11
cdf_record|2023_kafue_2023_cdf_submission_empowerment_grants_0011|2023|kafue_2023_cdf_submission.xlsx|Empowerment Grants|17|empowerment_grant|PLATUN SECURITY CLUB|SECURITY SERVIES|LUSAKA|KAFUE|KAFUE|SHABUSALE|3|SECURITY|||40000|25000|25000||||2023-09-26 00:00:00|2023-10-13 00:00:00|https://www.kafuecouncil.gov.zm/?page_id=195|kafue 2023 cdf submission|2026-09-11
cdf_record|2023_kafue_2023_cdf_submission_empowerment_grants_0012|2023|kafue_2023_cdf_submission.xlsx|Empowerment Grants|18|empowerment_grant|LUSUMPUKO WOMENS CLUB|POULTRY|LUSAKA|KAFUE|KAFUE|SHABUSALE|COMMUNITY 7|FISHERIES & LIVESTOCK|||40000|20000|20000||||2023-09-26 00:00:00|2023-10-13 00:00:00|https://www.kafuecouncil.gov.zm/?page_id=195|kafue 2023 cdf submission|2026-09-11
cdf_record|2023_kafue_2023_cdf_submission_empowerment_grants_0013|2023|kafue_2023_cdf_submission.xlsx|Empowerment Grants|19|empowerment_grant|NANGO SALVA ARMY CLUB|POULTRY|LUSAKA|KAFUE|KAFUE|SHABUSALE|3|FISHERIES & LIVESTOCK|||40000|20000|20000||||2023-09-26 00:00:00|2023-10-13 00:00:00|https://www.kafuecouncil.gov.zm/?page_id=195|kafue 2023 cdf submission|2026-09-11
cdf_record|2023_kafue_2023_cdf_submission_empowerment_grants_0014|2023|kafue_2023_cdf_submission.xlsx|Empowerment Grants|20|empowerment_grant|SITIBWELELA KUMBUYO COOPERATIVE|POULTRY|LUSAKA|KAFUE|KAFUE|SHABUSALE|6|FISHERIES & LIVESTOCK|||40000|20000|20000||||2023-09-26 00:00:00|2023-10-13 00:00:00|https://www.kafuecouncil.gov.zm/?page_id=195|kafue 2023 cdf submission|2026-09-11
cdf_record|2023_kafue_2023_cdf_submission_empowerment_grants_0015|2023|kafue_2023_cdf_submission.xlsx|Empowerment Grants|21|empowerment_grant|POWER GROUP MULTIPURPOSE|CARPENTRY & JOINERY|LUSAKA|KAFUE|KAFUE|SHABUSALE|7|MANUFACTURING & PROCESSING|||40000|30000|30000||||2023-09-26 00:00:00|2023-10-13 00:00:00|https://www.kafuecouncil.gov.zm/?page_id=195|kafue 2023 cdf submission|2026-09-11
cdf_record|2023_kafue_2023_cdf_submission_empowerment_grants_0016|2023|kafue_2023_cdf_submission.xlsx|Empowerment Grants|22|empowerment_grant|ROOTS & CULTURE LIBERATION GROUP|POULTRY|LUSAKA|KAFUE|KAFUE|SHABUSALE|7|FISHERIES & LIVESTOCK|||40000|20000|20000||||2023-09-26 00:00:00|2023-10-13 00:00:00|https://www.kafuecouncil.gov.zm/?page_id=195|kafue 2023 cdf submission|2026-09-11
cdf_record|2023_kafue_2023_cdf_submission_empowerment_grants_0017|2023|kafue_2023_cdf_submission.xlsx|Empowerment Grants|23|empowerment_grant|MADENKO MULTIPURPOSE COOPERATIVE|POULTRY|LUSAKA|KAFUE|KAFUE|SHABUSALE|ZSZ6B|FISHERIES & LIVESTOCK|||40000|20000|20000||||2023-09-26 00:00:00|2023-10-13 00:00:00|https://www.kafuecouncil.gov.zm/?page_id=195|kafue 2023 cdf submission|2026-09-11
cdf_record|2023_kafue_2023_cdf_submission_empowerment_grants_0018|2023|kafue_2023_cdf_submission.xlsx|Empowerment Grants|24|empowerment_grant|REVALETION SAVING AND CREDIT GROUP|SERVINGS AND LOANS|LUSAKA|KAFUE|KAFUE|SHABUSALE|SOLOBBONI|BANKING & FINANCE|||40000|10000|10000||||2023-09-26 00:00:00|2023-10-13 00:00:00|https://www.kafuecouncil.gov.zm/?page_id=195|kafue 2023 cdf submission|2026-09-11
cdf_record|2023_kafue_2023_cdf_submission_empowerment_grants_0019|2023|kafue_2023_cdf_submission.xlsx|Empowerment Grants|25|empowerment_grant|GWAMBAZU COOPERATIVE|COOKING OIL PRODUCTION AND SAUSAGES|LUSAKA|KAFUE|KAFUE|SHABUSALE|10|MANUFACTURING & PROCESSING|||40000|30000|30000||||2023-09-26 00:00:00|2023-10-13 00:00:00|https://www.kafuecouncil.gov.zm/?page_id=195|kafue 2023 cdf submission|2026-09-11
cdf_record|2023_kafue_2023_cdf_submission_empowerment_grants_0020|2023|kafue_2023_cdf_submission.xlsx|Empowerment Grants|26|empowerment_grant|MWAMAKA MUTIPURPOSE COOPERATIVE|GARBAGE COLLECTION|LUSAKA|KAFUE|KAFUE|KASENJE|COMMUNITY SIX 1|WATER & SANITATION|||40000|20000|20000||||2023-09-26 00:00:00|2023-10-13 00:00:00|https://www.kafuecouncil.gov.zm/?page_id=195|kafue 2023 cdf submission|2026-09-11
cdf_record|2023_kafue_2023_cdf_submission_empowerment_grants_0021|2023|kafue_2023_cdf_submission.xlsx|Empowerment Grants|27|empowerment_grant|WADZANAI MULTI PURPOSE CLUB|PROCURING INCUBATORS|LUSAKA|KAFUE|KAFUE|KASENJE|MUSAMBAZI 1|MANUFACTURING & PROCESSING|||40000|30000|30000||||2023-09-26 00:00:00|2023-10-13 00:00:00|https://www.kafuecouncil.gov.zm/?page_id=195|kafue 2023 cdf submission|2026-09-11
cdf_record|2023_kafue_2023_cdf_submission_empowerment_grants_0022|2023|kafue_2023_cdf_submission.xlsx|Empowerment Grants|28|empowerment_grant|MUNA MULTI PURPOSE|POULTRY|LUSAKA|KAFUE|KAFUE|KASENJE|KASENJE 1|FISHERIES & LIVESTOCK|||40000|20000|20000||||2023-09-26 00:00:00|2023-10-13 00:00:00|https://www.kafuecouncil.gov.zm/?page_id=195|kafue 2023 cdf submission|2026-09-11
cdf_record|2023_kafue_2023_cdf_submission_empowerment_grants_0023|2023|kafue_2023_cdf_submission.xlsx|Empowerment Grants|29|empowerment_grant|OLIVE TREECARE|FARMING INPUTS& GENERAL TRADING|LUSAKA|KAFUE|KAFUE|KASENJE|KASENJE 1|TRADE & COMMERNCE|||40000|30000|30000||||2023-09-26 00:00:00|2023-10-13 00:00:00|https://www.kafuecouncil.gov.zm/?page_id=195|kafue 2023 cdf submission|2026-09-11
cdf_record|2023_kafue_2023_cdf_submission_empowerment_grants_0024|2023|kafue_2023_cdf_submission.xlsx|Empowerment Grants|30|empowerment_grant|KAFUE WIDOWS & ORPHANS CARE|TAILORING|LUSAKA|KAFUE|KAFUE|KASENJE|KASENJE 2|TRADE & COMMERNCE|||40000|25000|25000||||2023-09-26 00:00:00|2023-10-13 00:00:00|https://www.kafuecouncil.gov.zm/?page_id=195|kafue 2023 cdf submission|2026-09-11
cdf_record|2023_kafue_2023_cdf_submission_empowerment_grants_0025|2023|kafue_2023_cdf_submission.xlsx|Empowerment Grants|31|empowerment_grant|MAZIKO YOUTH MULTIPURPOSE|VILLAGE BANKING|LUSAKA|KAFUE|KAFUE|SHIKOSWE|YAMBAYAMBA|BANKING & FINANCE|||40000|10000|10000||||2023-09-26 00:00:00|2023-10-13 00:00:00|https://www.kafuecouncil.gov.zm/?page_id=195|kafue 2023 cdf submission|2026-09-11
cdf_record|2023_kafue_2023_cdf_submission_empowerment_grants_0026|2023|kafue_2023_cdf_submission.xlsx|Empowerment Grants|32|empowerment_grant|TUZIBANE MANINGI ENTERPRISE|CAR WASH & TYRE MENDING|LUSAKA|KAFUE|KAFUE|SHIKOSWE|TRADE KINGS|TRADE & COMMERNCE|||40000|25000|25000||||2023-09-26 00:00:00|2023-10-13 00:00:00|https://www.kafuecouncil.gov.zm/?page_id=195|kafue 2023 cdf submission|2026-09-11
cdf_record|2023_kafue_2023_cdf_submission_empowerment_grants_0027|2023|kafue_2023_cdf_submission.xlsx|Empowerment Grants|33|empowerment_grant|KULIMA KUPATI MULTIPURPOSE|GOAT KEEPING|LUSAKA|KAFUE|KAFUE|SHIKOSWE|GREENFIELD|FISHERIES & LIVESTOCK|||40000|20000|20000||||2023-09-26 00:00:00|2023-10-13 00:00:00|https://www.kafuecouncil.gov.zm/?page_id=195|kafue 2023 cdf submission|2026-09-11
cdf_record|2023_kafue_2023_cdf_submission_empowerment_grants_0028|2023|kafue_2023_cdf_submission.xlsx|Empowerment Grants|34|empowerment_grant|TUSWANGANE ATOMWE MULTIPURPOSE|VILLAGE BANKING|LUSAKA|KAFUE|KAFUE|SHIKOSWE|MWALEKA|BANKING & FINANCE|||40000|10000|10000||||2023-09-26 00:00:00|2023-10-13 00:00:00|https://www.kafuecouncil.gov.zm/?page_id=195|kafue 2023 cdf submission|2026-09-11
cdf_record|2023_kafue_2023_cdf_submission_empowerment_grants_0029|2023|kafue_2023_cdf_submission.xlsx|Empowerment Grants|35|empowerment_grant|SOPHTYLAS YOUTH MULTIPURPOSE|VILLAGE BANKING|LUSAKA|KAFUE|KAFUE|SHIKOSWE|WHIRLPOOL|BANKING & FINANCE|||40000|10000|10000||||2023-09-26 00:00:00|2023-10-13 00:00:00|https://www.kafuecouncil.gov.zm/?page_id=195|kafue 2023 cdf submission|2026-09-11
cdf_record|2023_kafue_2023_cdf_submission_empowerment_grants_0030|2023|kafue_2023_cdf_submission.xlsx|Empowerment Grants|36|empowerment_grant|NAZARENE MULTIPURPOSE|STATIONARY SHOP|LUSAKA|KAFUE|KAFUE|SHIKOSWE|NEW SHIKOSWE|TRADE & COMMERNCE|||40000|20000|20000||||2023-09-26 00:00:00|2023-10-13 00:00:00|https://www.kafuecouncil.gov.zm/?page_id=195|kafue 2023 cdf submission|2026-09-11
cdf_record|2023_kafue_2023_cdf_submission_empowerment_grants_0031|2023|kafue_2023_cdf_submission.xlsx|Empowerment Grants|37|empowerment_grant|LASOFT MULTIPURPOSE|ANIMAL FEED PRODUCTION|LUSAKA|KAFUE|KAFUE|SHIKOSWE|GREENFIELD|FISHERIES & LIVESTOCK|||40000|30000|30000||||2023-09-26 00:00:00|2023-10-13 00:00:00|https://www.kafuecouncil.gov.zm/?page_id=195|kafue 2023 cdf submission|2026-09-11
cdf_record|2023_kafue_2023_cdf_submission_empowerment_grants_0032|2023|kafue_2023_cdf_submission.xlsx|Empowerment Grants|38|empowerment_grant|NGANA KIPEU WOMENS CLUB|VILLAGE BANKING|LUSAKA|KAFUE|KAFUE|MATANDA|LUMUMBA|BANKING & FINANCE|||40000|10000|10000||||2023-09-26 00:00:00|2023-10-13 00:00:00|https://www.kafuecouncil.gov.zm/?page_id=195|kafue 2023 cdf submission|2026-09-11
cdf_record|2023_kafue_2023_cdf_submission_empowerment_grants_0033|2023|kafue_2023_cdf_submission.xlsx|Empowerment Grants|39|empowerment_grant|ZANIMOUNE CULTURAL GROUP|POULTRY|LUSAKA|KAFUE|KAFUE|MATANDA|LUMUMBA|FISHERIES & LIVESTOCK|||46000|20000|20000||||2023-09-26 00:00:00|2023-10-13 00:00:00|https://www.kafuecouncil.gov.zm/?page_id=195|kafue 2023 cdf submission|2026-09-11
cdf_record|2023_kafue_2023_cdf_submission_empowerment_grants_0034|2023|kafue_2023_cdf_submission.xlsx|Empowerment Grants|40|empowerment_grant|NAMAMBWE MUTIPURPOSE|POULTRY|LUSAKA|KAFUE|KAFUE|MATANDA|LUMUMBA|FISHERIES & LIVESTOCK|||40000|20000|20000||||2023-09-26 00:00:00|2023-10-13 00:00:00|https://www.kafuecouncil.gov.zm/?page_id=195|kafue 2023 cdf submission|2026-09-11
cdf_record|2023_kafue_2023_cdf_submission_empowerment_grants_0035|2023|kafue_2023_cdf_submission.xlsx|Empowerment Grants|41|empowerment_grant|GRACE MINISTRIES MISSION INT`L|POULTRY FARMING|LUSAKA|KAFUE|KAFUE|KAFUE|MUCHUTO B|FISHERIES & LIVESTOCK|||40000|20000|20000||||2023-09-26 00:00:00|2023-10-13 00:00:00|https://www.kafuecouncil.gov.zm/?page_id=195|kafue 2023 cdf submission|2026-09-11
cdf_record|2023_kafue_2023_cdf_submission_empowerment_grants_0036|2023|kafue_2023_cdf_submission.xlsx|Empowerment Grants|42|empowerment_grant|CHABOTA WOMEN'S CLUB|POULTRY FARMING|LUSAKA|KAFUE|KAFUE|KAFUE|CHAWAMA|FISHERIES & LIVESTOCK|||40000|20000|20000||||2023-09-26 00:00:00|2023-10-13 00:00:00|https://www.kafuecouncil.gov.zm/?page_id=195|kafue 2023 cdf submission|2026-09-11
cdf_record|2023_kafue_2023_cdf_submission_empowerment_grants_0037|2023|kafue_2023_cdf_submission.xlsx|Empowerment Grants|43|empowerment_grant|GARDEN OF EDEN MULTIPURPOSE|POULTRY|LUSAKA|KAFUE|KAFUE|SHIMABALA|HETTY DENEN 1|FISHERIES & LIVESTOCK|||40000|20000|20000||||2023-09-26 00:00:00|2023-10-13 00:00:00|https://www.kafuecouncil.gov.zm/?page_id=195|kafue 2023 cdf submission|2026-09-11
cdf_record|2023_kafue_2023_cdf_submission_empowerment_grants_0038|2023|kafue_2023_cdf_submission.xlsx|Empowerment Grants|44|empowerment_grant|NSHIWILE MFUKEMEFYA WOMEN'S CLUB|POULTRY|LUSAKA|KAFUE|KAFUE|MALUNDU|11|FISHERIES & LIVESTOCK|||20000|20000|20000||||2023-09-26 00:00:00|2023-10-13 00:00:00|https://www.kafuecouncil.gov.zm/?page_id=195|kafue 2023 cdf submission|2026-09-11
cdf_record|2023_kafue_2023_cdf_submission_empowerment_grants_0039|2023|kafue_2023_cdf_submission.xlsx|Empowerment Grants|45|empowerment_grant|MILIKA-BELLA HOME FOR THE AGED|POULTRY|LUSAKA|KAFUE|KAFUE|KABWEZA|1|FISHERIES & LIVESTOCK|||40000|20000|20000||||2023-09-26 00:00:00|2023-10-13 00:00:00|https://www.kafuecouncil.gov.zm/?page_id=195|kafue 2023 cdf submission|2026-09-11
cdf_record|2023_kafue_2023_cdf_submission_empowerment_grants_0040|2023|kafue_2023_cdf_submission.xlsx|Empowerment Grants|46|empowerment_grant|KULIAKUIKALA WOMEN'S CLUB|POULTRY FARMING|LUSAKA|KAFUE|KAFUE|CHISANKANE|ZONE 1|FISHERIES & LIVESTOCK|||40000|20000|20000||||2023-09-26 00:00:00|2023-10-13 00:00:00|https://www.kafuecouncil.gov.zm/?page_id=195|kafue 2023 cdf submission|2026-09-11
cdf_record|2023_kafue_2023_cdf_submission_empowerment_grants_0041|2023|kafue_2023_cdf_submission.xlsx|Empowerment Grants|47|empowerment_grant|BLISS MULTI-PURPOSE CO-OPERATIVE LIMITED|HATCHERY|LUSAKA|KAFUE|KAFUE|KAFUE|1|MANUFACTURING & PROCESSING|||40000|30000|30000||||2023-09-26 00:00:00|2023-10-13 00:00:00|https://www.kafuecouncil.gov.zm/?page_id=195|kafue 2023 cdf submission|2026-09-11
cdf_record|2023_kafue_2023_cdf_submission_empowerment_grants_0042|2023|kafue_2023_cdf_submission.xlsx|Empowerment Grants|48|empowerment_grant|TIGWIRIZANE WOMEN'S CLUB|CHARCOAL BRIQUETTE|LUSAKA|KAFUE|KAFUE|KAFUE|ZONE 3|MANUFACTURING & PROCESSING|||40000|30000|30000||||2023-09-26 00:00:00|2023-10-13 00:00:00|https://www.kafuecouncil.gov.zm/?page_id=195|kafue 2023 cdf submission|2026-09-11
cdf_record|2023_kafue_2023_cdf_submission_empowerment_grants_0043|2023|kafue_2023_cdf_submission.xlsx|Empowerment Grants|49|empowerment_grant|MORNING STAR WOMEN'S CLUB|GOAT FARMING|LUSAKA|KAFUE|KAFUE|MAGOBA|15|FISHERIES & LIVESTOCK|||40000|20000|20000||||2023-09-26 00:00:00|2023-10-13 00:00:00|https://www.kafuecouncil.gov.zm/?page_id=195|kafue 2023 cdf submission|2026-09-11
cdf_record|2023_kafue_2023_cdf_submission_empowerment_grants_0044|2023|kafue_2023_cdf_submission.xlsx|Empowerment Grants|50|empowerment_grant|MIBULA WOME'S CLUB|BROILER REARING|LUSAKA|KAFUE|KAFUE|MALUNDU|ZONE 11|FISHERIES & LIVESTOCK|||40000|20000|20000||||2023-09-26 00:00:00|2023-10-13 00:00:00|https://www.kafuecouncil.gov.zm/?page_id=195|kafue 2023 cdf submission|2026-09-11
cdf_record|2023_kafue_2023_cdf_submission_empowerment_grants_0045|2023|kafue_2023_cdf_submission.xlsx|Empowerment Grants|51|empowerment_grant|TWENDE WOMEN'S CLUB|VILLAGE CHICKEN REARING|LUSAKA|KAFUE|KAFUE|MALUNDU|ZONE 11|FISHERIES & LIVESTOCK|||40000|20000|20000||||2023-09-26 00:00:00|2023-10-13 00:00:00|https://www.kafuecouncil.gov.zm/?page_id=195|kafue 2023 cdf submission|2026-09-11
cdf_record|2023_kafue_2023_cdf_submission_empowerment_grants_0046|2023|kafue_2023_cdf_submission.xlsx|Empowerment Grants|52|empowerment_grant|NEW KAFUE MULTI-PURPOSE COOPERATIVE SOCIETY|CHICKEN REARING|LUSAKA|KAFUE|KAFUE|MATANDA|6|FISHERIES & LIVESTOCK|||40000|20000|20000||||2023-09-26 00:00:00|2023-10-13 00:00:00|https://www.kafuecouncil.gov.zm/?page_id=195|kafue 2023 cdf submission|2026-09-11
cdf_record|2023_kafue_2023_cdf_submission_empowerment_grants_0047|2023|kafue_2023_cdf_submission.xlsx|Empowerment Grants|53|empowerment_grant|OSAWE WOMEN'S CLUB|TOILORING MACHINES|LUSAKA|KAFUE|KAFUE|MATANDA|6|TRADE & COMMERNCE|||40000|25000|25000||||2023-09-26 00:00:00|2023-10-13 00:00:00|https://www.kafuecouncil.gov.zm/?page_id=195|kafue 2023 cdf submission|2026-09-11
cdf_record|2023_kafue_2023_cdf_submission_empowerment_grants_0048|2023|kafue_2023_cdf_submission.xlsx|Empowerment Grants|54|empowerment_grant|JET LINE MULTI-PURPOSE SOCIETY LIMITED|CONSUMER GOODS RETAIL|LUSAKA|KAFUE|KAFUE|MATANDA|KASAKA|TRADE & COMMERNCE|||40000|30000|30000||||2023-09-26 00:00:00|2023-10-13 00:00:00|https://www.kafuecouncil.gov.zm/?page_id=195|kafue 2023 cdf submission|2026-09-11
cdf_record|2023_kafue_2023_cdf_submission_empowerment_grants_0049|2023|kafue_2023_cdf_submission.xlsx|Empowerment Grants|55|empowerment_grant|SHALENGWA WOMEN'S CLUB|VILLAGE BANKING|LUSAKA|KAFUE|KAFUE|MUNGU|16|BANKING & FINANCE|||20000|10000|10000||||2023-09-26 00:00:00|2023-10-13 00:00:00|https://www.kafuecouncil.gov.zm/?page_id=195|kafue 2023 cdf submission|2026-09-11
cdf_record|2023_kafue_2023_cdf_submission_empowerment_grants_0050|2023|kafue_2023_cdf_submission.xlsx|Empowerment Grants|56|empowerment_grant|TIYESEKO MULTI-PURPOSE CO-OPERATIVE SOCIETY|POULTRY FARMING|LUSAKA|KAFUE|KAFUE|MUNGU|16|FISHERIES & LIVESTOCK|||40000|20000|20000||||2023-09-26 00:00:00|2023-10-13 00:00:00|https://www.kafuecouncil.gov.zm/?page_id=195|kafue 2023 cdf submission|2026-09-11
cdf_record|2023_kafue_2023_cdf_submission_empowerment_grants_0051|2023|kafue_2023_cdf_submission.xlsx|Empowerment Grants|57|empowerment_grant|LIMPO WOMEN'S CLUB|VILLAGE BANKING|LUSAKA|KAFUE|KAFUE|MUNGU|16|BANKING & FINANCE|||40000|10000|10000||||2023-09-26 00:00:00|2023-10-13 00:00:00|https://www.kafuecouncil.gov.zm/?page_id=195|kafue 2023 cdf submission|2026-09-11
cdf_record|2023_kafue_2023_cdf_submission_empowerment_grants_0052|2023|kafue_2023_cdf_submission.xlsx|Empowerment Grants|58|empowerment_grant|MORNING STAR WOMEN'S CLUB|VILLAGE BANKING|LUSAKA|KAFUE|KAFUE|MUNGU|16|BANKING & FINANCE|||40000|10000|10000||||2023-09-26 00:00:00|2023-10-13 00:00:00|https://www.kafuecouncil.gov.zm/?page_id=195|kafue 2023 cdf submission|2026-09-11
cdf_record|2023_kafue_2023_cdf_submission_empowerment_grants_0053|2023|kafue_2023_cdf_submission.xlsx|Empowerment Grants|59|empowerment_grant|MUTUGWASHE WOMEN'S CLUB|VILLAGE CHICKENS|LUSAKA|KAFUE|KAFUE|MUNGU|1|FISHERIES & LIVESTOCK|||40000|20000|20000||||2023-09-26 00:00:00|2023-10-13 00:00:00|https://www.kafuecouncil.gov.zm/?page_id=195|kafue 2023 cdf submission|2026-09-11
cdf_record|2023_kafue_2023_cdf_submission_empowerment_grants_0054|2023|kafue_2023_cdf_submission.xlsx|Empowerment Grants|60|empowerment_grant|KANJAWA WOMEN'S CLUB|REARING VILLAGE CHICKEN & GOATS|LUSAKA|KAFUE|KAFUE|MUNGU|1|FISHERIES & LIVESTOCK|||40000|20000|20000||||2023-09-26 00:00:00|2023-10-13 00:00:00|https://www.kafuecouncil.gov.zm/?page_id=195|kafue 2023 cdf submission|2026-09-11
cdf_record|2023_kafue_2023_cdf_submission_empowerment_grants_0055|2023|kafue_2023_cdf_submission.xlsx|Empowerment Grants|61|empowerment_grant|CHITEMBAI CO-OPERATIVE|HAMMER MILL|LUSAKA|KAFUE|KAFUE|SHABUSALE|7|TRADE & COMMERNCE|||40000|40000|40000||||2023-09-26 00:00:00|2023-10-13 00:00:00|https://www.kafuecouncil.gov.zm/?page_id=195|kafue 2023 cdf submission|2026-09-11
cdf_record|2023_kafue_2023_cdf_submission_empowerment_grants_0056|2023|kafue_2023_cdf_submission.xlsx|Empowerment Grants|62|empowerment_grant|ENERGY OF HOPE MULTI-PURPOSE COOPERATIVE SOCIETY|VILLAGE BANKING|LUSAKA|KAFUE|KAFUE|SHIKOSWE|COTTAGE|BANKING & FINANCE|||40000|10000|10000||||2023-09-26 00:00:00|2023-10-13 00:00:00|https://www.kafuecouncil.gov.zm/?page_id=195|kafue 2023 cdf submission|2026-09-11
cdf_record|2023_kafue_2023_cdf_submission_empowerment_grants_0057|2023|kafue_2023_cdf_submission.xlsx|Empowerment Grants|63|empowerment_grant|KWIBU MULTI-PURPOSE COOPERATIVE|RESELLING DRY FOOD PRODUCTION|LUSAKA|KAFUE|KAFUE|SHIKOSWE|OLD SHIKOSWE|TRADE & COMMERNCE|||39150|20000|20000||||2023-09-26 00:00:00|2023-10-13 00:00:00|https://www.kafuecouncil.gov.zm/?page_id=195|kafue 2023 cdf submission|2026-09-11
cdf_record|2023_kafue_2023_cdf_submission_empowerment_grants_0058|2023|kafue_2023_cdf_submission.xlsx|Empowerment Grants|64|empowerment_grant|PLIMEC MULTI-PURPOSE SOCIETY LIMITED|ANIMAL AND POULTRY FARMING|LUSAKA|KAFUE|KAFUE|SHIKOSWE|GREEN FIELDS|FISHERIES & LIVESTOCK|||40000|20000|20000||||2023-09-26 00:00:00|2023-10-13 00:00:00|https://www.kafuecouncil.gov.zm/?page_id=195|kafue 2023 cdf submission|2026-09-11
cdf_record|2023_kafue_2023_cdf_submission_empowerment_grants_0059|2023|kafue_2023_cdf_submission.xlsx|Empowerment Grants|65|empowerment_grant|TRIMA MULTI-PURPOSE CO-ORPERATIVE|VILLAGE BANKING|LUSAKA|KAFUE|KAFUE|SHIKOSWE|NEW SHIKOSWE|BANKING & FINANCE|||40000|10000|10000||||2023-09-26 00:00:00|2023-10-13 00:00:00|https://www.kafuecouncil.gov.zm/?page_id=195|kafue 2023 cdf submission|2026-09-11
cdf_record|2023_kafue_2023_cdf_submission_empowerment_grants_0060|2023|kafue_2023_cdf_submission.xlsx|Empowerment Grants|66|empowerment_grant|MAPALO MULTI-PURPOSE CO-ORPERATIVE|MEALIE-MEAL AND MAIZE BRAND PRODUCTION|LUSAKA|KAFUE|KAFUE|SHIKOSWE|MWALEKA|MANUFACTURING & PROCESSING|||40000|40000|40000||||2023-09-26 00:00:00|2023-10-13 00:00:00|https://www.kafuecouncil.gov.zm/?page_id=195|kafue 2023 cdf submission|2026-09-11
cdf_record|2023_kafue_2023_cdf_submission_empowerment_grants_0061|2023|kafue_2023_cdf_submission.xlsx|Empowerment Grants|67|empowerment_grant|ZAZANYANA MULTI-PURPOSE CO-ORPERATIVE|CONSTRUCTION, PLUMBING, WELDING, CARPENTRY, AND ELECTRICAL|LUSAKA|KAFUE|KAFUE|SHIKOSWE|COTTAGE|TRADE & COMMERNCE|||40000|30000|30000||||2023-09-26 00:00:00|2023-10-13 00:00:00|https://www.kafuecouncil.gov.zm/?page_id=195|kafue 2023 cdf submission|2026-09-11
cdf_record|2023_kafue_2023_cdf_submission_empowerment_grants_0062|2023|kafue_2023_cdf_submission.xlsx|Empowerment Grants|68|empowerment_grant|JULOKA WOMEN'S CLUB|POULTRY FARMING|LUSAKA|KAFUE|KAFUE|SHIKOSWE|MWALEKA|FISHERIES & LIVESTOCK|||40000|20000|20000||||2023-09-26 00:00:00|2023-10-13 00:00:00|https://www.kafuecouncil.gov.zm/?page_id=195|kafue 2023 cdf submission|2026-09-11
cdf_record|2023_kafue_2023_cdf_submission_empowerment_grants_0063|2023|kafue_2023_cdf_submission.xlsx|Empowerment Grants|69|empowerment_grant|LUSUMPUKO MULTI-PURPOSE CO-ORPERATIVE SOCIETY LIMITED|POULTRY FARMING|LUSAKA|KAFUE|KAFUE|SHIKOSWE|NEW SHIKOSWE|FISHERIES & LIVESTOCK|||40000|20000|20000||||2023-09-26 00:00:00|2023-10-13 00:00:00|https://www.kafuecouncil.gov.zm/?page_id=195|kafue 2023 cdf submission|2026-09-11
cdf_record|2023_kafue_2023_cdf_submission_empowerment_grants_0064|2023|kafue_2023_cdf_submission.xlsx|Empowerment Grants|70|empowerment_grant|BULALO WOMEN'S CLUB|VILLAGE BANKING|LUSAKA|KAFUE|KAFUE|SHIKOSWE|WHIRLPOOL|BANKING & FINANCE|||40000|10000|10000||||2023-09-26 00:00:00|2023-10-13 00:00:00|https://www.kafuecouncil.gov.zm/?page_id=195|kafue 2023 cdf submission|2026-09-11
cdf_record|2023_kafue_2023_cdf_submission_empowerment_grants_0065|2023|kafue_2023_cdf_submission.xlsx|Empowerment Grants|71|empowerment_grant|NJOOLWE WOMEN'S CLUB|BROILER REARING|LUSAKA|KAFUE|KAFUE|SHIMABALA|ZONE 3|FISHERIES & LIVESTOCK|||40000.00|20000|20000||||2023-09-26 00:00:00|2023-10-13 00:00:00|https://www.kafuecouncil.gov.zm/?page_id=195|kafue 2023 cdf submission|2026-09-11
cdf_record|2023_kafue_2023_cdf_submission_empowerment_grants_0066|2023|kafue_2023_cdf_submission.xlsx|Empowerment Grants|72|empowerment_grant|TIBATANE WOMEN'S CLUB|POULTRY|LUSAKA|KAFUE|KAFUE|CHIAWA|CHIAWA|FISHERIES & LIVESTOCK|||39000|20000|20000||||2023-09-26 00:00:00|2023-10-13 00:00:00|https://www.kafuecouncil.gov.zm/?page_id=195|kafue 2023 cdf submission|2026-09-11
cdf_record|2023_kafue_2023_cdf_submission_empowerment_grants_0067|2023|kafue_2023_cdf_submission.xlsx|Empowerment Grants|73|empowerment_grant|CHILIMANGA WOMEN'S CLUB|POULTRY|LUSAKA|KAFUE|KAFUE|CHIAWA|CHIAWA|FISHERIES & LIVESTOCK|||39000|20000|20000||||2023-09-26 00:00:00|2023-10-13 00:00:00|https://www.kafuecouncil.gov.zm/?page_id=195|kafue 2023 cdf submission|2026-09-11
cdf_record|2023_kafue_2023_cdf_submission_empowerment_grants_0068|2023|kafue_2023_cdf_submission.xlsx|Empowerment Grants|74|empowerment_grant|NYALUSHIYA WOMEN'S CLUB|POLTRY|LUSAKA|KAFUE|KAFUE|CHIAWA|CHIAWA|FISHERIES & LIVESTOCK|||39000|20000|20000||||2023-09-26 00:00:00|2023-10-13 00:00:00|https://www.kafuecouncil.gov.zm/?page_id=195|kafue 2023 cdf submission|2026-09-11
cdf_record|2023_kafue_2023_cdf_submission_empowerment_grants_0069|2023|kafue_2023_cdf_submission.xlsx|Empowerment Grants|75|empowerment_grant|TWAMVWA MULTIPURPOSE WOMEN'S CLUB|HAMMER MILL|LUSAKA|KAFUE|KAFUE|SHABUSALE|2|MANUFACTURING & PROCESSING|||40000|40000|40000||||2023-09-26 00:00:00|2023-10-13 00:00:00|https://www.kafuecouncil.gov.zm/?page_id=195|kafue 2023 cdf submission|2026-09-11
cdf_record|2023_kafue_2023_cdf_submission_empowerment_grants_0070|2023|kafue_2023_cdf_submission.xlsx|Empowerment Grants|76|empowerment_grant|TADZIBVA WOMEN'S CLUB|GOAT KEEPING|LUSAKA|KAFUE|KAFUE|CHIAWA|MUGULAMENO|FISHERIES & LIVESTOCK|||40000|20000|20000||||2023-09-26 00:00:00|2023-10-13 00:00:00|https://www.kafuecouncil.gov.zm/?page_id=195|kafue 2023 cdf submission|2026-09-11
cdf_record|2023_kafue_2023_cdf_submission_empowerment_grants_0071|2023|kafue_2023_cdf_submission.xlsx|Empowerment Grants|77|empowerment_grant|LION HEART WOMEN'S CLUB|GOAT REARING|LUSAKA|KAFUE|KAFUE|CHIAWA|CHIYABA|FISHERIES & LIVESTOCK|||39890|20000|20000||||2023-09-26 00:00:00|2023-10-13 00:00:00|https://www.kafuecouncil.gov.zm/?page_id=195|kafue 2023 cdf submission|2026-09-11
cdf_record|2023_kafue_2023_cdf_submission_empowerment_grants_0072|2023|kafue_2023_cdf_submission.xlsx|Empowerment Grants|78|empowerment_grant|CHAUSA WOMEN'S CLUB|LIVESTOCK FARMING|LUSAKA|KAFUE|KAFUE|CHIAWA|CHIAWA|FISHERIES & LIVESTOCK|||39700|20000|20000||||2023-09-26 00:00:00|2023-10-13 00:00:00|https://www.kafuecouncil.gov.zm/?page_id=195|kafue 2023 cdf submission|2026-09-11
cdf_record|2023_kafue_2023_cdf_submission_empowerment_grants_0073|2023|kafue_2023_cdf_submission.xlsx|Empowerment Grants|79|empowerment_grant|RUGARE WOMEN'S CLUB|GARDENING|LUSAKA|KAFUE|KAFUE|CHIAWA|CHIAWA|AGRICULTURE|||40000|20000|20000||||2023-09-26 00:00:00|2023-10-13 00:00:00|https://www.kafuecouncil.gov.zm/?page_id=195|kafue 2023 cdf submission|2026-09-11
cdf_record|2023_kafue_2023_cdf_submission_empowerment_grants_0074|2023|kafue_2023_cdf_submission.xlsx|Empowerment Grants|80|empowerment_grant|MBPELI WOMEN'S CLUB|TAILORING & DESIGNING|LUSAKA|KAFUE|KAFUE|CHIAWA|CHIAWA|TRADE & COMMERNCE|||39900|25000|25000||||2023-09-26 00:00:00|2023-10-13 00:00:00|https://www.kafuecouncil.gov.zm/?page_id=195|kafue 2023 cdf submission|2026-09-11
cdf_record|2023_kafue_2023_cdf_submission_empowerment_grants_0075|2023|kafue_2023_cdf_submission.xlsx|Empowerment Grants|81|empowerment_grant|MULWILA AGRIC BUSSINESS COOPERATIVE|REARING OF VILLAGE CHICKENS|LUSAKA|KAFUE|KAFUE|MUNGU|16|FISHERIES & LIVESTOCK|||40 000.00|20000|20000||||2023-09-26 00:00:00|2023-10-13 00:00:00|https://www.kafuecouncil.gov.zm/?page_id=195|kafue 2023 cdf submission|2026-09-11
cdf_record|2023_kafue_2023_cdf_submission_empowerment_grants_0076|2023|kafue_2023_cdf_submission.xlsx|Empowerment Grants|82|empowerment_grant|POWER OSAWE WOMENS CLUB|POULTRY|LUSAKA|KAFUE|KAFUE|MAGOBA|ZONE 15|FISHERIES & LIVESTOCK|||40000|20000|20000||||2023-09-26 00:00:00|2023-10-13 00:00:00|https://www.kafuecouncil.gov.zm/?page_id=195|kafue 2023 cdf submission|2026-09-11
cdf_record|2023_kafue_2023_cdf_submission_empowerment_grants_0077|2023|kafue_2023_cdf_submission.xlsx|Empowerment Grants|83|empowerment_grant|LUGANO WOMEN'S CLUB|RESELLING OF FARMING CHAMICALS AND SEEDS|LUSAKA|KAFUE|KAFUE|KASENJE|COMMUNITY SI X 2|TRADE & COMMERNCE|||40000|30000|30000||||2023-09-26 00:00:00|2023-10-13 00:00:00|https://www.kafuecouncil.gov.zm/?page_id=195|kafue 2023 cdf submission|2026-09-11
cdf_record|2023_kafue_2023_cdf_submission_empowerment_grants_0078|2023|kafue_2023_cdf_submission.xlsx|Empowerment Grants|84|empowerment_grant|DISTRICT WOMEN'S ASSOCIATION|SMOKING FISH/CHICKEN & MAKING PAST|LUSAKA|KAFUE|KAFUE|KASENJE|1|TRADE & COMMERNCE|||40000|30000|30000||||2023-09-26 00:00:00|2023-10-13 00:00:00|https://www.kafuecouncil.gov.zm/?page_id=195|kafue 2023 cdf submission|2026-09-11
cdf_record|2023_kafue_2023_cdf_submission_empowerment_grants_0079|2023|kafue_2023_cdf_submission.xlsx|Empowerment Grants|85|empowerment_grant|WISE YOUTH CLUB|VILLAGE CHICKEN REARING|LUSAKA|KAFUE|KAFUE|CHIFWEMA|CHIFWEMA|FISHERIES & LIVESTOCK|||35000|20000|20000||||2023-09-26 00:00:00|2023-10-13 00:00:00|https://www.kafuecouncil.gov.zm/?page_id=195|kafue 2023 cdf submission|2026-09-11
cdf_record|2023_kafue_2023_cdf_submission_empowerment_grants_0080|2023|kafue_2023_cdf_submission.xlsx|Empowerment Grants|86|empowerment_grant|CHISAKILA YOUTH CLUB|BROILER CHICKEN PROJECT|LUSAKA|KAFUE|KAFUE|CHISAKILA|CHISAKILA|FISHERIES & LIVESTOCK|||40000|17000|17000||||2023-09-26 00:00:00|2023-10-13 00:00:00|https://www.kafuecouncil.gov.zm/?page_id=195|kafue 2023 cdf submission|2026-09-11
cdf_record|2023_kafue_2023_cdf_submission_empowerment_grants_0081|2023|kafue_2023_cdf_submission.xlsx|Empowerment Grants|87|empowerment_grant|MAPANZA COOPERATIVE|GOAT REARING|LUSAKA|KAFUE|KAFUE|CHISAKILA|CHISAKILA|FISHERIES & LIVESTOCK|||40000|17000|17000||||2023-09-26 00:00:00|2023-10-13 00:00:00|https://www.kafuecouncil.gov.zm/?page_id=195|kafue 2023 cdf submission|2026-09-11
cdf_record|2023_kafue_2023_cdf_submission_empowerment_grants_0082|2023|kafue_2023_cdf_submission.xlsx|Empowerment Grants|88|empowerment_grant|TATENDE YOUTH CLUB|GOAT REARING|LUSAKA|KAFUE|KAFUE|CHIAWA|CHIAWA|FISHERIES & LIVESTOCK|||35000|17000|17000||||2023-09-26 00:00:00|2023-10-13 00:00:00|https://www.kafuecouncil.gov.zm/?page_id=195|kafue 2023 cdf submission|2026-09-11
cdf_record|2023_kafue_2023_cdf_submission_empowerment_grants_0083|2023|kafue_2023_cdf_submission.xlsx|Empowerment Grants|89|empowerment_grant|MWACHALA WOMENS CLUB|CHICKEN REARING|LUSAKA|KAFUE|KAFUE|MAGOBA|15|FISHERIES & LIVESTOCK|||50000|17000|17000||||2023-09-26 00:00:00|2023-10-13 00:00:00|https://www.kafuecouncil.gov.zm/?page_id=195|kafue 2023 cdf submission|2026-09-11
cdf_record|2023_kafue_2023_cdf_submission_empowerment_grants_0084|2023|kafue_2023_cdf_submission.xlsx|Empowerment Grants|90|empowerment_grant|NAMOWANI WOMENS CLUB|LIVESTOCK PRODUCTION|LUSAKA|KAFUE|KAFUE|MAGOBA|15|FISHERIES & LIVESTOCK|||50000|17000|17000||||2023-09-26 00:00:00|2023-10-13 00:00:00|https://www.kafuecouncil.gov.zm/?page_id=195|kafue 2023 cdf submission|2026-09-11
cdf_record|2023_kafue_2023_cdf_submission_empowerment_grants_0085|2023|kafue_2023_cdf_submission.xlsx|Empowerment Grants|91|empowerment_grant|TWAINDA WOMENS CLUB|LIVESTOCK PRODUCTION|LUSAKA|KAFUE|KAFUE|MAGOBA|15|FISHERIES & LIVESTOCK|||50000|17000|17000||||2023-09-26 00:00:00|2023-10-13 00:00:00|https://www.kafuecouncil.gov.zm/?page_id=195|kafue 2023 cdf submission|2026-09-11
cdf_record|2023_kafue_2023_cdf_submission_empowerment_grants_0086|2023|kafue_2023_cdf_submission.xlsx|Empowerment Grants|92|empowerment_grant|NEW VISION|GOAT FARMING|LUSAKA|KAFUE|KAFUE|MAGOBA|15|FISHERIES & LIVESTOCK|||50000|17000|17000||||2023-09-26 00:00:00|2023-10-13 00:00:00|https://www.kafuecouncil.gov.zm/?page_id=195|kafue 2023 cdf submission|2026-09-11
cdf_record|2023_kafue_2023_cdf_submission_empowerment_grants_0087|2023|kafue_2023_cdf_submission.xlsx|Empowerment Grants|93|empowerment_grant|MAKANGWE SDA CHURCH|POULTRY FARMING|LUSAKA|KAFUE|KAFUE|MALUNDU|11|FISHERIES & LIVESTOCK|||40000|17000|17000||||2023-09-26 00:00:00|2023-10-13 00:00:00|https://www.kafuecouncil.gov.zm/?page_id=195|kafue 2023 cdf submission|2026-09-11
cdf_record|2023_kafue_2023_cdf_submission_empowerment_grants_0088|2023|kafue_2023_cdf_submission.xlsx|Empowerment Grants|94|empowerment_grant|CHABOTA COOPERATIVE|POULTRY|LUSAKA|KAFUE|KAFUE|SHIMABALA|CHIPONGWE ZONE|FISHERIES & LIVESTOCK|||40000|17000|17000||||2023-09-26 00:00:00|2023-10-13 00:00:00|https://www.kafuecouncil.gov.zm/?page_id=195|kafue 2023 cdf submission|2026-09-11
cdf_record|2023_kafue_2023_cdf_submission_empowerment_grants_0089|2023|kafue_2023_cdf_submission.xlsx|Empowerment Grants|95|empowerment_grant|KAZIKANI MULTIPURPOSE COOPERATIVE|TAILORING & DESIGNING|LUSAKA|KAFUE|KAFUE|SHIMABALA|CHIPONGWE ZONE|TRADE & COMMERNCE|||40000|20000|20000||||2023-09-26 00:00:00|2023-10-13 00:00:00|https://www.kafuecouncil.gov.zm/?page_id=195|kafue 2023 cdf submission|2026-09-11
cdf_record|2023_kafue_2023_cdf_submission_empowerment_grants_0090|2023|kafue_2023_cdf_submission.xlsx|Empowerment Grants|96|empowerment_grant|LUMUNI VILLAGE WOMEN CLUB|VILLAGE BANKING|LUSAKA|KAFUE|KAFUE|CHIFWEMA|CHIFWEMA|BANKING & FINANCE|||40000|10000|10000||||2023-09-26 00:00:00|2023-10-13 00:00:00|https://www.kafuecouncil.gov.zm/?page_id=195|kafue 2023 cdf submission|2026-09-11
cdf_record|2023_kafue_2023_cdf_submission_empowerment_grants_0091|2023|kafue_2023_cdf_submission.xlsx|Empowerment Grants|97|empowerment_grant|TUNYAMFWANE WOMENS CLUB|GOAT REARING|LUSAKA|KAFUE|KAFUE|CHIFWEMA|CHIFWEMA|FISHERIES & LIVESTOCK|||40000|17000|17000||||2023-09-26 00:00:00|2023-10-13 00:00:00|https://www.kafuecouncil.gov.zm/?page_id=195|kafue 2023 cdf submission|2026-09-11
cdf_record|2023_kafue_2023_cdf_submission_empowerment_grants_0092|2023|kafue_2023_cdf_submission.xlsx|Empowerment Grants|98|empowerment_grant|PRESSURE YOUTH CLUB|POULTRY BUSINESS|LUSAKA|KAFUE|KAFUE|CHIFWEMA|CHIFWEMA|FISHERIES & LIVESTOCK|||35000|20000|20000||||2023-09-26 00:00:00|2023-10-13 00:00:00|https://www.kafuecouncil.gov.zm/?page_id=195|kafue 2023 cdf submission|2026-09-11
cdf_record|2023_kafue_2023_cdf_submission_empowerment_grants_0093|2023|kafue_2023_cdf_submission.xlsx|Empowerment Grants|99|empowerment_grant|CHIKUPI UNITED CLUB|FOOD PROCESSING ( MAIZE SHELLER)|LUSAKA|KAFUE|KAFUE|CHIKUPI|DEMU A|MANUFACTURING & PROCESSING|||40000|17000|17000||||2023-09-26 00:00:00|2023-10-13 00:00:00|https://www.kafuecouncil.gov.zm/?page_id=195|kafue 2023 cdf submission|2026-09-11
cdf_record|2023_kafue_2023_cdf_submission_empowerment_grants_0094|2023|kafue_2023_cdf_submission.xlsx|Empowerment Grants|100|empowerment_grant|CORNER CROSS MULTIPURPOSE COOPERATIVE|HAMMER MILL|LUSAKA|KAFUE|KAFUE|LUKOLONGO|LIKASA|MANUFACTURING & PROCESSING|||40000|40000|40000||||2023-09-26 00:00:00|2023-10-13 00:00:00|https://www.kafuecouncil.gov.zm/?page_id=195|kafue 2023 cdf submission|2026-09-11
cdf_record|2023_kafue_2023_cdf_submission_empowerment_grants_0095|2023|kafue_2023_cdf_submission.xlsx|Empowerment Grants|101|empowerment_grant|CHINDICHESU MULTIPURPOSE COOPERATIVE|PIGGERY|LUSAKA|KAFUE|KAFUE|CHIKUPI|CHILAMBIRA|FISHERIES & LIVESTOCK|||40000|17000|17000||||2023-09-26 00:00:00|2023-10-13 00:00:00|https://www.kafuecouncil.gov.zm/?page_id=195|kafue 2023 cdf submission|2026-09-11
cdf_record|2023_kafue_2023_cdf_submission_empowerment_grants_0096|2023|kafue_2023_cdf_submission.xlsx|Empowerment Grants|102|empowerment_grant|LUSUMPUKO CHIKUPI YOUTH CLUB|BROILER CHICKEN PROJECT|LUSAKA|KAFUE|KAFUE|CHIKUPI|DEMU|FISHERIES & LIVESTOCK|||40000|17000|17000||||2023-09-26 00:00:00|2023-10-13 00:00:00|https://www.kafuecouncil.gov.zm/?page_id=195|kafue 2023 cdf submission|2026-09-11
cdf_record|2023_kafue_2023_cdf_submission_empowerment_grants_0097|2023|kafue_2023_cdf_submission.xlsx|Empowerment Grants|103|empowerment_grant|TUSUMPUKE WOMENS CLUB|BROILER CHICKEN PROJECT|LUSAKA|KAFUE|KAFUE|CHIKUPI|ST AMBROSE|FISHERIES & LIVESTOCK|||40000|17000|17000||||2023-09-26 00:00:00|2023-10-13 00:00:00|https://www.kafuecouncil.gov.zm/?page_id=195|kafue 2023 cdf submission|2026-09-11
cdf_record|2023_kafue_2023_cdf_submission_empowerment_grants_0098|2023|kafue_2023_cdf_submission.xlsx|Empowerment Grants|104|empowerment_grant|KALAMA WOMENS CLUB|BROILER CHICKEN PROJECT|LUSAKA|KAFUE|KAFUE|CHIKUPI|DEMU|FISHERIES & LIVESTOCK|||40000|17000|17000||||2023-09-26 00:00:00|2023-10-13 00:00:00|https://www.kafuecouncil.gov.zm/?page_id=195|kafue 2023 cdf submission|2026-09-11
cdf_record|2023_kafue_2023_cdf_submission_empowerment_grants_0099|2023|kafue_2023_cdf_submission.xlsx|Empowerment Grants|105|empowerment_grant|CHRISTINAR WOMENS MULTIPURPOSE COPERATIVE|BROILER CHICKEN PROJECT|LUSAKA|KAFUE|KAFUE|CHIKUPI|NAMAWANO ( HILL TOP)|FISHERIES & LIVESTOCK|||40000|17000|17000||||2023-09-26 00:00:00|2023-10-13 00:00:00|https://www.kafuecouncil.gov.zm/?page_id=195|kafue 2023 cdf submission|2026-09-11
cdf_record|2023_kafue_2023_cdf_submission_empowerment_grants_0100|2023|kafue_2023_cdf_submission.xlsx|Empowerment Grants|106|empowerment_grant|KANYANGALA YOUTH CLUB|BROILER CHICKEN PROJECT|LUSAKA|KAFUE|KAFUE|CHITENDE|KANYANGALA ZONE|FISHERIES & LIVESTOCK|||40000|20000|20000||||2023-09-26 00:00:00|2023-10-13 00:00:00|https://www.kafuecouncil.gov.zm/?page_id=195|kafue 2023 cdf submission|2026-09-11
cdf_record|2023_kafue_2023_cdf_submission_empowerment_grants_0101|2023|kafue_2023_cdf_submission.xlsx|Empowerment Grants|107|empowerment_grant|CHIPAPA MULTIPURPOSE COOPERATIVE SOCIETY|VILLAGE CHICKEN REARING|LUSAKA|KAFUE|KAFUE|MALUNDU|11|FISHERIES & LIVESTOCK|||40000|20000|20000||||2023-09-26 00:00:00|2023-10-13 00:00:00|https://www.kafuecouncil.gov.zm/?page_id=195|kafue 2023 cdf submission|2026-09-11
cdf_record|2023_kafue_2023_cdf_submission_empowerment_grants_0102|2023|kafue_2023_cdf_submission.xlsx|Empowerment Grants|108|empowerment_grant|TITANDIZANE WOMENS CLUB|CHICKEN REARING|LUSAKA|KAFUE|KAFUE|MALUNDU|11|FISHERIES & LIVESTOCK|||27000.00|17000|17000||||2023-09-26 00:00:00|2023-10-13 00:00:00|https://www.kafuecouncil.gov.zm/?page_id=195|kafue 2023 cdf submission|2026-09-11
cdf_record|2023_kafue_2023_cdf_submission_empowerment_grants_0103|2023|kafue_2023_cdf_submission.xlsx|Empowerment Grants|109|empowerment_grant|SANIKUWO SEED GROWERS ASSOCIATION|SOLAR EGG INCUBATOR|LUSAKA|KAFUE|KAFUE|MALUNDU|11|MANUFACTURING & PROCESSING|||40000|17800|17800||||2023-09-26 00:00:00|2023-10-13 00:00:00|https://www.kafuecouncil.gov.zm/?page_id=195|kafue 2023 cdf submission|2026-09-11
cdf_record|2023_kafue_2023_cdf_submission_empowerment_grants_0104|2023|kafue_2023_cdf_submission.xlsx|Empowerment Grants|110|empowerment_grant|NAOMI WOMENS CLUB|VILLAGE BANKINuG & CHICKEN REARING|LUSAKA|KAFUE|KAFUE|CHISANKANE|2|FISHERIES & LIVESTOCK|||50000|20000|20000||||2023-09-26 00:00:00|2023-10-13 00:00:00|https://www.kafuecouncil.gov.zm/?page_id=195|kafue 2023 cdf submission|2026-09-11
cdf_record|2023_kafue_2023_cdf_submission_empowerment_grants_0105|2023|kafue_2023_cdf_submission.xlsx|Empowerment Grants|111|empowerment_grant|KANYANJA COOPERATIVE|VILLAGE CHICKEN REARING|LUSAKA|KAFUE|KAFUE|CHISANKANE|4|FISHERIES & LIVESTOCK|||50000|20000|20000||||2023-09-26 00:00:00|2023-10-13 00:00:00|https://www.kafuecouncil.gov.zm/?page_id=195|kafue 2023 cdf submission|2026-09-11
cdf_record|2023_kafue_2023_cdf_submission_loans_0001|2023|kafue_2023_cdf_submission.xlsx|LOANS|7|cdf_loan||ELECTRICAL & TELECOMMUNICATION|LUSAKA|KAFUE|KAFUE|7|SHABUSALE|TRADE & COMMERCE||00.01.2024|150000|150000|150000|150000||||23.10.2023|https://www.kafuecouncil.gov.zm/?page_id=195|kafue 2023 cdf submission|2026-09-11
cdf_record|2023_kafue_2023_cdf_submission_loans_0002|2023|kafue_2023_cdf_submission.xlsx|LOANS|8|cdf_loan||EDUCATION|LUSAKA|KAFUE|KAFUE|7|SHABUSALE|EDUCATION||00.01.2024|200000|200000|200000|200000||||23.10.2023|https://www.kafuecouncil.gov.zm/?page_id=195|kafue 2023 cdf submission|2026-09-11
cdf_record|2023_kafue_2023_cdf_submission_loans_0003|2023|kafue_2023_cdf_submission.xlsx|LOANS|9|cdf_loan||MONEY LENDING SERVICES|LUSAKA|KAFUE|KAFUE|KWACHA ZONE 1|SHABUSALE|BANKING & FINANCE||00.01.2024|50000|50000|50000|50000||||23.10.2023|https://www.kafuecouncil.gov.zm/?page_id=195|kafue 2023 cdf submission|2026-09-11
cdf_record|2023_kafue_2023_cdf_submission_loans_0004|2023|kafue_2023_cdf_submission.xlsx|LOANS|10|cdf_loan||INTERNET & STATIONARY SHOP|LUSAKA|KAFUE|KAFUE|NEW SHIKOSWE|SHIKOSWE|TRADE & COMMERCE||00.01.2024|60000|60000|60000|60000||||23.10.2023|https://www.kafuecouncil.gov.zm/?page_id=195|kafue 2023 cdf submission|2026-09-11
cdf_record|2023_kafue_2023_cdf_submission_loans_0005|2023|kafue_2023_cdf_submission.xlsx|LOANS|11|cdf_loan||BLOCK MAKING CONSTRUCTION|LUSAKA|KAFUE|KAFUE|1|KASENJE|MANUFACTURING & PROCESSING||00.01.2024|200000|200000|200000|200000||||23.10.2023|https://www.kafuecouncil.gov.zm/?page_id=195|kafue 2023 cdf submission|2026-09-11
cdf_record|2023_kafue_2023_cdf_submission_loans_0006|2023|kafue_2023_cdf_submission.xlsx|LOANS|12|cdf_loan||MANUFACTURING|LUSAKA|KAFUE|KAFUE|COMMUNITY SIX 1|KASENJE|MANUFACTURING & PROCESSING||00.01.2024|100000|100000|100000|100000||||23.10.2023|https://www.kafuecouncil.gov.zm/?page_id=195|kafue 2023 cdf submission|2026-09-11
cdf_record|2023_kafue_2023_cdf_submission_loans_0007|2023|kafue_2023_cdf_submission.xlsx|LOANS|13|cdf_loan||STATIONARIES|LUSAKA|KAFUE|KAFUE|COMMUNITY SIX 2|KASENJE|TRADE & COMMERCE||00.01.2024|100000|100000|100000|100000||||23.10.2023|https://www.kafuecouncil.gov.zm/?page_id=195|kafue 2023 cdf submission|2026-09-11
cdf_record|2023_kafue_2023_cdf_submission_loans_0008|2023|kafue_2023_cdf_submission.xlsx|LOANS|14|cdf_loan||POULTRY|LUSAKA|KAFUE|KAFUE|NANGONGWE|MATANDA|LIVESTOCK & FISHERIES||00.01.2024|40000|40000|40000|40000||||23.10.2023|https://www.kafuecouncil.gov.zm/?page_id=195|kafue 2023 cdf submission|2026-09-11
cdf_record|2023_kafue_2023_cdf_submission_loans_0009|2023|kafue_2023_cdf_submission.xlsx|LOANS|15|cdf_loan||HARDWARE|LUSAKA|KAFUE|KAFUE|LUMUMBA|MATANDA|TRADE & COMMERCE||00.01.2024|200000|200000|200000|200000||||23.10.2023|https://www.kafuecouncil.gov.zm/?page_id=195|kafue 2023 cdf submission|2026-09-11
cdf_record|2023_kafue_2023_cdf_submission_loans_0010|2023|kafue_2023_cdf_submission.xlsx|LOANS|16|cdf_loan||DAIRY ANIMAL FARMING|LUSAKA|KAFUE|KAFUE|NANGONGWE|MATANDA|LIVESTOCK & FISHERIES||00.01.2024|200000|200000|200000|200000||||23.10.2023|https://www.kafuecouncil.gov.zm/?page_id=195|kafue 2023 cdf submission|2026-09-11
cdf_record|2023_kafue_2023_cdf_submission_loans_0011|2023|kafue_2023_cdf_submission.xlsx|LOANS|17|cdf_loan||HARDWARE|LUSAKA|KAFUE|KAFUE|LUMUMBA|MATANDA|TRADE & COMMERCE||00.01.2024|200000|200000|200000|200000||||23.10.2023|https://www.kafuecouncil.gov.zm/?page_id=195|kafue 2023 cdf submission|2026-09-11
cdf_record|2023_kafue_2023_cdf_submission_loans_0012|2023|kafue_2023_cdf_submission.xlsx|LOANS|18|cdf_loan||STATIONARY|LUSAKA|KAFUE|KAFUE|LUMUMBA|MATANDA|TRADE & COMMERCE||00.01.2024|50000|50000|50000|50000||||23.10.2023|https://www.kafuecouncil.gov.zm/?page_id=195|kafue 2023 cdf submission|2026-09-11
cdf_record|2023_kafue_2023_cdf_submission_loans_0013|2023|kafue_2023_cdf_submission.xlsx|LOANS|19|cdf_loan||WAREHOUSING|LUSAKA|KAFUE|KAFUE|LUMUMBA|MATANDA|TRADE & COMMERCE||00.01.2024|200000|200000|200000|200000||||23.10.2023|https://www.kafuecouncil.gov.zm/?page_id=195|kafue 2023 cdf submission|2026-09-11
cdf_record|2023_kafue_2023_cdf_submission_loans_0014|2023|kafue_2023_cdf_submission.xlsx|LOANS|20|cdf_loan||MOTOR VEHICLE GARAGE|LUSAKA|KAFUE|KAFUE|TOWN CENTRE|KAFUE|TRADE & COMMERCE||00.01.2024|200000|200000|200000|200000||||23.10.2023|https://www.kafuecouncil.gov.zm/?page_id=195|kafue 2023 cdf submission|2026-09-11
cdf_record|2023_kafue_2023_cdf_submission_loans_0015|2023|kafue_2023_cdf_submission.xlsx|LOANS|21|cdf_loan||FEED DISTRIBUTION|LUSAKA|KAFUE|KAFUE|1|KAFUE|TRADE & COMMERCE||00.01.2024|200000|200000|200000|200000||||23.10.2023|https://www.kafuecouncil.gov.zm/?page_id=195|kafue 2023 cdf submission|2026-09-11
cdf_record|2023_kafue_2023_cdf_submission_loans_0016|2023|kafue_2023_cdf_submission.xlsx|LOANS|22|cdf_loan||MANUFACTURING OF CLEANING CHEMICALS|LUSAKA|KAFUE|KAFUE|GREENFIELD|SHIKOSWE|MANUFACTURING & PROCESSING||00.01.2024|200000|200000|200000|200000||||23.10.2023|https://www.kafuecouncil.gov.zm/?page_id=195|kafue 2023 cdf submission|2026-09-11
cdf_record|2023_kafue_2023_cdf_submission_loans_0017|2023|kafue_2023_cdf_submission.xlsx|LOANS|23|cdf_loan||SECURITY SEVICES|LUSAKA|KAFUE|KAFUE|1|KAFUE|TRADE & COMMERCE||00.01.2024|100000|100000|100000|100000||||23.10.2023|https://www.kafuecouncil.gov.zm/?page_id=195|kafue 2023 cdf submission|2026-09-11
cdf_record|2023_kafue_2023_cdf_submission_loans_0018|2023|kafue_2023_cdf_submission.xlsx|LOANS|24|cdf_loan||WHOLESALE SHOP|LUSAKA|KAFUE|KAFUE|09 KATYOKA|SHIMABALA|TRADE & COMMERCE||00.01.2024|150000|150000|150000|150000||||23.10.2023|https://www.kafuecouncil.gov.zm/?page_id=195|kafue 2023 cdf submission|2026-09-11
cdf_record|2023_kafue_2023_cdf_submission_loans_0019|2023|kafue_2023_cdf_submission.xlsx|LOANS|25|cdf_loan||POULTRY & DAIRY PRODUCTION|LUSAKA|KAFUE|KAFUE|DENANE|SHIMABALA|LIVESTOCK & FISHERIES||00.01.2024|200000|200000|200000|200000||||23.10.2023|https://www.kafuecouncil.gov.zm/?page_id=195|kafue 2023 cdf submission|2026-09-11
cdf_record|2023_kafue_2023_cdf_submission_community_projects_0001|2023|kafue_2023_cdf_submission.xlsx|COMMUNITY PROJECTS|7|community_project|Shikoswe Bus stop|completion of Shikoswe Bus stop|Lusaka|kafue|kafue|shikoswe||Markets|Shikoswe|1|||20000||||13th June 2023||https://www.kafuecouncil.gov.zm/?page_id=195|kafue 2023 cdf submission|2026-09-11
cdf_record|2023_kafue_2023_cdf_submission_community_projects_0002|2023|kafue_2023_cdf_submission.xlsx|COMMUNITY PROJECTS|8|community_project|Chipapa Health Post|Completion of Chipapa Health Post|Lusaka|kafue|kafue|Malundu||Health|Chipapa|1|||275000||||13th June 2023||https://www.kafuecouncil.gov.zm/?page_id=195|kafue 2023 cdf submission|2026-09-11
cdf_record|2023_kafue_2023_cdf_submission_community_projects_0003|2023|kafue_2023_cdf_submission.xlsx|COMMUNITY PROJECTS|9|community_project|Chief's palance|Construction of chief’s palace|Lusaka|kafue|kafue|Chiawa||chiefs & Tradition|chiawa|0.1|||1000000||||13th June 2023||https://www.kafuecouncil.gov.zm/?page_id=195|kafue 2023 cdf submission|2026-09-11
cdf_record|2023_kafue_2023_cdf_submission_community_projects_0004|2023|kafue_2023_cdf_submission.xlsx|COMMUNITY PROJECTS|10|community_project|Chilambila Health post water supply system|Construction of a Health post in Chilambila with water supply system and incinerator|Lusaka|kafue|kafue|Chifwema|Chilambila|Health|Chilambila|0.87|||1424281.25||||13th June 2023||https://www.kafuecouncil.gov.zm/?page_id=195|kafue 2023 cdf submission|2026-09-11
cdf_record|2023_kafue_2023_cdf_submission_community_projects_0005|2023|kafue_2023_cdf_submission.xlsx|COMMUNITY PROJECTS|11|community_project|Lishiko Primary school 1X3 Classroom Block|Construction of a 1x3 classroom block at Lishiko primary School|Lusaka|kafue|kafue|Lukolongo|Lishiko|Education|Lishiko Primary School|0.85|||1198930.34||||13th June 2023||https://www.kafuecouncil.gov.zm/?page_id=195|kafue 2023 cdf submission|2026-09-11
cdf_record|2023_kafue_2023_cdf_submission_community_projects_0006|2023|kafue_2023_cdf_submission.xlsx|COMMUNITY PROJECTS|12|community_project|Bridge Between C5 and C7|Construction of bridge between C5 and C7|Lusaka|kafue|kafue|Kansenje||roads|Foot Bridge between Kansenje and Shabusala|0.98|||692155.09||||13th June 2023||https://www.kafuecouncil.gov.zm/?page_id=195|kafue 2023 cdf submission|2026-09-11
cdf_record|2023_kafue_2023_cdf_submission_community_projects_0007|2023|kafue_2023_cdf_submission.xlsx|COMMUNITY PROJECTS|13|community_project|Chipongwe health post Maternity Wing|Construction of health post and maternity wing in chipongwe with an incinerator and water supply system|Lusaka|kafue|kafue|Shimabala|chipongwe|Health|chipongwe|1|||1424281.25||||13th June 2023||https://www.kafuecouncil.gov.zm/?page_id=195|kafue 2023 cdf submission|2026-09-11
cdf_record|2023_kafue_2023_cdf_submission_community_projects_0008|2023|kafue_2023_cdf_submission.xlsx|COMMUNITY PROJECTS|14|community_project|procurement of roller compactor|Procurement of a 14 Tonnes Vibratory steel roller compactor|Lusaka|kafue|kafue|Kafue constituency||procurment||1|||1920000||||13th June 2023||https://www.kafuecouncil.gov.zm/?page_id=195|kafue 2023 cdf submission|2026-09-11
cdf_record|2023_kafue_2023_cdf_submission_community_projects_0009|2023|kafue_2023_cdf_submission.xlsx|COMMUNITY PROJECTS|15|community_project|Procurement of Water bowser|Procurement of an 18000 to 20,000.00 liter capacity water bowser|Lusaka|kafue|kafue|Kafue constituency||procurment||1|||1900000||||13th June 2023||https://www.kafuecouncil.gov.zm/?page_id=195|kafue 2023 cdf submission|2026-09-11
cdf_record|2023_kafue_2023_cdf_submission_community_projects_0010|2023|kafue_2023_cdf_submission.xlsx|COMMUNITY PROJECTS|16|community_project|Likasa secondary school water connection|Electrification on the Likasa Secondary School|Lusaka|kafue|kafue|LOKOLOGO||Education|Likasa secondary school|0|||50195.98||||13th June 2023||https://www.kafuecouncil.gov.zm/?page_id=195|kafue 2023 cdf submission|2026-09-11
cdf_record|2023_kafue_2023_cdf_submission_community_projects_0011|2023|kafue_2023_cdf_submission.xlsx|COMMUNITY PROJECTS|17|community_project|Desk procurement|Procurement of 2,911 Desk|Lusaka|kafue|kafue|Kafue constituency||Education||0.86|||3784661.34||||13th June 2023||https://www.kafuecouncil.gov.zm/?page_id=195|kafue 2023 cdf submission|2026-09-11
cdf_record|2023_kafue_2023_cdf_submission_community_projects_0012|2023|kafue_2023_cdf_submission.xlsx|COMMUNITY PROJECTS|18|community_project|shikoswe ward roads re-graveling- 4KM roadworks and drinages|Re-Graveling of 4Km Roads in shikoswe|Lusaka|kafue|kafue|Shikoswe||Public roads||0.87|||836705.69||||13th June 2023||https://www.kafuecouncil.gov.zm/?page_id=195|kafue 2023 cdf submission|2026-09-11
cdf_record|2023_kafue_2023_cdf_submission_community_projects_0013|2023|kafue_2023_cdf_submission.xlsx|COMMUNITY PROJECTS|19|community_project|Kabweza roads re-graveling- 4KM|Re-Graveling of 4Km Roads in Kabweza|Lusaka|kafue|kafue|Kabweza||Public roads|Kabweza to Mungu The main road joining the two wards|0.3|||354737.21||||13th June 2023||https://www.kafuecouncil.gov.zm/?page_id=195|kafue 2023 cdf submission|2026-09-11
cdf_record|2023_kafue_2023_cdf_submission_community_projects_0014|2023|kafue_2023_cdf_submission.xlsx|COMMUNITY PROJECTS|20|community_project|Chifwema re-graveling|Re-Graveling of 5Km Roads in Chifwema|Lusaka|kafue|kafue|Chifwema||Public roads|The road from Chifwema main road to Chifwema primary school and also a small stretch on Chifwema main road|1|||489745.93||||13th June 2023||https://www.kafuecouncil.gov.zm/?page_id=195|kafue 2023 cdf submission|2026-09-11
cdf_record|2023_kafue_2023_cdf_submission_community_projects_0015|2023|kafue_2023_cdf_submission.xlsx|COMMUNITY PROJECTS|21|community_project|chiawa road re-graveling|Re-Graveling of 4Km Roads Chiawa|Lusaka|kafue|kafue|Chiawa||Public roads|This is the stretch from Chiawa central to somewhere near Chijata area|0.8|||833631.29||||13th June 2023||https://www.kafuecouncil.gov.zm/?page_id=195|kafue 2023 cdf submission|2026-09-11
cdf_record|2023_kafue_2023_cdf_submission_community_projects_0016|2023|kafue_2023_cdf_submission.xlsx|COMMUNITY PROJECTS|22|community_project|Magoba roads re-graveling|Re-Graveling of 5Km Roads in Magoba|Lusaka|kafue|kafue|Magoba||Public roads|Chikwama Road, The stretch from Magoba primary school to corner farm|0.97|||1060900.13||||13th June 2023||https://www.kafuecouncil.gov.zm/?page_id=195|kafue 2023 cdf submission|2026-09-11
cdf_record|2023_kafue_2023_cdf_submission_community_projects_0017|2023|kafue_2023_cdf_submission.xlsx|COMMUNITY PROJECTS|23|community_project|Kanseje road-Regaveling|Re-Graveling of Roads in Kanseje|Lusaka|kafue|kafue|Kanseje||Public roads|Niger Drive|1|||66752.5||||13th June 2023||https://www.kafuecouncil.gov.zm/?page_id=195|kafue 2023 cdf submission|2026-09-11
cdf_record|2024_kafue_2024_cdf_submission_empowerment_grants_0002|2024|kafue_2024_cdf_submission.xlsx|Empowerment Grants|8|empowerment_grant|Njila womens club|village banking|LUSAKA|KAFUE|KAFUE|Chifwema|chifwema|Banking and finance|||40000|15000|15000||||2024-05-12 00:00:00|2024-07-30 00:00:00|https://www.kafuecouncil.gov.zm/?page_id=195|kafue 2024 cdf submission|2026-09-11
cdf_record|2024_kafue_2024_cdf_submission_empowerment_grants_0003|2024|kafue_2024_cdf_submission.xlsx|Empowerment Grants|9|empowerment_grant|Tsitis womens club|Hammermill|LUSAKA|KAFUE|KAFUE|chiawa|mugurameno|manufacturing and processing|||39040|40000|40000||||2024-05-12 00:00:00|2024-07-30 00:00:00|https://www.kafuecouncil.gov.zm/?page_id=195|kafue 2024 cdf submission|2026-09-11
cdf_record|2024_kafue_2024_cdf_submission_empowerment_grants_0004|2024|kafue_2024_cdf_submission.xlsx|Empowerment Grants|10|empowerment_grant|Mazano youth club|goat keeping|LUSAKA|KAFUE|KAFUE|chiawa|chiawa|fisheries and livestock|||40000|30000|30000||||2024-05-12 00:00:00|2024-07-30 00:00:00|https://www.kafuecouncil.gov.zm/?page_id=195|kafue 2024 cdf submission|2026-09-11
cdf_record|2024_kafue_2024_cdf_submission_empowerment_grants_0005|2024|kafue_2024_cdf_submission.xlsx|Empowerment Grants|11|empowerment_grant|zwiteyedze womens club|goat keeping|LUSAKA|KAFUE|KAFUE|chiawa|mugurameno|fisheries and livestock|||38100|30000|30000||||2024-05-12 00:00:00|2024-07-30 00:00:00|https://www.kafuecouncil.gov.zm/?page_id=195|kafue 2024 cdf submission|2026-09-11
cdf_record|2024_kafue_2024_cdf_submission_empowerment_grants_0006|2024|kafue_2024_cdf_submission.xlsx|Empowerment Grants|12|empowerment_grant|tusole kafue youth group|poultry project|LUSAKA|KAFUE|KAFUE|shimabala|chipongwe|fisheries and livestock|||40000|25000|25000||||2024-05-12 00:00:00|2024-07-30 00:00:00|https://www.kafuecouncil.gov.zm/?page_id=195|kafue 2024 cdf submission|2026-09-11
cdf_record|2024_kafue_2024_cdf_submission_empowerment_grants_0007|2024|kafue_2024_cdf_submission.xlsx|Empowerment Grants|13|empowerment_grant|keylock multipurpose cooperative society limited|village banking and chilimba|LUSAKA|KAFUE|KAFUE|kasenje|z 02|Banking and finance|||40000|15000|15000||||2024-05-12 00:00:00|2024-07-30 00:00:00|https://www.kafuecouncil.gov.zm/?page_id=195|kafue 2024 cdf submission|2026-09-11
cdf_record|2024_kafue_2024_cdf_submission_empowerment_grants_0008|2024|kafue_2024_cdf_submission.xlsx|Empowerment Grants|14|empowerment_grant|kafue estates marketeers|wholesale and retail shop|LUSAKA|KAFUE|KAFUE|kasenje|estate hall zone|trade and commerce|||40000|30000|30000||||2024-05-12 00:00:00|2024-07-30 00:00:00|https://www.kafuecouncil.gov.zm/?page_id=195|kafue 2024 cdf submission|2026-09-11
cdf_record|2024_kafue_2024_cdf_submission_empowerment_grants_0009|2024|kafue_2024_cdf_submission.xlsx|Empowerment Grants|15|empowerment_grant|kafue resource multipurpose co-operatives society limited|cooking oil processing|LUSAKA|KAFUE|KAFUE|kasenje|zone 2|manufacturing and processing|||40000|30000|30000||||2024-05-12 00:00:00|2024-07-30 00:00:00|https://www.kafuecouncil.gov.zm/?page_id=195|kafue 2024 cdf submission|2026-09-11
cdf_record|2024_kafue_2024_cdf_submission_empowerment_grants_0010|2024|kafue_2024_cdf_submission.xlsx|Empowerment Grants|16|empowerment_grant|mulima women multipurpose|milling business|LUSAKA|KAFUE|KAFUE|shikoswe|yamba yamba|manufacturing and processing|||40000|40000|40000||||2024-05-12 00:00:00|2024-07-30 00:00:00|https://www.kafuecouncil.gov.zm/?page_id=195|kafue 2024 cdf submission|2026-09-11
cdf_record|2024_kafue_2024_cdf_submission_empowerment_grants_0011|2024|kafue_2024_cdf_submission.xlsx|Empowerment Grants|17|empowerment_grant|kwatoku namukwenu womens club|poultry farming|LUSAKA|KAFUE|KAFUE|shikoswe|cottage|fisheries and livestock|||40000|25000|25000||||2024-05-12 00:00:00|2024-07-30 00:00:00|https://www.kafuecouncil.gov.zm/?page_id=195|kafue 2024 cdf submission|2026-09-11
cdf_record|2024_kafue_2024_cdf_submission_empowerment_grants_0012|2024|kafue_2024_cdf_submission.xlsx|Empowerment Grants|18|empowerment_grant|kalundu view disabled peoples' assiociation|poultry farming|LUSAKA|KAFUE|KAFUE|shikoswe|mwaleka|fisheries and livestock|||40000|25000|25000||||2024-05-12 00:00:00|2024-07-30 00:00:00|https://www.kafuecouncil.gov.zm/?page_id=195|kafue 2024 cdf submission|2026-09-11
cdf_record|2024_kafue_2024_cdf_submission_empowerment_grants_0013|2024|kafue_2024_cdf_submission.xlsx|Empowerment Grants|19|empowerment_grant|building legacy cottage youth club|phamarcy|LUSAKA|KAFUE|KAFUE|shikoswe|old shikoswe|trade and commerce|||40000|25000|25000||||2024-05-12 00:00:00|2024-07-30 00:00:00|https://www.kafuecouncil.gov.zm/?page_id=195|kafue 2024 cdf submission|2026-09-11
cdf_record|2024_kafue_2024_cdf_submission_empowerment_grants_0014|2024|kafue_2024_cdf_submission.xlsx|Empowerment Grants|20|empowerment_grant|mwendalubotu multipurpose co-operative society limited|village banking|LUSAKA|KAFUE|KAFUE|shikoswe|new shikoswe|Banking and finance|||40000|15000|15000||||2024-05-12 00:00:00|2024-07-30 00:00:00|https://www.kafuecouncil.gov.zm/?page_id=195|kafue 2024 cdf submission|2026-09-11
cdf_record|2024_kafue_2024_cdf_submission_empowerment_grants_0015|2024|kafue_2024_cdf_submission.xlsx|Empowerment Grants|21|empowerment_grant|porkline multipurpose co-operative society limited|piggery|LUSAKA|KAFUE|KAFUE|kasenje|zone 1|fisheries and livestock|||60000|40000|40000||||2024-05-12 00:00:00|2024-07-30 00:00:00|https://www.kafuecouncil.gov.zm/?page_id=195|kafue 2024 cdf submission|2026-09-11
cdf_record|2024_kafue_2024_cdf_submission_empowerment_grants_0016|2024|kafue_2024_cdf_submission.xlsx|Empowerment Grants|22|empowerment_grant|nachibeku multipurpose co-operative society limited|irrigation gardening|LUSAKA|KAFUE|KAFUE|chisakila|mbodza|agriculture|||35000|25000|25000||||2024-05-12 00:00:00|2024-07-30 00:00:00|https://www.kafuecouncil.gov.zm/?page_id=195|kafue 2024 cdf submission|2026-09-11
cdf_record|2024_kafue_2024_cdf_submission_empowerment_grants_0017|2024|kafue_2024_cdf_submission.xlsx|Empowerment Grants|23|empowerment_grant|central harbour multipurpose co-operative society limited|poultry|LUSAKA|KAFUE|KAFUE|shabusale|6b|fisheries and livestock|||40000|25000|25000||||2024-05-12 00:00:00|2024-07-30 00:00:00|https://www.kafuecouncil.gov.zm/?page_id=195|kafue 2024 cdf submission|2026-09-11
cdf_record|2024_kafue_2024_cdf_submission_empowerment_grants_0018|2024|kafue_2024_cdf_submission.xlsx|Empowerment Grants|24|empowerment_grant|tubombe innovative multipurpose co-operative society limited|poultry|LUSAKA|KAFUE|KAFUE|kasenje|naboye|fisheries and livestock|||50000|25000|25000||||2024-05-12 00:00:00|2024-07-30 00:00:00|https://www.kafuecouncil.gov.zm/?page_id=195|kafue 2024 cdf submission|2026-09-11
cdf_record|2024_kafue_2024_cdf_submission_empowerment_grants_0019|2024|kafue_2024_cdf_submission.xlsx|Empowerment Grants|25|empowerment_grant|kosaulye multipurpose co-operative society limited|mobile money|LUSAKA|KAFUE|KAFUE|kasenje|naboye|Banking and finance|||40000|30000|30000||||2024-05-12 00:00:00|2024-07-30 00:00:00|https://www.kafuecouncil.gov.zm/?page_id=195|kafue 2024 cdf submission|2026-09-11
cdf_record|2024_kafue_2024_cdf_submission_empowerment_grants_0020|2024|kafue_2024_cdf_submission.xlsx|Empowerment Grants|26|empowerment_grant|kubula batebula women,s club|goat and village chicken|LUSAKA|KAFUE|KAFUE|lukolongo|lishiko|fisheries and livestock|||40000|25000|25000||||2024-05-12 00:00:00|2024-07-30 00:00:00|https://www.kafuecouncil.gov.zm/?page_id=195|kafue 2024 cdf submission|2026-09-11
cdf_record|2024_kafue_2024_cdf_submission_empowerment_grants_0021|2024|kafue_2024_cdf_submission.xlsx|Empowerment Grants|27|empowerment_grant|nagumwe women's club|poultry|LUSAKA|KAFUE|KAFUE|lukolongo|lishiko|fisheries and livestock|||35000|25000|25000||||2024-05-12 00:00:00|2024-07-30 00:00:00|https://www.kafuecouncil.gov.zm/?page_id=195|kafue 2024 cdf submission|2026-09-11
cdf_record|2024_kafue_2024_cdf_submission_empowerment_grants_0022|2024|kafue_2024_cdf_submission.xlsx|Empowerment Grants|28|empowerment_grant|zabwiino women club|poultry|LUSAKA|KAFUE|KAFUE|lukolongo|lishiko-02|fisheries and livestock|||40000|25000|25000||||2024-05-12 00:00:00|2024-07-30 00:00:00|https://www.kafuecouncil.gov.zm/?page_id=195|kafue 2024 cdf submission|2026-09-11
cdf_record|2024_kafue_2024_cdf_submission_empowerment_grants_0023|2024|kafue_2024_cdf_submission.xlsx|Empowerment Grants|29|empowerment_grant|makoka womens club|goat keeping|LUSAKA|KAFUE|KAFUE|lukolongo|lishiko|fisheries and livestock|||40000|25000|25000||||2024-05-12 00:00:00|2024-07-30 00:00:00|https://www.kafuecouncil.gov.zm/?page_id=195|kafue 2024 cdf submission|2026-09-11
cdf_record|2024_kafue_2024_cdf_submission_empowerment_grants_0024|2024|kafue_2024_cdf_submission.xlsx|Empowerment Grants|30|empowerment_grant|tubuke women's club|goat keeping|LUSAKA|KAFUE|KAFUE|lukolongo|lishiko 2|fisheries and livestock|||40000|25000|25000||||2024-05-12 00:00:00|2024-07-30 00:00:00|https://www.kafuecouncil.gov.zm/?page_id=195|kafue 2024 cdf submission|2026-09-11
cdf_record|2024_kafue_2024_cdf_submission_empowerment_grants_0025|2024|kafue_2024_cdf_submission.xlsx|Empowerment Grants|31|empowerment_grant|chimpwenu pwenu mult-purpose co-operative society limited|poultry|LUSAKA|KAFUE|KAFUE|lukolongo|lishiko|fisheries and livestock|||40000|25000|25000||||2024-05-12 00:00:00|2024-07-30 00:00:00|https://www.kafuecouncil.gov.zm/?page_id=195|kafue 2024 cdf submission|2026-09-11
cdf_record|2024_kafue_2024_cdf_submission_empowerment_grants_0026|2024|kafue_2024_cdf_submission.xlsx|Empowerment Grants|32|empowerment_grant|kawangombe mult-purpose co-operative society limited|poultry|LUSAKA|KAFUE|KAFUE|lukolongo|lishiko|fisheries and livestock|||39000|25000|25000||||2024-05-12 00:00:00|2024-07-30 00:00:00|https://www.kafuecouncil.gov.zm/?page_id=195|kafue 2024 cdf submission|2026-09-11
cdf_record|2024_kafue_2024_cdf_submission_empowerment_grants_0027|2024|kafue_2024_cdf_submission.xlsx|Empowerment Grants|33|empowerment_grant|tibatatanyeyi bose mult-purpose co-operative society limited|piggery and goats|LUSAKA|KAFUE|KAFUE|mungu|mungu-b|fisheries and livestock|||40000|40000|40000||||2024-05-12 00:00:00|2024-07-30 00:00:00|https://www.kafuecouncil.gov.zm/?page_id=195|kafue 2024 cdf submission|2026-09-11
cdf_record|2024_kafue_2024_cdf_submission_empowerment_grants_0028|2024|kafue_2024_cdf_submission.xlsx|Empowerment Grants|34|empowerment_grant|nalikwanda women village banking|village banking|LUSAKA|KAFUE|KAFUE|mungu|10|Banking and finance|||40000|15000|15000||||2024-05-12 00:00:00|2024-07-30 00:00:00|https://www.kafuecouncil.gov.zm/?page_id=195|kafue 2024 cdf submission|2026-09-11
cdf_record|2024_kafue_2024_cdf_submission_empowerment_grants_0029|2024|kafue_2024_cdf_submission.xlsx|Empowerment Grants|35|empowerment_grant|mbeserayi muri multi purpose cooperative society|poultry|LUSAKA|KAFUE|KAFUE|mungu|mungu-b|fisheries and livestock|||40000|25000|25000||||2024-05-12 00:00:00|2024-07-30 00:00:00|https://www.kafuecouncil.gov.zm/?page_id=195|kafue 2024 cdf submission|2026-09-11
cdf_record|2024_kafue_2024_cdf_submission_empowerment_grants_0030|2024|kafue_2024_cdf_submission.xlsx|Empowerment Grants|36|empowerment_grant|tubuke multi purpose co-operative society limited|purchasing of hammer mill|LUSAKA|KAFUE|KAFUE|mungu|zone 16|manufacturing and processing|||50000|40000|40000||||2024-05-12 00:00:00|2024-07-30 00:00:00|https://www.kafuecouncil.gov.zm/?page_id=195|kafue 2024 cdf submission|2026-09-11
cdf_record|2024_kafue_2024_cdf_submission_empowerment_grants_0031|2024|kafue_2024_cdf_submission.xlsx|Empowerment Grants|37|empowerment_grant|unity womens club|village banking|LUSAKA|KAFUE|KAFUE|kasenje|1|Banking and finance|||40000|15000|15000||||2024-05-12 00:00:00|2024-07-30 00:00:00|https://www.kafuecouncil.gov.zm/?page_id=195|kafue 2024 cdf submission|2026-09-11
cdf_record|2024_kafue_2024_cdf_submission_empowerment_grants_0032|2024|kafue_2024_cdf_submission.xlsx|Empowerment Grants|38|empowerment_grant|kayula mult-purpose co-operative society limited|fish farming|LUSAKA|KAFUE|KAFUE|chifwema|old chilambila|fisheries and livestock|||40000|30000|30000||||2024-05-12 00:00:00|2024-07-30 00:00:00|https://www.kafuecouncil.gov.zm/?page_id=195|kafue 2024 cdf submission|2026-09-11
cdf_record|2024_kafue_2024_cdf_submission_empowerment_grants_0033|2024|kafue_2024_cdf_submission.xlsx|Empowerment Grants|39|empowerment_grant|namatumba multi-purpose co-operative society limited|poultry-broiler|LUSAKA|KAFUE|KAFUE|chifwema|malundu -9|fisheries and livestock|||42495|25000|25000||||2024-05-12 00:00:00|2024-07-30 00:00:00|https://www.kafuecouncil.gov.zm/?page_id=195|kafue 2024 cdf submission|2026-09-11
cdf_record|2024_kafue_2024_cdf_submission_empowerment_grants_0034|2024|kafue_2024_cdf_submission.xlsx|Empowerment Grants|40|empowerment_grant|zonelo women multi purpose cooperative society limited|poultry-broiler|LUSAKA|KAFUE|KAFUE|chifwema|nankanga|fisheries and livestock|||40000|25000|25000||||2024-05-12 00:00:00|2024-07-30 00:00:00|https://www.kafuecouncil.gov.zm/?page_id=195|kafue 2024 cdf submission|2026-09-11
cdf_record|2024_kafue_2024_cdf_submission_empowerment_grants_0035|2024|kafue_2024_cdf_submission.xlsx|Empowerment Grants|41|empowerment_grant|luyando multi-purpose co-operative society limited|poultry-broiler|LUSAKA|KAFUE|KAFUE|chifwema|NANkanga|fisheries and livestock|||40000|25000|25000||||2024-05-12 00:00:00|2024-07-30 00:00:00|https://www.kafuecouncil.gov.zm/?page_id=195|kafue 2024 cdf submission|2026-09-11
cdf_record|2024_kafue_2024_cdf_submission_empowerment_grants_0036|2024|kafue_2024_cdf_submission.xlsx|Empowerment Grants|42|empowerment_grant|tumelo poultry womens club|poultry-broiler|LUSAKA|KAFUE|KAFUE|kasenje|3|fisheries and livestock|||50000|25000|25000||||2024-05-12 00:00:00|2024-07-30 00:00:00|https://www.kafuecouncil.gov.zm/?page_id=195|kafue 2024 cdf submission|2026-09-11
cdf_record|2024_kafue_2024_cdf_submission_empowerment_grants_0037|2024|kafue_2024_cdf_submission.xlsx|Empowerment Grants|43|empowerment_grant|women of hope club|village banking|LUSAKA|KAFUE|KAFUE|kafue|kalundu view|Banking and finance|||40000|15000|15000||||2024-05-12 00:00:00|2024-07-30 00:00:00|https://www.kafuecouncil.gov.zm/?page_id=195|kafue 2024 cdf submission|2026-09-11
cdf_record|2024_kafue_2024_cdf_submission_empowerment_grants_0038|2024|kafue_2024_cdf_submission.xlsx|Empowerment Grants|44|empowerment_grant|lushomo women's club|garden|LUSAKA|KAFUE|KAFUE|kafue|shachinyama|agriculture|||39000|25000|25000||||2024-05-12 00:00:00|2024-07-30 00:00:00|https://www.kafuecouncil.gov.zm/?page_id=195|kafue 2024 cdf submission|2026-09-11
cdf_record|2024_kafue_2024_cdf_submission_empowerment_grants_0039|2024|kafue_2024_cdf_submission.xlsx|Empowerment Grants|45|empowerment_grant|lusumpuko women's club|poultry-broiler|LUSAKA|KAFUE|KAFUE|kafue|muchuto A|fisheries and livestock|||40000|25000|25000||||2024-05-12 00:00:00|2024-07-30 00:00:00|https://www.kafuecouncil.gov.zm/?page_id=195|kafue 2024 cdf submission|2026-09-11
cdf_record|2024_kafue_2024_cdf_submission_empowerment_grants_0040|2024|kafue_2024_cdf_submission.xlsx|Empowerment Grants|46|empowerment_grant|kaseba womens club|poultry|LUSAKA|KAFUE|KAFUE|kafue|1|fisheries and livestock|||100000|25000|25000||||2024-05-12 00:00:00|2024-07-30 00:00:00|https://www.kafuecouncil.gov.zm/?page_id=195|kafue 2024 cdf submission|2026-09-11
cdf_record|2024_kafue_2024_cdf_submission_empowerment_grants_0041|2024|kafue_2024_cdf_submission.xlsx|Empowerment Grants|47|empowerment_grant|julu womens club|farming cabbage,tomatoes,crops|LUSAKA|KAFUE|KAFUE|kafue|muchuto b|agriculture|||40000|25000|25000||||2024-05-12 00:00:00|2024-07-30 00:00:00|https://www.kafuecouncil.gov.zm/?page_id=195|kafue 2024 cdf submission|2026-09-11
cdf_record|2024_kafue_2024_cdf_submission_empowerment_grants_0042|2024|kafue_2024_cdf_submission.xlsx|Empowerment Grants|48|empowerment_grant|king fisher muilti-purpose co-operative society limited|fish farming|LUSAKA|KAFUE|KAFUE|matanda||fisheries and livestock|||40000|25000|25000||||2024-05-12 00:00:00|2024-07-30 00:00:00|https://www.kafuecouncil.gov.zm/?page_id=195|kafue 2024 cdf submission|2026-09-11
cdf_record|2024_kafue_2024_cdf_submission_empowerment_grants_0043|2024|kafue_2024_cdf_submission.xlsx|Empowerment Grants|49|empowerment_grant|mawina multi-purpose cooperative society limited|Hammermill|LUSAKA|KAFUE|KAFUE|matanda|nangongwe|manufacturing and processing|||40000|40000|40000||||2024-05-12 00:00:00|2024-07-30 00:00:00|https://www.kafuecouncil.gov.zm/?page_id=195|kafue 2024 cdf submission|2026-09-11
cdf_record|2024_kafue_2024_cdf_submission_empowerment_grants_0044|2024|kafue_2024_cdf_submission.xlsx|Empowerment Grants|50|empowerment_grant|marvelous savings and credit co-operative society limited|poultry|LUSAKA|KAFUE|KAFUE|matanda|lumumba|fisheries and livestock|||40000|25000|25000||||2024-05-12 00:00:00|2024-07-30 00:00:00|https://www.kafuecouncil.gov.zm/?page_id=195|kafue 2024 cdf submission|2026-09-11
cdf_record|2024_kafue_2024_cdf_submission_empowerment_grants_0045|2024|kafue_2024_cdf_submission.xlsx|Empowerment Grants|51|empowerment_grant|dzikomo club|poultry|LUSAKA|KAFUE|KAFUE|matanda|lumumba|fisheries and livestock|||40000|25000|25000||||2024-05-12 00:00:00|2024-07-30 00:00:00|https://www.kafuecouncil.gov.zm/?page_id=195|kafue 2024 cdf submission|2026-09-11
cdf_record|2024_kafue_2024_cdf_submission_empowerment_grants_0046|2024|kafue_2024_cdf_submission.xlsx|Empowerment Grants|52|empowerment_grant|taizya multi purpose co-operative society limited|tailoring|LUSAKA|KAFUE|KAFUE|matanda|6-nangongwe|manufacturing and processing|||40000|30000|30000||||2024-05-12 00:00:00|2024-07-30 00:00:00|https://www.kafuecouncil.gov.zm/?page_id=195|kafue 2024 cdf submission|2026-09-11
cdf_record|2024_kafue_2024_cdf_submission_empowerment_grants_0047|2024|kafue_2024_cdf_submission.xlsx|Empowerment Grants|53|empowerment_grant|muzimai ninzelu|poultry|LUSAKA|KAFUE|KAFUE|matanda|lumumba|fisheries and livestock|||40000|25000|25000||||2024-05-12 00:00:00|2024-07-30 00:00:00|https://www.kafuecouncil.gov.zm/?page_id=195|kafue 2024 cdf submission|2026-09-11
cdf_record|2024_kafue_2024_cdf_submission_empowerment_grants_0048|2024|kafue_2024_cdf_submission.xlsx|Empowerment Grants|54|empowerment_grant|chikulukulu women's club|fast food resturant|LUSAKA|KAFUE|KAFUE|magoba||trade and commerce|||40000|30000|30000||||2024-05-12 00:00:00|2024-07-30 00:00:00|https://www.kafuecouncil.gov.zm/?page_id=195|kafue 2024 cdf submission|2026-09-11
cdf_record|2024_kafue_2024_cdf_submission_empowerment_grants_0049|2024|kafue_2024_cdf_submission.xlsx|Empowerment Grants|55|empowerment_grant|mazazi youth multipurpose society co-operative limited|poultry|LUSAKA|KAFUE|KAFUE|magoba|15|fisheries and livestock|||45000|25000|25000||||2024-05-12 00:00:00|2024-07-30 00:00:00|https://www.kafuecouncil.gov.zm/?page_id=195|kafue 2024 cdf submission|2026-09-11
cdf_record|2024_kafue_2024_cdf_submission_empowerment_grants_0050|2024|kafue_2024_cdf_submission.xlsx|Empowerment Grants|56|empowerment_grant|chisankane water users multi purpose co-operative society limited|poultry|LUSAKA|KAFUE|KAFUE|chisankane|3|fisheries and livestock|||40000|25000|25000||||2024-05-12 00:00:00|2024-07-30 00:00:00|https://www.kafuecouncil.gov.zm/?page_id=195|kafue 2024 cdf submission|2026-09-11
cdf_record|2024_kafue_2024_cdf_submission_empowerment_grants_0051|2024|kafue_2024_cdf_submission.xlsx|Empowerment Grants|57|empowerment_grant|sawachizya multipurpose co-operative society limited|poultry|LUSAKA|KAFUE|KAFUE|chisankane|st marks|fisheries and livestock|||40000|25000|25000||||2024-05-12 00:00:00|2024-07-30 00:00:00|https://www.kafuecouncil.gov.zm/?page_id=195|kafue 2024 cdf submission|2026-09-11
cdf_record|2024_kafue_2024_cdf_submission_empowerment_grants_0052|2024|kafue_2024_cdf_submission.xlsx|Empowerment Grants|58|empowerment_grant|jumachamanga multi purpose cooperative society limted|sausage making|LUSAKA|KAFUE|KAFUE|chisankane|3|manufacturing and processing|||40000|30000|30000||||2024-05-12 00:00:00|2024-07-30 00:00:00|https://www.kafuecouncil.gov.zm/?page_id=195|kafue 2024 cdf submission|2026-09-11
cdf_record|2024_kafue_2024_cdf_submission_empowerment_grants_0053|2024|kafue_2024_cdf_submission.xlsx|Empowerment Grants|59|empowerment_grant|tuchafwane club|poultry|LUSAKA|KAFUE|KAFUE|chisankane|2|fisheries and livestock|||40000|25000|25000||||2024-05-12 00:00:00|2024-07-30 00:00:00|https://www.kafuecouncil.gov.zm/?page_id=195|kafue 2024 cdf submission|2026-09-11
cdf_record|2024_kafue_2024_cdf_submission_empowerment_grants_0054|2024|kafue_2024_cdf_submission.xlsx|Empowerment Grants|60|empowerment_grant|choolwe chetu women,s club|village banking|LUSAKA|KAFUE|KAFUE|chisankane|4|Banking and finance|||40000|15000|15000||||2024-05-12 00:00:00|2024-07-30 00:00:00|https://www.kafuecouncil.gov.zm/?page_id=195|kafue 2024 cdf submission|2026-09-11
cdf_record|2024_kafue_2024_cdf_submission_empowerment_grants_0055|2024|kafue_2024_cdf_submission.xlsx|Empowerment Grants|61|empowerment_grant|margaret edmund care trust|piggery|LUSAKA|KAFUE|KAFUE|chikupi|chikupi central|fisheries and livestock|||40000|40000|40000||||2024-05-12 00:00:00|2024-07-30 00:00:00|https://www.kafuecouncil.gov.zm/?page_id=195|kafue 2024 cdf submission|2026-09-11
cdf_record|2024_kafue_2024_cdf_submission_empowerment_grants_0056|2024|kafue_2024_cdf_submission.xlsx|Empowerment Grants|62|empowerment_grant|luyando osawa club|poultry|LUSAKA|KAFUE|KAFUE|chikupi|chikupi primary school|fisheries and livestock|||40000.00|25000|25000||||2024-05-12 00:00:00|2024-07-30 00:00:00|https://www.kafuecouncil.gov.zm/?page_id=195|kafue 2024 cdf submission|2026-09-11
cdf_record|2024_kafue_2024_cdf_submission_empowerment_grants_0057|2024|kafue_2024_cdf_submission.xlsx|Empowerment Grants|63|empowerment_grant|chikupi youth club|poultry|LUSAKA|KAFUE|KAFUE|chikupi|chikupi central|fisheries and livestock|||40000|25000|25000||||2024-05-12 00:00:00|2024-07-30 00:00:00|https://www.kafuecouncil.gov.zm/?page_id=195|kafue 2024 cdf submission|2026-09-11
cdf_record|2024_kafue_2024_cdf_submission_empowerment_grants_0058|2024|kafue_2024_cdf_submission.xlsx|Empowerment Grants|64|empowerment_grant|chinsungwe youth club|village chicken|LUSAKA|KAFUE|KAFUE|chikupi|demu north A|fisheries and livestock|||40000|25000|25000||||2024-05-12 00:00:00|2024-07-30 00:00:00|https://www.kafuecouncil.gov.zm/?page_id=195|kafue 2024 cdf submission|2026-09-11
cdf_record|2024_kafue_2024_cdf_submission_empowerment_grants_0059|2024|kafue_2024_cdf_submission.xlsx|Empowerment Grants|65|empowerment_grant|nkotuli women's club|poultry|LUSAKA|KAFUE|KAFUE|chikupi|demu south|fisheries and livestock|||40000|25000|25000||||2024-05-12 00:00:00|2024-07-30 00:00:00|https://www.kafuecouncil.gov.zm/?page_id=195|kafue 2024 cdf submission|2026-09-11
cdf_record|2024_kafue_2024_cdf_submission_empowerment_grants_0060|2024|kafue_2024_cdf_submission.xlsx|Empowerment Grants|66|empowerment_grant|twabuka women's club|goat farming|LUSAKA|KAFUE|KAFUE|chikupi|demu south|fisheries and livestock|||40000|30000|30000||||2024-05-12 00:00:00|2024-07-30 00:00:00|https://www.kafuecouncil.gov.zm/?page_id=195|kafue 2024 cdf submission|2026-09-11
cdf_record|2024_kafue_2024_cdf_submission_empowerment_grants_0061|2024|kafue_2024_cdf_submission.xlsx|Empowerment Grants|67|empowerment_grant|twabuka osawe club|goat farming|LUSAKA|KAFUE|KAFUE|chikupi|14|fisheries and livestock|||40000|30000|30000||||2024-05-12 00:00:00|2024-07-30 00:00:00|https://www.kafuecouncil.gov.zm/?page_id=195|kafue 2024 cdf submission|2026-09-11
cdf_record|2024_kafue_2024_cdf_submission_empowerment_grants_0062|2024|kafue_2024_cdf_submission.xlsx|Empowerment Grants|68|empowerment_grant|chipaluko club|poultry|LUSAKA|KAFUE|KAFUE|malundu|11 chipapa|fisheries and livestock|||30000|25000|25000||||2024-05-12 00:00:00|2024-07-30 00:00:00|https://www.kafuecouncil.gov.zm/?page_id=195|kafue 2024 cdf submission|2026-09-11
cdf_record|2024_kafue_2024_cdf_submission_empowerment_grants_0063|2024|kafue_2024_cdf_submission.xlsx|Empowerment Grants|69|empowerment_grant|fast thinker enterprise|poultry|LUSAKA|KAFUE|KAFUE|malundu|2|fisheries and livestock|||40000|25000|25000||||2024-05-12 00:00:00|2024-07-30 00:00:00|https://www.kafuecouncil.gov.zm/?page_id=195|kafue 2024 cdf submission|2026-09-11
cdf_record|2024_kafue_2024_cdf_submission_empowerment_grants_0064|2024|kafue_2024_cdf_submission.xlsx|Empowerment Grants|70|empowerment_grant|salabalo womens club|poultry|LUSAKA|KAFUE|KAFUE|shabusale|8||||40000|20000|20000||||2024-05-12 00:00:00|2024-07-30 00:00:00|https://www.kafuecouncil.gov.zm/?page_id=195|kafue 2024 cdf submission|2026-09-11
cdf_record|2024_kafue_2024_cdf_submission_empowerment_grants_0065|2024|kafue_2024_cdf_submission.xlsx|Empowerment Grants|71|empowerment_grant|miracle corners womens club|tailoring/village banking|LUSAKA|KAFUE|KAFUE|magoba|mwano 15|Banking and finance|||40000|15000|15000||||2024-05-12 00:00:00|2024-07-30 00:00:00|https://www.kafuecouncil.gov.zm/?page_id=195|kafue 2024 cdf submission|2026-09-11
cdf_record|2024_kafue_2024_cdf_submission_empowerment_grants_0066|2024|kafue_2024_cdf_submission.xlsx|Empowerment Grants|72|empowerment_grant|twingwirizane womens club|poultry|LUSAKA|KAFUE|KAFUE|magoba|15|fisheries and livestock|||40000|25000|25000||||2024-05-12 00:00:00|2024-07-30 00:00:00|https://www.kafuecouncil.gov.zm/?page_id=195|kafue 2024 cdf submission|2026-09-11
cdf_record|2024_kafue_2024_cdf_submission_empowerment_grants_0067|2024|kafue_2024_cdf_submission.xlsx|Empowerment Grants|73|empowerment_grant|tujatane womens club|village chicken|LUSAKA|KAFUE|KAFUE|magoba|15|fisheries and livestock|||40000|25000|25000||||2024-05-12 00:00:00|2024-07-30 00:00:00|https://www.kafuecouncil.gov.zm/?page_id=195|kafue 2024 cdf submission|2026-09-11
cdf_record|2024_kafue_2024_cdf_submission_empowerment_grants_0068|2024|kafue_2024_cdf_submission.xlsx|Empowerment Grants|74|empowerment_grant|twafwane womens club|chicken broiler and layering|LUSAKA|KAFUE|KAFUE|magoba|15|fisheries and livestock|||40000|25000|25000||||2024-05-12 00:00:00|2024-07-30 00:00:00|https://www.kafuecouncil.gov.zm/?page_id=195|kafue 2024 cdf submission|2026-09-11
cdf_record|2024_kafue_2024_cdf_submission_empowerment_grants_0069|2024|kafue_2024_cdf_submission.xlsx|Empowerment Grants|75|empowerment_grant|tuyumeyume womens club|goat keeping|LUSAKA|KAFUE|KAFUE|magoba|15|fisheries and livestock|||40000|30000|30000||||2024-05-12 00:00:00|2024-07-30 00:00:00|https://www.kafuecouncil.gov.zm/?page_id=195|kafue 2024 cdf submission|2026-09-11
cdf_record|2024_kafue_2024_cdf_submission_empowerment_grants_0070|2024|kafue_2024_cdf_submission.xlsx|Empowerment Grants|76|empowerment_grant|penga ujane|chicken layers|LUSAKA|KAFUE|KAFUE|magoba|15|fisheries and livestock|||40000|25000|25000||||2024-05-12 00:00:00|2024-07-30 00:00:00|https://www.kafuecouncil.gov.zm/?page_id=195|kafue 2024 cdf submission|2026-09-11
cdf_record|2024_kafue_2024_cdf_submission_empowerment_grants_0071|2024|kafue_2024_cdf_submission.xlsx|Empowerment Grants|77|empowerment_grant|tiyeseko womens club|village chicken|LUSAKA|KAFUE|KAFUE|magoba|15|fisheries and livestock|||40000|25000|25000||||2024-05-12 00:00:00|2024-07-30 00:00:00|https://www.kafuecouncil.gov.zm/?page_id=195|kafue 2024 cdf submission|2026-09-11
cdf_record|2024_kafue_2024_cdf_submission_empowerment_grants_0072|2024|kafue_2024_cdf_submission.xlsx|Empowerment Grants|78|empowerment_grant|milliimo womens club|chicken layers|LUSAKA|KAFUE|KAFUE|magoba|15|fisheries and livestock|||40000|25000|25000||||2024-05-12 00:00:00|2024-07-30 00:00:00|https://www.kafuecouncil.gov.zm/?page_id=195|kafue 2024 cdf submission|2026-09-11
cdf_record|2024_kafue_2024_cdf_submission_empowerment_grants_0073|2024|kafue_2024_cdf_submission.xlsx|Empowerment Grants|79|empowerment_grant|choolwe youth club|poultry|LUSAKA|KAFUE|KAFUE|magoba|15|fisheries and livestock|||40000|25000|25000||||2024-05-12 00:00:00|2024-07-30 00:00:00|https://www.kafuecouncil.gov.zm/?page_id=195|kafue 2024 cdf submission|2026-09-11
cdf_record|2024_kafue_2024_cdf_submission_empowerment_grants_0074|2024|kafue_2024_cdf_submission.xlsx|Empowerment Grants|80|empowerment_grant|bwacha bwaumbuluka|poultry (black astrofy)|LUSAKA|KAFUE|KAFUE|magoba|15|fisheries and livestock|||50000|25000|25000||||2024-05-12 00:00:00|2024-07-30 00:00:00|https://www.kafuecouncil.gov.zm/?page_id=195|kafue 2024 cdf submission|2026-09-11
cdf_record|2024_kafue_2024_cdf_submission_empowerment_grants_0075|2024|kafue_2024_cdf_submission.xlsx|Empowerment Grants|81|empowerment_grant|tusekeseke womens club|cattle rearing|LUSAKA|KAFUE|KAFUE|magoba|15|fisheries and livestock|||40000|40000|40000||||2024-05-12 00:00:00|2024-07-30 00:00:00|https://www.kafuecouncil.gov.zm/?page_id=195|kafue 2024 cdf submission|2026-09-11
cdf_record|2024_kafue_2024_cdf_submission_empowerment_grants_0076|2024|kafue_2024_cdf_submission.xlsx|Empowerment Grants|82|empowerment_grant|mumvuri womens club|goat keeping|LUSAKA|KAFUE|KAFUE|chiawa|mugurameno|fisheries and livestock|||38000|30000|30000||||2024-05-12 00:00:00|2024-07-30 00:00:00|https://www.kafuecouncil.gov.zm/?page_id=195|kafue 2024 cdf submission|2026-09-11
cdf_record|2024_kafue_2024_cdf_submission_empowerment_grants_0077|2024|kafue_2024_cdf_submission.xlsx|Empowerment Grants|83|empowerment_grant|UJUMA|transport|LUSAKA|KAFUE|KAFUE|shabusale||fisheries and livestock|||40000|30000|30000||||2024-05-12 00:00:00|2024-07-30 00:00:00|https://www.kafuecouncil.gov.zm/?page_id=195|kafue 2024 cdf submission|2026-09-11
cdf_record|2024_kafue_2024_cdf_submission_empowerment_grants_0078|2024|kafue_2024_cdf_submission.xlsx|Empowerment Grants|84|empowerment_grant|progress youth united club|transport|LUSAKA|KAFUE|KAFUE|shikoswe||fisheries and livestock|||40000|30000|30000||||2024-05-12 00:00:00|2024-07-30 00:00:00|https://www.kafuecouncil.gov.zm/?page_id=195|kafue 2024 cdf submission|2026-09-11
cdf_record|2024_kafue_2024_cdf_submission_empowerment_grants_0079|2024|kafue_2024_cdf_submission.xlsx|Empowerment Grants|85|empowerment_grant|kafue music unite youth club|music equipment and production|LUSAKA|KAFUE|KAFUE|shabusale||social|||40000|30000|30000||||2024-05-12 00:00:00|2024-07-30 00:00:00|https://www.kafuecouncil.gov.zm/?page_id=195|kafue 2024 cdf submission|2026-09-11
cdf_record|2024_kafue_2024_cdf_submission_empowerment_grants_0080|2024|kafue_2024_cdf_submission.xlsx|Empowerment Grants|86|empowerment_grant|kafue youth united group|poultry|LUSAKA|KAFUE|KAFUE|shabusale||fisheries and livestock|||40000|25000|25000||||2024-05-12 00:00:00|2024-07-30 00:00:00|https://www.kafuecouncil.gov.zm/?page_id=195|kafue 2024 cdf submission|2026-09-11
cdf_record|2024_kafue_2024_cdf_submission_empowerment_grants_0081|2024|kafue_2024_cdf_submission.xlsx|Empowerment Grants|87|empowerment_grant|zibazako multpurpose society|poultry|LUSAKA|KAFUE|KAFUE|shimabala|zone 2|fisheries and livestock|||40000|25000|25000||||2024-05-12 00:00:00|2024-07-30 00:00:00|https://www.kafuecouncil.gov.zm/?page_id=195|kafue 2024 cdf submission|2026-09-11
cdf_record|2024_kafue_2024_cdf_submission_empowerment_grants_0082|2024|kafue_2024_cdf_submission.xlsx|Empowerment Grants|88|empowerment_grant|Twapenga multpurpose co-operative society|poultry|LUSAKA|KAFUE|KAFUE|shimabala|zon e2|fisheries and livestock|||40000|25000|25000||||2024-05-12 00:00:00|2024-07-30 00:00:00|https://www.kafuecouncil.gov.zm/?page_id=195|kafue 2024 cdf submission|2026-09-11
cdf_record|2024_kafue_2024_cdf_submission_empowerment_grants_0083|2024|kafue_2024_cdf_submission.xlsx|Empowerment Grants|89|empowerment_grant|bemaana multpurpose co-operative society|poultry|LUSAKA|KAFUE|KAFUE|shimabala|zone 2|fisheries and livestock|||40000|25000|25000||||2024-05-12 00:00:00|2024-07-30 00:00:00|https://www.kafuecouncil.gov.zm/?page_id=195|kafue 2024 cdf submission|2026-09-11
cdf_record|2024_kafue_2024_cdf_submission_empowerment_grants_0084|2024|kafue_2024_cdf_submission.xlsx|Empowerment Grants|90|empowerment_grant|tubalange multipurpose society|poultry|LUSAKA|KAFUE|KAFUE|shimabala|2|fisheries and livestock|||40000|25000|25000||||2024-05-12 00:00:00|2024-07-30 00:00:00|https://www.kafuecouncil.gov.zm/?page_id=195|kafue 2024 cdf submission|2026-09-11
cdf_record|2024_kafue_2024_cdf_submission_empowerment_grants_0085|2024|kafue_2024_cdf_submission.xlsx|Empowerment Grants|91|empowerment_grant|mwabonwa multipurpose co-operative society|poultry|LUSAKA|KAFUE|KAFUE|shimabala|2|fisheries and livestock|||40000|25000|25000||||2024-05-12 00:00:00|2024-07-30 00:00:00|https://www.kafuecouncil.gov.zm/?page_id=195|kafue 2024 cdf submission|2026-09-11
cdf_record|2024_kafue_2024_cdf_submission_empowerment_grants_0086|2024|kafue_2024_cdf_submission.xlsx|Empowerment Grants|92|empowerment_grant|waweni club|poultry|LUSAKA|KAFUE|KAFUE|kabweza|kasamu village|fisheries and livestock|||40000|25000|25000||||2024-05-12 00:00:00|2024-07-30 00:00:00|https://www.kafuecouncil.gov.zm/?page_id=195|kafue 2024 cdf submission|2026-09-11
cdf_record|2024_kafue_2024_cdf_submission_empowerment_grants_0087|2024|kafue_2024_cdf_submission.xlsx|Empowerment Grants|93|empowerment_grant|MUCHIDZA YOUTH CLUB|GARDENING/TOMATOES|LUSAKA|KAFUE|KAFUE|CHISAKILA|MBOOZA|agriculture|||40000|25000|25000||||2024-05-12 00:00:00|2024-07-30 00:00:00|https://www.kafuecouncil.gov.zm/?page_id=195|kafue 2024 cdf submission|2026-09-11
cdf_record|2024_kafue_2024_cdf_submission_empowerment_grants_0088|2024|kafue_2024_cdf_submission.xlsx|Empowerment Grants|94|empowerment_grant|MADHIRO GROUP|CULTURE|LUSAKA|KAFUE|KAFUE|KAMBALE|||||30000|20000|20000||||2024-05-12 00:00:00|2024-07-30 00:00:00|https://www.kafuecouncil.gov.zm/?page_id=195|kafue 2024 cdf submission|2026-09-11
cdf_record|2024_kafue_2024_cdf_submission_empowerment_grants_0089|2024|kafue_2024_cdf_submission.xlsx|Empowerment Grants|95|empowerment_grant|MPIRGA MULTI-PURPOSE|GOAT KEEPING|LUSAKA|KAFUE|KAFUE|KAMBALE|||||30000|20000|20000||||2024-05-12 00:00:00|2024-07-30 00:00:00|https://www.kafuecouncil.gov.zm/?page_id=195|kafue 2024 cdf submission|2026-09-11
cdf_record|2024_kafue_2024_cdf_submission_empowerment_grants_0090|2024|kafue_2024_cdf_submission.xlsx|Empowerment Grants|96|empowerment_grant|TWEENDA YOUTH CLUB|POULTRY|LUSAKA|KAFUE|KAFUE|KABWEZA|||||30000|20000|20000||||2024-05-12 00:00:00|2024-07-30 00:00:00|https://www.kafuecouncil.gov.zm/?page_id=195|kafue 2024 cdf submission|2026-09-11
cdf_record|2024_kafue_2024_cdf_submission_loans_0001|2024|kafue_2024_cdf_submission.xlsx|LOANS|7|cdf_loan||TOMATO GROWING & FISH FARMING|LUSAKA|KAFUE|KAFUE|CHITENDE|KANYANGALA|AGRICULTURE & LIVESTOCK||00.08.2024|192800|192800|192800|192800||||10.06.2024|https://www.kafuecouncil.gov.zm/?page_id=195|kafue 2024 cdf submission|2026-09-11
cdf_record|2024_kafue_2024_cdf_submission_loans_0002|2024|kafue_2024_cdf_submission.xlsx|LOANS|8|cdf_loan||TOMATO GROWING|LUSAKA|KAFUE|KAFUE|KAMBALE|GOTA-GOTA|AGRICULTURE||00.08.2024|176250|176250|176250|176250||||10.06.2024|https://www.kafuecouncil.gov.zm/?page_id=195|kafue 2024 cdf submission|2026-09-11
cdf_record|2024_kafue_2024_cdf_submission_loans_0003|2024|kafue_2024_cdf_submission.xlsx|LOANS|9|cdf_loan||POULTRY|LUSAKA|KAFUE|KAFUE|KAMBALE|CHIAWA|FISHERIES AND LIVESTOCK||00.08.2024|200000|200000|200000|200000||||10.06.2024|https://www.kafuecouncil.gov.zm/?page_id=195|kafue 2024 cdf submission|2026-09-11
cdf_record|2024_kafue_2024_cdf_submission_loans_0004|2024|kafue_2024_cdf_submission.xlsx|LOANS|10|cdf_loan||POULTRY/ LAYERS|LUSAKA|KAFUE|KAFUE|KAMBALE|GOTA-GOTA|FISHERIES AND LIVESTOCK||00.08.2024|197150|197150|197150|197150||||10.06.2024|https://www.kafuecouncil.gov.zm/?page_id=195|kafue 2024 cdf submission|2026-09-11
cdf_record|2024_kafue_2024_cdf_submission_loans_0005|2024|kafue_2024_cdf_submission.xlsx|LOANS|11|cdf_loan||STOCK FEED PRODUCTION & COOKING OIL EXTRACTION|LUSAKA|KAFUE|KAFUE|KABWEZA||MANUFACTURING & PROCESSING||00.08.2024|200000|200000|200000|200000||||10.06.2024|https://www.kafuecouncil.gov.zm/?page_id=195|kafue 2024 cdf submission|2026-09-11
cdf_record|2024_kafue_2024_cdf_submission_loans_0006|2024|kafue_2024_cdf_submission.xlsx|LOANS|12|cdf_loan||COMPLETION OF FLATS|LUSAKA|KAFUE|KAFUE|KASENJE|NABOYE|GENERAL INFRASTRUCTURE||00.08.2024|200000|200000|200000|200000||||10.06.2024|https://www.kafuecouncil.gov.zm/?page_id=195|kafue 2024 cdf submission|2026-09-11
cdf_record|2024_kafue_2024_cdf_submission_loans_0007|2024|kafue_2024_cdf_submission.xlsx|LOANS|13|cdf_loan||CLOTH MAKING & SUPPLY CHITENGE MATERIALS|LUSAKA|KAFUE|KAFUE|SHIKOSWE|ZONE 2|MANUFACTURING & PROCESSING||00.08.2024|132 500.00|132 500.00|132 500.00|132 500.00||||10.06.2024|https://www.kafuecouncil.gov.zm/?page_id=195|kafue 2024 cdf submission|2026-09-11
cdf_record|2024_kafue_2024_cdf_submission_loans_0008|2024|kafue_2024_cdf_submission.xlsx|LOANS|14|cdf_loan||PIGGERY|LUSAKA|KAFUE|KAFUE|KABWEZA|ZONE 1|FISHERIES AND LIVESTOCK||00.08.2024|200000|200000|200000|200000||||10.06.2024|https://www.kafuecouncil.gov.zm/?page_id=195|kafue 2024 cdf submission|2026-09-11
cdf_record|2024_kafue_2024_cdf_submission_loans_0009|2024|kafue_2024_cdf_submission.xlsx|LOANS|15|cdf_loan||PIGGERY|LUSAKA|KAFUE|KAFUE|MUNGU|MUNGU|FISHERIES AND LIVESTOCK||00.08.2024|200000|200000|200000|200000||||10.06.2024|https://www.kafuecouncil.gov.zm/?page_id=195|kafue 2024 cdf submission|2026-09-11
cdf_record|2024_kafue_2024_cdf_submission_loans_0010|2024|kafue_2024_cdf_submission.xlsx|LOANS|16|cdf_loan||POULTRY ( BROILER & LAYERS CHICKEN)|LUSAKA|KAFUE|KAFUE|MAGOBA|ZONE 15|FISHERIES & LIVESTOCK||00.08.2024|50000|50000|50000|50000||||10.06.2024|https://www.kafuecouncil.gov.zm/?page_id=195|kafue 2024 cdf submission|2026-09-11
cdf_record|2024_kafue_2024_cdf_submission_loans_0011|2024|kafue_2024_cdf_submission.xlsx|LOANS|17|cdf_loan||POULTRY|LUSAKA|KAFUE|KAFUE|LUKOLONGO|NGWENYA|FISHERIES & LIVESTOCK||00.08.2024|200000|200000|200000|200000||||10.06.2024|https://www.kafuecouncil.gov.zm/?page_id=195|kafue 2024 cdf submission|2026-09-11
cdf_record|2024_kafue_2024_cdf_submission_loans_0012|2024|kafue_2024_cdf_submission.xlsx|LOANS|18|cdf_loan||GENERAL SUPPLIERS & AGRO BUSINESS|LUSAKA|KAFUE|KAFUE|KASENJE|ZONE 4|TRADE AND COMMERCE||00.08.2024|100000|100000|100000|100000||||10.06.2024|https://www.kafuecouncil.gov.zm/?page_id=195|kafue 2024 cdf submission|2026-09-11
cdf_record|2024_kafue_2024_cdf_submission_loans_0013|2024|kafue_2024_cdf_submission.xlsx|LOANS|19|cdf_loan||PURCHASE AND SELLING OF DRUGS|LUSAKA|KAFUE|KAFUE|KASENJE|ZONE 2|HEALTH||00.08.2024|200000|200000|200000|200000||||10.06.2024|https://www.kafuecouncil.gov.zm/?page_id=195|kafue 2024 cdf submission|2026-09-11
cdf_record|2024_kafue_2024_cdf_submission_loans_0014|2024|kafue_2024_cdf_submission.xlsx|LOANS|20|cdf_loan||BOUTIQUE|LUSAKA|KAFUE|KAFUE|SHABUSALE|ZONE 9|TRADE AND COMMERCE||00.08.2024|200000|200000|200000|200000||||10.06.2024|https://www.kafuecouncil.gov.zm/?page_id=195|kafue 2024 cdf submission|2026-09-11
cdf_record|2024_kafue_2024_cdf_submission_loans_0015|2024|kafue_2024_cdf_submission.xlsx|LOANS|21|cdf_loan||BUTCHERY BUSINESS|LUSAKA|KAFUE|KAFUE|SHIKOSWE|OLD SHIKOSWE|FISHERIES AND LIVESTOCK||00.08.2024|150000|150000|150000|150000||||10.06.2024|https://www.kafuecouncil.gov.zm/?page_id=195|kafue 2024 cdf submission|2026-09-11
cdf_record|2024_kafue_2024_cdf_submission_loans_0016|2024|kafue_2024_cdf_submission.xlsx|LOANS|22|cdf_loan||CARPENTRY AND JOINERY/ CONSTRUCTION|LUSAKA|KAFUE|KAFUE|KAFUE|CHAWAMA|GENERAL INFRASTRUCTURE||00.08.2024|200000|200000|200000|200000||||10.06.2024|https://www.kafuecouncil.gov.zm/?page_id=195|kafue 2024 cdf submission|2026-09-11
cdf_record|2024_kafue_2024_cdf_submission_loans_0017|2024|kafue_2024_cdf_submission.xlsx|LOANS|23|cdf_loan||(MILLING) EXPANSION BUSINESS|LUSAKA|KAFUE|KAFUE|KAFUE|MUCHUTO|MANUFACTURING & PROCESSING||00.08.2024|97000|97000|97000|97000||||10.06.2024|https://www.kafuecouncil.gov.zm/?page_id=195|kafue 2024 cdf submission|2026-09-11
cdf_record|2024_kafue_2024_cdf_submission_loans_0018|2024|kafue_2024_cdf_submission.xlsx|LOANS|24|cdf_loan||POULTRY|LUSAKA|KAFUE|KAFUE|KAFUE|ZONE 3|FISHERIES AND LIVESTOCK||00.08.2024|24000|24000|24000|24000||||10.06.2024|https://www.kafuecouncil.gov.zm/?page_id=195|kafue 2024 cdf submission|2026-09-11
cdf_record|2024_kafue_2024_cdf_submission_loans_0019|2024|kafue_2024_cdf_submission.xlsx|LOANS|25|cdf_loan||PIGGERY|LUSAKA|KAFUE|KAFUE|LUKOLONGO|ZONE 2|FISHERIES AND LIVESTOCK||00.08.2024|200000|200000|200000|200000||||10.06.2024|https://www.kafuecouncil.gov.zm/?page_id=195|kafue 2024 cdf submission|2026-09-11
cdf_record|2024_kafue_2024_cdf_submission_loans_0020|2024|kafue_2024_cdf_submission.xlsx|LOANS|26|cdf_loan||SUPPLIER OF GOODS AND BUILDING MATERIALS|LUSAKA|KAFUE|KAFUE|MATANDA|LUMUMBA|GENERAL INFRASTRUCTURE||00.08.2024|200000|200000|200000|200000||||10.06.2024|https://www.kafuecouncil.gov.zm/?page_id=195|kafue 2024 cdf submission|2026-09-11
cdf_record|2024_kafue_2024_cdf_submission_loans_0021|2024|kafue_2024_cdf_submission.xlsx|LOANS|27|cdf_loan||POULTRY|LUSAKA|KAFUE|KAFUE|MATANDA|KASAKA|FISHERIES AND LIVESTOCK||00.08.2024|200000|200000|200000|200000||||10.06.2024|https://www.kafuecouncil.gov.zm/?page_id=195|kafue 2024 cdf submission|2026-09-11
cdf_record|2024_kafue_2024_cdf_submission_loans_0022|2024|kafue_2024_cdf_submission.xlsx|LOANS|28|cdf_loan||SKILLS TRAINING|LUSAKA|KAFUE|KAFUE|MATANDA|LUMUMBA|EDUCATION||00.08.2024|120000|120000|120000|120000||||10.06.2024|https://www.kafuecouncil.gov.zm/?page_id=195|kafue 2024 cdf submission|2026-09-11
cdf_record|2024_kafue_2024_cdf_submission_loans_0023|2024|kafue_2024_cdf_submission.xlsx|LOANS|29|cdf_loan||AUTO-SPARES RETAIL|LUSAKA|KAFUE|KAFUE|MATANDA|NANGONGWE|TRANSPORT & LOGISTICS||00.08.2024|100000|100000|100000|100000||||10.06.2024|https://www.kafuecouncil.gov.zm/?page_id=195|kafue 2024 cdf submission|2026-09-11
cdf_record|2024_kafue_2024_cdf_submission_loans_0024|2024|kafue_2024_cdf_submission.xlsx|LOANS|30|cdf_loan||GROCERY|LUSAKA|KAFUE|KAFUE|MATANDA|LUMUMBA|TRADE AND COMMERCE||00.08.2024|200000|200000|200000|200000||||10.06.2024|https://www.kafuecouncil.gov.zm/?page_id=195|kafue 2024 cdf submission|2026-09-11
cdf_record|2024_kafue_2024_cdf_submission_loans_0025|2024|kafue_2024_cdf_submission.xlsx|LOANS|31|cdf_loan||CROP FARMING|LUSAKA|KAFUE|KAFUE|CHISANKANE|ZONE 2|AGRICULTURE||00.08.2024|200000|200000|200000|200000||||10.06.2024|https://www.kafuecouncil.gov.zm/?page_id=195|kafue 2024 cdf submission|2026-09-11
cdf_record|2024_kafue_2024_cdf_submission_loans_0026|2024|kafue_2024_cdf_submission.xlsx|LOANS|32|cdf_loan||CONSTRUCTION OF CONFERENCE HALL|LUSAKA|KAFUE|KAFUE|MATANDA|RAILWAYS|GENERAL INFRASTRUCTURE||00.08.2024|200000|200000|200000|200000||||10.06.2024|https://www.kafuecouncil.gov.zm/?page_id=195|kafue 2024 cdf submission|2026-09-11
cdf_record|2024_kafue_2024_cdf_submission_loans_0027|2024|kafue_2024_cdf_submission.xlsx|LOANS|33|cdf_loan||CAR WASH|LUSAKA|KAFUE|KAFUE|CHISANKANE|ZONE 3|TRADE AND COMMERCE||00.08.2024|200000|200000|200000|200000||||10.06.2024|https://www.kafuecouncil.gov.zm/?page_id=195|kafue 2024 cdf submission|2026-09-11
cdf_record|2024_kafue_2024_cdf_submission_loans_0028|2024|kafue_2024_cdf_submission.xlsx|LOANS|34|cdf_loan||HARDWARE|LUSAKA|KAFUE|KAFUE|CHISAKILA|MALABANYIKA|TRADE AND COMMERCE||00.08.2024|160000|160000|160000|160000||||10.06.2024|https://www.kafuecouncil.gov.zm/?page_id=195|kafue 2024 cdf submission|2026-09-11
cdf_record|2024_kafue_2024_cdf_submission_loans_0029|2024|kafue_2024_cdf_submission.xlsx|LOANS|35|cdf_loan||PIGGERY|LUSAKA|KAFUE|KAFUE|KABWEZA|ZONE 2|FISHERIES AND LIVESTOCK||00.08.2024|200000|200000|200000|200000||||10.06.2024|https://www.kafuecouncil.gov.zm/?page_id=195|kafue 2024 cdf submission|2026-09-11
cdf_record|2024_kafue_2024_cdf_submission_loans_0030|2024|kafue_2024_cdf_submission.xlsx|LOANS|36|cdf_loan||CAR & TRUCK PARKING LOT PLUS CAR WASH|LUSAKA|KAFUE|KAFUE|SHIKOSWE|1|TRADE AND COMMERCE||00.08.2024|200000|200000|200000|200000||||10.06.2024|https://www.kafuecouncil.gov.zm/?page_id=195|kafue 2024 cdf submission|2026-09-11
cdf_record|2024_kafue_2024_cdf_submission_community_projects_0001|2024|kafue_2024_cdf_submission.xlsx|COMMUNITY PROJECTS|7|community_project|CONSTRUCTION OF KITCHEN & DINING HALL AT CHITEDE SECONDARY SCHOOL|CONSTRRUCTION OF A DINNING HALL|Lusaka|kafue|kafue|CHIAWA|CHITENDE|EDUCATION|CHITENDE SECONDARY SCHOOL|PROCUREMENT STAGE|||1800000||||21.02.2024||https://www.kafuecouncil.gov.zm/?page_id=195|kafue 2024 cdf submission|2026-09-11
cdf_record|2024_kafue_2024_cdf_submission_community_projects_0002|2024|kafue_2024_cdf_submission.xlsx|COMMUNITY PROJECTS|8|community_project|COMPLETION OF ABLUTION BLOCK AT KASENJE PRIMARY SCHOOL|COMPLETE CONSTRUCTION AN ABLUTION BLOCK|Lusaka|kafue|kafue|KASENJE|KASENJE|EDUCATION|KASENJE PRIMARY SCHOOL|PROCUREMENT STAGE|||350000||||21.02.2024||https://www.kafuecouncil.gov.zm/?page_id=195|kafue 2024 cdf submission|2026-09-11
cdf_record|2024_kafue_2024_cdf_submission_community_projects_0003|2024|kafue_2024_cdf_submission.xlsx|COMMUNITY PROJECTS|9|community_project|DESKS FOR DIFFERENT SCHOOLS|PROCUREMENT OF DESKS|Lusaka|kafue|kafue|KAFUE CONSTITUENCY||EDUCATION|KAFUE CONSTITUENCY|PROCUREMENT STAGE|||3000000||||21.02.2024||https://www.kafuecouncil.gov.zm/?page_id=195|kafue 2024 cdf submission|2026-09-11
cdf_record|2024_kafue_2024_cdf_submission_community_projects_0004|2024|kafue_2024_cdf_submission.xlsx|COMMUNITY PROJECTS|10|community_project|CONSTRUCTION OF 1X3 CLASSROOM WITH 75 DESKS|CONSTRUCTION OF A SCHOOL AND STAFF HOUSES|Lusaka|kafue|kafue|CHISAKILA|CHISAKILA|EDUCATION|SHAMPEYO COMMUNITY SCHOOL|PROCUREMENT STAGE|||1300000||||21.02.2024||https://www.kafuecouncil.gov.zm/?page_id=195|kafue 2024 cdf submission|2026-09-11
cdf_record|2024_kafue_2024_cdf_submission_community_projects_0005|2024|kafue_2024_cdf_submission.xlsx|COMMUNITY PROJECTS|11|community_project|CONSTRUCTION OF 1X3 CLASSROOM BLOCK WITH 75 DESKS|CONSTUCTION OF 1X3 CLASSROOM, ABLUTION BLOCK AND WATER RETICULATION|Lusaka|kafue|kafue|KAFUE|KAFUE|EDUCATION|MUCHUTO BASIC SCHOOL|PROCUREMENT STAGE|||1100000||||21.02.2024||https://www.kafuecouncil.gov.zm/?page_id=195|kafue 2024 cdf submission|2026-09-11
cdf_record|2024_kafue_2024_cdf_submission_community_projects_0006|2024|kafue_2024_cdf_submission.xlsx|COMMUNITY PROJECTS|12|community_project|STREET LIGHTING|PUTTING UP OF STREET LIGHTS IN KASENJE|Lusaka|kafue|kafue|KASENJE||ROADS||PROCUREMENT STAGE|||1100000.84||||21.02.2024||https://www.kafuecouncil.gov.zm/?page_id=195|kafue 2024 cdf submission|2026-09-11
cdf_record|2024_kafue_2024_cdf_submission_community_projects_0007|2024|kafue_2024_cdf_submission.xlsx|COMMUNITY PROJECTS|13|community_project|CONSTRUCTION OF 1X3 CLASSROOM BLOCK AT SHAMANJANJI WITH 75 DESKS|CONSTRUCTION OF 1X3 CLASSROOM|Lusaka|kafue|kafue|MALUNDU|SHAMAJANJI|EDUCATION|SHAMANJANJI|PROCUREMENT STAGE|||1300000||||21.02.2024||https://www.kafuecouncil.gov.zm/?page_id=195|kafue 2024 cdf submission|2026-09-11
cdf_record|2024_kafue_2024_cdf_submission_community_projects_0008|2024|kafue_2024_cdf_submission.xlsx|COMMUNITY PROJECTS|14|community_project|MAINTENANCE OF SHANTUMBU ROAD|SPORT GRAVELLING AND PUTTING MOLESES|Lusaka|kafue|kafue|CHISANKANE||ROADS|SHATUMBU ROAD|PROCUREMENT STAGE|||200000||||21.02.2024||https://www.kafuecouncil.gov.zm/?page_id=195|kafue 2024 cdf submission|2026-09-11
cdf_record|2024_kafue_2024_cdf_submission_community_projects_0009|2024|kafue_2024_cdf_submission.xlsx|COMMUNITY PROJECTS|15|community_project|ROAD MAINTENANCE (KASEKELE ROAD)|GRADING|Lusaka|kafue|kafue|KAFUE|CHAWAMA|ROADS|KASAKELE ROAD|PROCUREMENT STAGE|||500000||||21.02.2024||https://www.kafuecouncil.gov.zm/?page_id=195|kafue 2024 cdf submission|2026-09-11
cdf_record|2024_kafue_2024_cdf_submission_community_projects_0010|2024|kafue_2024_cdf_submission.xlsx|COMMUNITY PROJECTS|16|community_project|ROAD MAINTENANCE|GRADING|Lusaka|kafue|kafue|MATANDA||ROADS||PROCUREMENT STAGE|||378688||||21.02.2024||https://www.kafuecouncil.gov.zm/?page_id=195|kafue 2024 cdf submission|2026-09-11
cdf_record|2024_kafue_2024_cdf_submission_community_projects_0011|2024|kafue_2024_cdf_submission.xlsx|COMMUNITY PROJECTS|17|community_project|CONSTRUCTION OF ABLUTION BLOCK AND CONCRETE APRONE|CONSTRUCTION OF AN ABLUTION BLOCK AT THE MARKET|Lusaka|kafue|kafue|KAMBALE||MARKETS|KAMBALE MARKET SHELTER|PROCUREMENT STAGE|||320511.28||||21.02.2024||https://www.kafuecouncil.gov.zm/?page_id=195|kafue 2024 cdf submission|2026-09-11
cdf_record|2024_kafue_2024_cdf_submission_community_projects_0012|2024|kafue_2024_cdf_submission.xlsx|COMMUNITY PROJECTS|18|community_project|PROCUREMENT OF 2 MOTOR BIKE|PROCUREMENT OF 2 MOTOR BIKE|Lusaka|kafue|kafue|KAFUE CONSTITUENCY||PROCURMENT|KAFUE CONSTITUENCY|PROCUREMENT STAGE|||220000||||21.02.2024||https://www.kafuecouncil.gov.zm/?page_id=195|kafue 2024 cdf submission|2026-09-11
cdf_record|2024_kafue_2024_cdf_submission_community_projects_0013|2024|kafue_2024_cdf_submission.xlsx|COMMUNITY PROJECTS|19|community_project|PROCURMENT OF AN AMBULANCE|PROCUREMENT OF AMBUKANCE|Lusaka|kafue|kafue|KAFUE CONSTITUENCY||PROCURMENT|KAFUE CONSTITUENCY|PROCUREMENT STAGE|||2700000||||21.02.2024||https://www.kafuecouncil.gov.zm/?page_id=195|kafue 2024 cdf submission|2026-09-11
cdf_record|2024_kafue_2024_cdf_submission_community_projects_0014|2024|kafue_2024_cdf_submission.xlsx|COMMUNITY PROJECTS|20|community_project|CONSTURCTION OF A 1X3 CLASSROOM BLOCK AT SHIKOSWE SECONDARY|CONSTURCTION OF A CLASSROOM BLOCK|Lusaka|kafue|kafue|SHIKOSWE||EDUCATION|SHIKOSWE SECONDARY|PROCUREMENT STAGE|||1262748.32||||21.02.2024||https://www.kafuecouncil.gov.zm/?page_id=195|kafue 2024 cdf submission|2026-09-11
cdf_record|2024_kafue_2024_cdf_submission_community_projects_0015|2024|kafue_2024_cdf_submission.xlsx|COMMUNITY PROJECTS|21|community_project|COMPLETION OF SHATUMBU POLICE POST|COMPLET CONSTUCTION OF POLICE POST|Lusaka|kafue|kafue|CHISANKANE||SECURITY|SHATUMBU|PROCUREMENT STAGE|||120000||||21.02.2024||https://www.kafuecouncil.gov.zm/?page_id=195|kafue 2024 cdf submission|2026-09-11
cdf_record|2024_kafue_2024_cdf_submission_community_projects_0016|2024|kafue_2024_cdf_submission.xlsx|COMMUNITY PROJECTS|22|community_project|CONSTRUCTION OF A 1X3 CLASSROOM BLOCK WITH 75 DESKS AT MTENDERE SCHOOL|CONSTRUCTION OF 1X3 CLASSROOM BLOCK|Lusaka|kafue|kafue|SHABUSALE||EDUCATION|MTENDERE COMBINED SCCHOOL|PROCUREMENT STAGE|||1100000||||21.02.2024||https://www.kafuecouncil.gov.zm/?page_id=195|kafue 2024 cdf submission|2026-09-11
cdf_record|2024_kafue_2024_community_projects_community_projects_0001|2024|kafue_2024_community_projects.xlsx|COMMUNITY PROJECTS|7|community_project|CONSTRUCTION OF KITCHEN & DINING HALL|CONSTRUCTION|LUSAKA|KAFUE|KAFUE|CHIAWA|CHIAWA|EDUCATION|CHITENDE SECONDARY SCHOOL||||||||||https://www.kafuecouncil.gov.zm/?page_id=195|kafue 2024 community projects|2026-09-11
cdf_record|2024_kafue_2024_community_projects_community_projects_0002|2024|kafue_2024_community_projects.xlsx|COMMUNITY PROJECTS|8|community_project|DRILLING OF TWO BOREHOLESN & RENOVATION OF MARKET SHELTER|DRILLING OF TWO BOREHOLES & REHABILITATION OF MARKET SHELTER|LUSAKA|KAFUE|KAFUE|CHIAWA|MUGURAMENO|MARKETS|MUGURAMENO VILLAGE||||||||||https://www.kafuecouncil.gov.zm/?page_id=195|kafue 2024 community projects|2026-09-11
cdf_record|2024_kafue_2024_community_projects_community_projects_0003|2024|kafue_2024_community_projects.xlsx|COMMUNITY PROJECTS|9|community_project|RENOVATION OF THE MARTENITY WING AND CONSTRUCTION OF STAFF HOUSES|RENOVATION & CONSTRUCTION|LUSAKA|KAFUE|KAFUE|CHIAWA|CHIAWA|HEALTH|CHIAWA RURAL HEALTH CENTER||||||||||https://www.kafuecouncil.gov.zm/?page_id=195|kafue 2024 community projects|2026-09-11
cdf_record|2024_kafue_2024_community_projects_community_projects_0004|2024|kafue_2024_community_projects.xlsx|COMMUNITY PROJECTS|10|community_project|DRILLING OF BOREHOLE|DRILLING OF BOREHOLE|LUSAKA|KAFUE|KAFUE|CHIAWA|CHIAWA|WATER & SANITATION|MAUNDA VILLAGE||||||||||https://www.kafuecouncil.gov.zm/?page_id=195|kafue 2024 community projects|2026-09-11
cdf_record|2024_kafue_2024_community_projects_community_projects_0005|2024|kafue_2024_community_projects.xlsx|COMMUNITY PROJECTS|11|community_project|DRILLING OF BOREHOLE|DRILLING OF BOREHOLE|LUSAKA|KAFUE|KAFUE|CHIAWA|CHIAWA|WATER & SANITATION|CHIYABA VILLAGE||||||||||https://www.kafuecouncil.gov.zm/?page_id=195|kafue 2024 community projects|2026-09-11
cdf_record|2024_kafue_2024_community_projects_community_projects_0006|2024|kafue_2024_community_projects.xlsx|COMMUNITY PROJECTS|12|community_project|CONSTRUCTION OF STAFF HOUSES|CONSTRUCTION|LUSAKA|KAFUE|KAFUE|CHIAWA|CHIAWA|HEALTH|CHIAWA MINI HOSPITAL||||||||||https://www.kafuecouncil.gov.zm/?page_id=195|kafue 2024 community projects|2026-09-11
cdf_record|2024_kafue_2024_community_projects_community_projects_0007|2024|kafue_2024_community_projects.xlsx|COMMUNITY PROJECTS|13|community_project|REHABILITATION OF A STAFF HOUSE|REHABILITATION|LUSAKA|KAFUE|KAFUE|CHIAWA|MUGURAMENO|HEALTH|MUGURAMENO HEALTH POST.||||||||||https://www.kafuecouncil.gov.zm/?page_id=195|kafue 2024 community projects|2026-09-11
cdf_record|2024_kafue_2024_community_projects_community_projects_0008|2024|kafue_2024_community_projects.xlsx|COMMUNITY PROJECTS|14|community_project|installation of cold storage facilite|installation|LUSAKA|KAFUE|KAFUE|chifwema|nakanga|MARKETS|nakanga market||||||||||https://www.kafuecouncil.gov.zm/?page_id=195|kafue 2024 community projects|2026-09-11
cdf_record|2024_kafue_2024_community_projects_community_projects_0009|2024|kafue_2024_community_projects.xlsx|COMMUNITY PROJECTS|15|community_project|construction of a community school|CONSTRUCTION|LUSAKA|KAFUE|KAFUE|chifwema|chifwema|EDUCATION|chiposo village||||||||||https://www.kafuecouncil.gov.zm/?page_id=195|kafue 2024 community projects|2026-09-11
cdf_record|2024_kafue_2024_community_projects_community_projects_0010|2024|kafue_2024_community_projects.xlsx|COMMUNITY PROJECTS|16|community_project|CONSTRUCTION OF 1 X3 CLASSROOM BLOCK|CONSTRUCTION|LUSAKA|KAFUE|KAFUE|KASENJE|ZONE 3|HEALTH|KAFUE NURSING SCHOOL||||||||||https://www.kafuecouncil.gov.zm/?page_id=195|kafue 2024 community projects|2026-09-11
cdf_record|2024_kafue_2024_community_projects_community_projects_0011|2024|kafue_2024_community_projects.xlsx|COMMUNITY PROJECTS|17|community_project|COMPLETION OF ABLUTION BLOCK|COMPLETION|LUSAKA|KAFUE|KAFUE|KASENJE|ZONE 4|EDUCATION|KASENJE PRIMARY SCHOOL||||||||||https://www.kafuecouncil.gov.zm/?page_id=195|kafue 2024 community projects|2026-09-11
cdf_record|2024_kafue_2024_community_projects_community_projects_0012|2024|kafue_2024_community_projects.xlsx|COMMUNITY PROJECTS|18|community_project|COMPLETION OF SCHOOL HALL|COMPLETION|LUSAKA|KAFUE|KAFUE|KASENJE|NABOYE|EDUCATION|NABOYE SECONDARY SCHOOL||||||||||https://www.kafuecouncil.gov.zm/?page_id=195|kafue 2024 community projects|2026-09-11
cdf_record|2024_kafue_2024_community_projects_community_projects_0013|2024|kafue_2024_community_projects.xlsx|COMMUNITY PROJECTS|19|community_project|CONSTRUCTION OF MATERNITY WING|CONSTRUCTION|LUSAKA|KAFUE|KAFUE|SHIMABALA|ZONE 1|HEALTH|HETTY DENEN HEALTH POST||||||||||https://www.kafuecouncil.gov.zm/?page_id=195|kafue 2024 community projects|2026-09-11
cdf_record|2024_kafue_2024_community_projects_community_projects_0014|2024|kafue_2024_community_projects.xlsx|COMMUNITY PROJECTS|20|community_project|CONSTRUCTION OF WDC OFFICE|CONSTRUCTION|LUSAKA|KAFUE|KAFUE|SHIMABALA|ZONE 2|COMMUNITY DEVELOPMENT|SHIMABALA||||||||||https://www.kafuecouncil.gov.zm/?page_id=195|kafue 2024 community projects|2026-09-11
cdf_record|2024_kafue_2024_community_projects_community_projects_0015|2024|kafue_2024_community_projects.xlsx|COMMUNITY PROJECTS|21|community_project|PROCUREMENT OF SCHOOL DESKS|PROCUREMENT|LUSAKA|KAFUE|KAFUE|SHIMABALA|ZONE 1|EDUCATION|HETTY DENEN SECONDARY SCHOOL||||||||||https://www.kafuecouncil.gov.zm/?page_id=195|kafue 2024 community projects|2026-09-11
cdf_record|2024_kafue_2024_community_projects_community_projects_0016|2024|kafue_2024_community_projects.xlsx|COMMUNITY PROJECTS|22|community_project|PROCUREMENT OF SCHOOL DESKS|PROCUREMENT|LUSAKA|KAFUE|KAFUE|SHIMABALA|ZONE 2|EDUCATION|CHIPONGWE PRIMARY SCHOOL||||||||||https://www.kafuecouncil.gov.zm/?page_id=195|kafue 2024 community projects|2026-09-11
cdf_record|2024_kafue_2024_community_projects_community_projects_0017|2024|kafue_2024_community_projects.xlsx|COMMUNITY PROJECTS|23|community_project|PROCUREMENT OF SCHOOL DESKS|PROCUREMENT|LUSAKA|KAFUE|KAFUE|SHIMABALA|ZONE 1|EDUCATION|HETTY DENEN PRIMARY SCHOOL||||||||||https://www.kafuecouncil.gov.zm/?page_id=195|kafue 2024 community projects|2026-09-11
cdf_record|2024_kafue_2024_community_projects_community_projects_0018|2024|kafue_2024_community_projects.xlsx|COMMUNITY PROJECTS|24|community_project|CONSTRUCTION OF MODERN ABLUTION BLOCK|CONSTRUCTION|LUSAKA|KAFUE|KAFUE|SHIMABALA|ZONE 4|HEALTH|HETTY DENEN HEALTH POST||||||||||https://www.kafuecouncil.gov.zm/?page_id=195|kafue 2024 community projects|2026-09-11
cdf_record|2024_kafue_2024_community_projects_community_projects_0019|2024|kafue_2024_community_projects.xlsx|COMMUNITY PROJECTS|25|community_project|CONSTRUCTION OF 1X4 CLASSROOM BLOCK|CONSTRUCTION|LUSAKA|KAFUE|KAFUE|KABWEZA|NIL|EDUCATION|SHIMABALA CENTRAL PRIMARY SCHOOL||||||||||https://www.kafuecouncil.gov.zm/?page_id=195|kafue 2024 community projects|2026-09-11
cdf_record|2024_kafue_2024_community_projects_community_projects_0020|2024|kafue_2024_community_projects.xlsx|COMMUNITY PROJECTS|26|community_project|CONSTRUCTION OF 1X4 CLASSROOM BLOCK|CONSTRUCTION|LUSAKA|KAFUE|KAFUE|KABWEZA|KABWEZA|EDUCATION|KABWEZA SECONDARY SCHOOL||||||||||https://www.kafuecouncil.gov.zm/?page_id=195|kafue 2024 community projects|2026-09-11
cdf_record|2024_kafue_2024_community_projects_community_projects_0021|2024|kafue_2024_community_projects.xlsx|COMMUNITY PROJECTS|27|community_project|CONSTRUCTION OF HEALTH FACILITY|CONSTRUCTION|LUSAKA|KAFUE|KAFUE|CHISAKILA|CHISAKILA|HEALTH|CHISAKILA RURAL CENTER COMMUNITY||||||||||https://www.kafuecouncil.gov.zm/?page_id=195|kafue 2024 community projects|2026-09-11
cdf_record|2024_kafue_2024_community_projects_community_projects_0022|2024|kafue_2024_community_projects.xlsx|COMMUNITY PROJECTS|28|community_project|CONSTRUCTION OF 1X3 CLASSROOM AND THREE STAFF HOUSES|CONSTRUCTION|LUSAKA|KAFUE|KAFUE|CHISAKILA|SHAMPEYO|EDUCATION|SHAMPEYO COMMUNITY SCHOOL||||||||||https://www.kafuecouncil.gov.zm/?page_id=195|kafue 2024 community projects|2026-09-11
cdf_record|2024_kafue_2024_community_projects_community_projects_0023|2024|kafue_2024_community_projects.xlsx|COMMUNITY PROJECTS|29|community_project|COMPLETION OF A STAFF HOUSE AND ABLUTION BLOCK|COMPLETION|LUSAKA|KAFUE|KAFUE|CHISAKILA|CHISAKILA|EDUCATION|CHISAKILA PRIMARY SCHOOL.||||||||||https://www.kafuecouncil.gov.zm/?page_id=195|kafue 2024 community projects|2026-09-11
cdf_record|2024_kafue_2024_community_projects_community_projects_0024|2024|kafue_2024_community_projects.xlsx|COMMUNITY PROJECTS|30|community_project|CONSTRUCTION OF SCHOOL WALL FENCE|CONSTRUCTION|LUSAKA|KAFUE|KAFUE|MUNGU|MUNGU|EDUCATION|MUNGU PRIMARY SCHOOL||||||||||https://www.kafuecouncil.gov.zm/?page_id=195|kafue 2024 community projects|2026-09-11
cdf_record|2024_kafue_2024_community_projects_community_projects_0025|2024|kafue_2024_community_projects.xlsx|COMMUNITY PROJECTS|31|community_project|CONSTRUCTION OF A MARKET|CONSTRUCTION|LUSAKA|KAFUE|KAFUE|MUNGU|MUNGU|MARKETS|MUNGU COMMUNITY||||||||||https://www.kafuecouncil.gov.zm/?page_id=195|kafue 2024 community projects|2026-09-11
cdf_record|2024_kafue_2024_community_projects_community_projects_0026|2024|kafue_2024_community_projects.xlsx|COMMUNITY PROJECTS|32|community_project|CONSTRUCTION OF 1X4 CLASSROOM BLOCK AND ABLUTION BLOCK|CONSTRUCTION|LUSAKA|KAFUE|KAFUE|SHABUSALE|ZONE 10|EDUCATION|AFRICAN VISION OF HOPE CHRISTIAN SCHOOL||||||||||https://www.kafuecouncil.gov.zm/?page_id=195|kafue 2024 community projects|2026-09-11
cdf_record|2024_kafue_2024_community_projects_community_projects_0027|2024|kafue_2024_community_projects.xlsx|COMMUNITY PROJECTS|33|community_project|DRILLING OF BOREHOLE|DRILLING|LUSAKA|KAFUE|KAFUE|KAFUE|ZONE 1|WATER & SANITATION|KASEBA PRIMARY SCHOOL||||||||||https://www.kafuecouncil.gov.zm/?page_id=195|kafue 2024 community projects|2026-09-11
cdf_record|2024_kafue_2024_community_projects_community_projects_0028|2024|kafue_2024_community_projects.xlsx|COMMUNITY PROJECTS|34|community_project|CONSTRUCTION OF ROADS AND DRAINAGES|CONSTRUCTION|LUSAKA|KAFUE|KAFUE|KAFUE|KAFUE|ROADS|KASEBA PRIMARY SCHOOL||||||||||https://www.kafuecouncil.gov.zm/?page_id=195|kafue 2024 community projects|2026-09-11
cdf_record|2024_kafue_2024_community_projects_community_projects_0029|2024|kafue_2024_community_projects.xlsx|COMMUNITY PROJECTS|35|community_project|CONSTRUCTION OF ABLUTION BLOCK|CONSTRUCTION|LUSAKA|KAFUE|KAFUE|KAFUE|ZONE 1|HEALTH|KASEBA PRIMARY SCHOOL||||||||||https://www.kafuecouncil.gov.zm/?page_id=195|kafue 2024 community projects|2026-09-11
cdf_record|2024_kafue_2024_community_projects_community_projects_0030|2024|kafue_2024_community_projects.xlsx|COMMUNITY PROJECTS|36|community_project|CONSTRUCTION OF ABLUTION BLOCK|CONSTRUCTION|LUSAKA|KAFUE|KAFUE|KAFUE|ZONE 1|HEALTH|KAFUE DAY SECONDARY SCHOOL||||||||||https://www.kafuecouncil.gov.zm/?page_id=195|kafue 2024 community projects|2026-09-11
cdf_record|2024_kafue_2024_community_projects_community_projects_0031|2024|kafue_2024_community_projects.xlsx|COMMUNITY PROJECTS|37|community_project|CONSTRUCTION OF ABLUTION BLOCK|CONSTRUCTION|LUSAKA|KAFUE|KAFUE|KAFUE|ZONE 1|HEALTH|KASEBA PRIMARY SCHOOL||||||||||https://www.kafuecouncil.gov.zm/?page_id=195|kafue 2024 community projects|2026-09-11
cdf_record|2024_kafue_2024_community_projects_community_projects_0032|2024|kafue_2024_community_projects.xlsx|COMMUNITY PROJECTS|38|community_project|CONSTRUCTION OF WALL FENCE|CONSTRUCTION|LUSAKA|KAFUE|KAFUE|KAFUE|ZONE 1|EDUCATION|KASEBA PRIMARY SCHOOL||||||||||https://www.kafuecouncil.gov.zm/?page_id=195|kafue 2024 community projects|2026-09-11
cdf_record|2024_kafue_2024_community_projects_community_projects_0033|2024|kafue_2024_community_projects.xlsx|COMMUNITY PROJECTS|39|community_project|CONSTRUCTION OF A MARTENITY WING|CONSTRUCTION|LUSAKA|KAFUE|KAFUE|KAFUE|ZONE 1|HEALTH|KAFUE EAST HEALTH POST||||||||||https://www.kafuecouncil.gov.zm/?page_id=195|kafue 2024 community projects|2026-09-11
cdf_record|2024_kafue_2024_community_projects_community_projects_0034|2024|kafue_2024_community_projects.xlsx|COMMUNITY PROJECTS|40|community_project|CONSTRUCTION OF ABLUTION BLOCK|CONSTRUCTION|LUSAKA|KAFUE|KAFUE|KAFUE|ZONE 1|HEALTH|KASEBA PRIMARY SCHOOL||||||||||https://www.kafuecouncil.gov.zm/?page_id=195|kafue 2024 community projects|2026-09-11
cdf_record|2024_kafue_2024_community_projects_community_projects_0035|2024|kafue_2024_community_projects.xlsx|COMMUNITY PROJECTS|41|community_project|CONSTRUCTION OF A 1X3 CLASSROOM BLOCK|CONSTRUCTION|LUSAKA|KAFUE|KAFUE|KAFUE|MUCHUTO B|EDUCATION|MUCHUTO BASIC SCHOOL||||||||||https://www.kafuecouncil.gov.zm/?page_id=195|kafue 2024 community projects|2026-09-11
cdf_record|2024_kafue_2024_community_projects_community_projects_0036|2024|kafue_2024_community_projects.xlsx|COMMUNITY PROJECTS|42|community_project|WATER CONNECTION|INSTALLATION OF WATER|LUSAKA|KAFUE|KAFUE|KAFUE|ZONE 1|WATER & SANITATION|KAFUE EAST HEALTH POST||||||||||https://www.kafuecouncil.gov.zm/?page_id=195|kafue 2024 community projects|2026-09-11
cdf_record|2024_kafue_2024_community_projects_community_projects_0037|2024|kafue_2024_community_projects.xlsx|COMMUNITY PROJECTS|43|community_project|CONSTRUCTION OF WALL FENCE|CONSTRUCTION|LUSAKA|KAFUE|KAFUE|KAFUE|ZONE 1|EDUCATION|KASEBA PRIMARY SCHOOL||||||||||https://www.kafuecouncil.gov.zm/?page_id=195|kafue 2024 community projects|2026-09-11
cdf_record|2024_kafue_2024_community_projects_community_projects_0038|2024|kafue_2024_community_projects.xlsx|COMMUNITY PROJECTS|44|community_project|CONSTRUCTION OF 1X3 ABLUTION BLIOCK|CONSTRUCTION|LUSAKA|KAFUE|KAFUE|KAFUE|KALUNDU VIEW|EDUCATION|KALUNDU VIEW||||||||||https://www.kafuecouncil.gov.zm/?page_id=195|kafue 2024 community projects|2026-09-11
cdf_record|2024_kafue_2024_community_projects_community_projects_0039|2024|kafue_2024_community_projects.xlsx|COMMUNITY PROJECTS|45|community_project|OPENING NEW ROADS, DRAINAGES AND STREEY LIGHTS IN THE COMMUNITY|ROADS|LUSAKA|KAFUE|KAFUE|MATANDA|NANGONGWE|ROADS|KAFUE TOWN, NANGONGWE, KASEBA AND CHIMWEMWE||||||||||https://www.kafuecouncil.gov.zm/?page_id=195|kafue 2024 community projects|2026-09-11
cdf_record|2024_kafue_2024_community_projects_community_projects_0040|2024|kafue_2024_community_projects.xlsx|COMMUNITY PROJECTS|46|community_project|CONSTRUCTION OF 1X4 CLASSROOM BLOVK|CONSTRUCTION|LUSAKA|KAFUE|KAFUE|MATANDA|NANGONGWE|EDUCATION|NANGONGWE SECONDARY SCHOOL||||||||||https://www.kafuecouncil.gov.zm/?page_id=195|kafue 2024 community projects|2026-09-11
cdf_record|2024_kafue_2024_community_projects_community_projects_0041|2024|kafue_2024_community_projects.xlsx|COMMUNITY PROJECTS|47|community_project|CONSTRUCTION OF MODERN FEMALE AND MALE OUT-PATIENTS TOILETS|CONSTRUCTION|LUSAKA|KAFUE|KAFUE|MATANDA|NIL|HEALTH|NANGONGWE URBAN CLINIC||||||||||https://www.kafuecouncil.gov.zm/?page_id=195|kafue 2024 community projects|2026-09-11
cdf_record|2024_kafue_2024_community_projects_community_projects_0042|2024|kafue_2024_community_projects.xlsx|COMMUNITY PROJECTS|48|community_project|COMPLETION OF PENDING WORKS|COMPLETION|LUSAKA|KAFUE|KAFUE|MATANDA|LUMUMBA|COMMUNITY DEVELOPMENT|KAFUE NAZARENE CHURCH||||||||||https://www.kafuecouncil.gov.zm/?page_id=195|kafue 2024 community projects|2026-09-11
cdf_record|2024_kafue_2024_community_projects_community_projects_0043|2024|kafue_2024_community_projects.xlsx|COMMUNITY PROJECTS|49|community_project|CONSTRUCTION OF A CHURCH|CONSTRUCTION|LUSAKA|KAFUE|KAFUE|MATANDA|NANGONGWE|COMMUNITY DEVELOPMENT|NANGONGWE SDA CHURCH||||||||||https://www.kafuecouncil.gov.zm/?page_id=195|kafue 2024 community projects|2026-09-11
cdf_record|2024_kafue_2024_community_projects_community_projects_0044|2024|kafue_2024_community_projects.xlsx|COMMUNITY PROJECTS|50|community_project|DRILLING OF BOREHOLE|DRILLING|LUSAKA|KAFUE|KAFUE|CHITENDE|KANYANGALA|WATER & SANITATION|KANYANGALA VILLAGE||||||||||https://www.kafuecouncil.gov.zm/?page_id=195|kafue 2024 community projects|2026-09-11
cdf_record|2024_kafue_2024_community_projects_community_projects_0045|2024|kafue_2024_community_projects.xlsx|COMMUNITY PROJECTS|51|community_project|DRILLING OF BOREHOLE|DRILLING|LUSAKA|KAFUE|KAFUE|CHIKUPI|CHIKUPI|WATER & SANITATION|5 ZONES IN CHIKUPI WARD||||||||||https://www.kafuecouncil.gov.zm/?page_id=195|kafue 2024 community projects|2026-09-11
cdf_record|2024_kafue_2024_community_projects_community_projects_0046|2024|kafue_2024_community_projects.xlsx|COMMUNITY PROJECTS|52|community_project|RURAL ELECTRIFICATION|ELECTRIFICATION|LUSAKA|KAFUE|KAFUE|CHIKUPI|CHIKUPI|ENERGY|5 ZONES IN CHIKUPI WARD||||||||||https://www.kafuecouncil.gov.zm/?page_id=195|kafue 2024 community projects|2026-09-11
cdf_record|2024_kafue_2024_community_projects_community_projects_0047|2024|kafue_2024_community_projects.xlsx|COMMUNITY PROJECTS|53|community_project|ROAD MAINTENANCE|MAINTENANCE|LUSAKA|KAFUE|KAFUE|CHIKUPI|CHIKUPI|ROADS|DEMU A AND SHAMBOLE VILLAGES||||||||||https://www.kafuecouncil.gov.zm/?page_id=195|kafue 2024 community projects|2026-09-11
cdf_record|2024_kafue_2024_community_projects_community_projects_0048|2024|kafue_2024_community_projects.xlsx|COMMUNITY PROJECTS|54|community_project|POLICE POST|INSTALLATION|LUSAKA|KAFUE|KAFUE|CHISANKANE|ZONE 7|SECURITY|SHAFTY FIVE COMMUNITY||||||||||https://www.kafuecouncil.gov.zm/?page_id=195|kafue 2024 community projects|2026-09-11
cdf_record|2024_kafue_2024_community_projects_community_projects_0049|2024|kafue_2024_community_projects.xlsx|COMMUNITY PROJECTS|55|community_project|CONSTRUCTION OF GRINDING MILL SHELTER|CONSTRUCTION|LUSAKA|KAFUE|KAFUE|CHISANKANE|ZONE 3|AGRICULTURE|CHISANKANE||||||||||https://www.kafuecouncil.gov.zm/?page_id=195|kafue 2024 community projects|2026-09-11
cdf_record|2024_kafue_2024_community_projects_community_projects_0050|2024|kafue_2024_community_projects.xlsx|COMMUNITY PROJECTS|56|community_project|DRILLING OF A BOREHOLE|DRILLING|LUSAKA|KAFUE|KAFUE|CHISANKANE|ZONE 4|WATER & SANITATION|MWALITETA COMMUNITY||||||||||https://www.kafuecouncil.gov.zm/?page_id=195|kafue 2024 community projects|2026-09-11
cdf_record|2024_kafue_2024_community_projects_community_projects_0051|2024|kafue_2024_community_projects.xlsx|COMMUNITY PROJECTS|57|community_project|CONSTRUCTION OF A LAB, CERVICAL CANCER AND SCREENING ROOMS|CONSTRUCTION|LUSAKA|KAFUE|KAFUE|CHISANKANE|ZONE 3|HEALTH|CHISANKANE CLINIC||||||||||https://www.kafuecouncil.gov.zm/?page_id=195|kafue 2024 community projects|2026-09-11
cdf_record|2024_kafue_2024_community_projects_community_projects_0052|2024|kafue_2024_community_projects.xlsx|COMMUNITY PROJECTS|58|community_project|CONSTRUCTION OF MARKET|CONSTRUCTION|LUSAKA|KAFUE|KAFUE|CHISANKANE|ZONE 3|MARKETS|CHIPWALU VILLAGE||||||||||https://www.kafuecouncil.gov.zm/?page_id=195|kafue 2024 community projects|2026-09-11
cdf_record|2024_kafue_2024_community_projects_community_projects_0053|2024|kafue_2024_community_projects.xlsx|COMMUNITY PROJECTS|59|community_project|RENOVATION OF WARD DEVELOPMENT COMMITTEE OFFICE|RENOVATION|LUSAKA|KAFUE|KAFUE|CHISANKANE|ZONE 2|SECURITY|WARD DEVELOPMENT OFFICE||||||||||https://www.kafuecouncil.gov.zm/?page_id=195|kafue 2024 community projects|2026-09-11
cdf_record|2024_kafue_2024_community_projects_community_projects_0054|2024|kafue_2024_community_projects.xlsx|COMMUNITY PROJECTS|60|community_project|CONSTRUCTION OF POLICE POST|CONSTRUCTION|LUSAKA|KAFUE|KAFUE|CHISANKANE|ZONE 6|SECURITY|CHALALA||||||||||https://www.kafuecouncil.gov.zm/?page_id=195|kafue 2024 community projects|2026-09-11
cdf_record|2024_kafue_2024_community_projects_community_projects_0055|2024|kafue_2024_community_projects.xlsx|COMMUNITY PROJECTS|61|community_project|DRILLING A BOREHOLE|DRILLING|LUSAKA|KAFUE|KAFUE|CHISANKANE|ZONE 3|WATER & SANITATION|CHISOMPOLA VIILAGE||||||||||https://www.kafuecouncil.gov.zm/?page_id=195|kafue 2024 community projects|2026-09-11
cdf_record|2024_kafue_2024_community_projects_community_projects_0056|2024|kafue_2024_community_projects.xlsx|COMMUNITY PROJECTS|62|community_project|DRILLING A BOREHOLE|DRILLING|LUSAKA|KAFUE|KAFUE|CHISANKANE|ZONE 5|WATER & SANITATION|MAHOPO CLINIC||||||||||https://www.kafuecouncil.gov.zm/?page_id=195|kafue 2024 community projects|2026-09-11
cdf_record|2024_kafue_2024_community_projects_community_projects_0057|2024|kafue_2024_community_projects.xlsx|COMMUNITY PROJECTS|63|community_project|CONSTRUCTION OF MARKET|CONSTRUCTION|LUSAKA|KAFUE|KAFUE|MALUNDU|ZONE 2|MARKETS|MAKANGWE||||||||||https://www.kafuecouncil.gov.zm/?page_id=195|kafue 2024 community projects|2026-09-11
cdf_record|2024_kafue_2024_community_projects_community_projects_0058|2024|kafue_2024_community_projects.xlsx|COMMUNITY PROJECTS|64|community_project|CONSTRUCTION OF A BRIDGE|CONSTRUCTION|LUSAKA|KAFUE|KAFUE|MALUNDU|ZONE 2|ROADS|CHIPAPA||||||||||https://www.kafuecouncil.gov.zm/?page_id=195|kafue 2024 community projects|2026-09-11
cdf_record|2024_kafue_2024_community_projects_community_projects_0059|2024|kafue_2024_community_projects.xlsx|COMMUNITY PROJECTS|65|community_project|CONSTRUCTION OF A POLICE POST|CONSTRUCTION|LUSAKA|KAFUE|KAFUE|MALUNDU|ZONE 2|SECURITY|MAKANGWE||||||||||https://www.kafuecouncil.gov.zm/?page_id=195|kafue 2024 community projects|2026-09-11
cdf_record|2024_kafue_2024_community_projects_community_projects_0060|2024|kafue_2024_community_projects.xlsx|COMMUNITY PROJECTS|66|community_project|CONSTRUCTION OF A SCHOOL|CONSTRUCTION|LUSAKA|KAFUE|KAFUE|MALUNDU|ZONE 2|EDUCATION|SHAMANJANJI||||||||||https://www.kafuecouncil.gov.zm/?page_id=195|kafue 2024 community projects|2026-09-11
cdf_record|2024_kafue_2024_community_projects_community_projects_0061|2024|kafue_2024_community_projects.xlsx|COMMUNITY PROJECTS|67|community_project|CONSTRUCTION OF 1X3 CLASSROOM BLOCK|CONSTRUCTION|LUSAKA|KAFUE|KAFUE|CHISANKANE|ZONE 4|EDUCATION|KANYANJA COMMUNITY SCHOOL||||||||||https://www.kafuecouncil.gov.zm/?page_id=195|kafue 2024 community projects|2026-09-11
cdf_record|2024_kafue_2024_community_projects_community_projects_0062|2024|kafue_2024_community_projects.xlsx|COMMUNITY PROJECTS|68|community_project|CONSTRUCTION OF MARTENITY WING|CONSTRUCTION|LUSAKA|KAFUE|KAFUE|CHISAKILA|CHISAKILA|HEALTH|CHISAKILA CLINIC||||||||||https://www.kafuecouncil.gov.zm/?page_id=195|kafue 2024 community projects|2026-09-11
cdf_record|2024_kafue_2024_community_projects_community_projects_0063|2024|kafue_2024_community_projects.xlsx|COMMUNITY PROJECTS|69|community_project|CONSTRUCTION OF 1X3 CLASSROOM BLOCK WITH 75 DESKD AT SHIKOSWE SECONDARY SCHOOL|CONSTRUCTION|LUSAKA|KAFUE|KAFUE|SHIKOSWE||EDUCATION|SHIKOSWE SECONDARY SCHOOL||||||||||https://www.kafuecouncil.gov.zm/?page_id=195|kafue 2024 community projects|2026-09-11
cdf_record|2024_kafue_2024_community_projects_community_projects_0064|2024|kafue_2024_community_projects.xlsx|COMMUNITY PROJECTS|70|community_project|STREETLIGHTING|INSTALLATION||||KAFUE CONSTITUENCY||ROADS|KAFUE CONSTITUENCY||||||||||https://www.kafuecouncil.gov.zm/?page_id=195|kafue 2024 community projects|2026-09-11
cdf_record|2024_kafue_2024_community_projects_community_projects_0065|2024|kafue_2024_community_projects.xlsx|COMMUNITY PROJECTS|71|community_project|CONSTRUCTION OF 1X3 CLASSROOM BLOCK AT MTENDERE PRIMARY SCHOOL|CONSTRUCTION||||SHABUSALE||EDUCATION|mtendere school||||||||||https://www.kafuecouncil.gov.zm/?page_id=195|kafue 2024 community projects|2026-09-11
cdf_record|2024_kafue_2024_community_projects_community_projects_0066|2024|kafue_2024_community_projects.xlsx|COMMUNITY PROJECTS|72|community_project|PROCUREMENT OF SCHOOL DESKS|PROCUREMENT||||KAFUE CONSTITUENCY||EDUCATION|KAFUE CONSTITUENCY||||||||||https://www.kafuecouncil.gov.zm/?page_id=195|kafue 2024 community projects|2026-09-11
cdf_record|2024_kafue_2024_community_projects_community_projects_0067|2024|kafue_2024_community_projects.xlsx|COMMUNITY PROJECTS|73|community_project|MAINTENANCE OF KASEKALE ROAD|MAINTENANCE||||KAFUE||ROADS|KAFUE WARD||||||||||https://www.kafuecouncil.gov.zm/?page_id=195|kafue 2024 community projects|2026-09-11
cdf_record|2024_kafue_2024_community_projects_community_projects_0068|2024|kafue_2024_community_projects.xlsx|COMMUNITY PROJECTS|74|community_project|PROCUREMENT OF 2 MOTOR BIKES FOR NKOMESHA AND CHIYABA CHIEFDOMS|PROCUREMENT||||KAFUE CONSTITUENCY||PROCUREMENT|KAFUE CONSTITUENCY||||||||||https://www.kafuecouncil.gov.zm/?page_id=195|kafue 2024 community projects|2026-09-11
cdf_record|2024_kafue_2024_community_projects_community_projects_0069|2024|kafue_2024_community_projects.xlsx|COMMUNITY PROJECTS|75|community_project|COMPLETION OF SHANTUBU POLICE POST|COMPLETION||||CHISANKANE||SECURITY|SHANTUMBU||||||||||https://www.kafuecouncil.gov.zm/?page_id=195|kafue 2024 community projects|2026-09-11
cdf_record|2024_kafue_2024_community_projects_community_projects_0070|2024|kafue_2024_community_projects.xlsx|COMMUNITY PROJECTS|76|community_project|PROCUREMENT OF AMBULANCE|PROCUREMENT||||KAFUE CONSTITUENCY||PROCUREMENT|KAFUE CONSTITUENCY||||||||||https://www.kafuecouncil.gov.zm/?page_id=195|kafue 2024 community projects|2026-09-11
cdf_record|2024_kafue_2024_community_projects_community_projects_0071|2024|kafue_2024_community_projects.xlsx|COMMUNITY PROJECTS|77|community_project|MAINTENANCE OF SHANTUMBU ROAD|MAINTENANCE||||CHISANKANE||ROADS|SHANTUMBU||||||||||https://www.kafuecouncil.gov.zm/?page_id=195|kafue 2024 community projects|2026-09-11
