record_type|record_id|source_file|document_type|page_number|page_text|source_url|source_name|retrieved_at
document_page|kafue_2025_approved_cdf_projects_page_0001|kafue_2025_approved_cdf_projects.pdf|Approved CDF community projects 2025|1||https://www.kafuecouncil.gov.zm/?page_id=195|Approved CDF community projects 2025|2026-09-11
document_page|kafue_2025_cdf_all_applications_page_0001|kafue_2025_cdf_all_applications.pdf|CDF applications 2025|1||https://www.kafuecouncil.gov.zm/?page_id=195|CDF applications 2025|2026-09-11
document_page|kafue_2025_cdf_all_applications_page_0002|kafue_2025_cdf_all_applications.pdf|CDF applications 2025|2||https://www.kafuecouncil.gov.zm/?page_id=195|CDF applications 2025|2026-09-11
document_page|kafue_2025_cdf_all_applications_page_0003|kafue_2025_cdf_all_applications.pdf|CDF applications 2025|3||https://www.kafuecouncil.gov.zm/?page_id=195|CDF applications 2025|2026-09-11
document_page|kafue_2025_cdf_all_applications_page_0004|kafue_2025_cdf_all_applications.pdf|CDF applications 2025|4||https://www.kafuecouncil.gov.zm/?page_id=195|CDF applications 2025|2026-09-11
document_page|kafue_2025_budget_page_0001|kafue_2025_budget.pdf|Kafue Town Council budget 2025|1|OUTPUT BASED ANNUAL BUDGET Page 1 9004HEAD KAFUE TOWN COUNCIL 1.0 MANDATE 2.0 STRATEGY 3.0 NATIONAL DEVELOPMENT PLAN FRAMEWORK To provide operational and service excellence, innovation, community engagement and observance of good financial management and accountability. This is in agreement with the Republican Constitution (Amendment) Act No.2 of 2016 Part IX on the System of Devolved Governance [Article 147 (2)] and Part XI on the System of Local Government. Kafue Town Council will deliver sustainable Municipal services to the community through promotion of access to financing through the Constituency Development Fund, Enhancement of community engagement, and actualizing of the Integrated Development Plan through promotion of public private partnerships, social services for rural development, improvement of road network as well as actualization of decentralization. 01 Economic Transformation and Job CreationCluster : 01 An Industrialised and Diversified EconomyCluster Outcome 01 Improve agricultural production and productivityStrategy : 05 Improve transport and logisticsStrategy : 02 Enhanced Citizenry Participation in the EconomyCluster Outcome 01 Promote local and diaspora participation in the economyStrategy : 02 Promote Enterprise development Strategy : 04 Promote Financial InclusionStrategy : 02 Human and Social DevelopmentCluster : 01 Improved Education and Skills DevelopmentCluster Outcome 01 Enhance access to quality, equitable and inclusive educationStrategy : 03 Increased access to higher educationStrategy : 02 Improved Health, Food and NutritionCluster Outcome 01 Strengthen Public healthStrategy : 04 Reduced Poverty, Vulnerability and InequalitiesCluster Outcome 01 Improved Coordination of Social Protection ProgrammesStrategy : 02 Enhance welfare and livelihoods of poor and vulnerable peopleStrategy : 04 Increasing access to decent and affordable housingStrategy : 03 Environmental SustainabilityCluster : 02 Sustainable Environment and Natural Resources ManagementCluster Outcome 01 Promote Integrated Environmental ManagementStrategy : 04 Good Governance EnvironmentCluster : 01 Improved Policy and Governance EnvironmentCluster Outcome 03 Strengthen transparency and accountability mechanismsStrategy : 02 Improved Rule of Law, Human Rights and ConstitutionalismCluster Outcome 01 Strengthen human rights and constitutionalism Strategy :|https://www.kafuecouncil.gov.zm/?page_id=195|Kafue Town Council budget 2025|2026-09-11
document_page|kafue_2025_budget_page_0002|kafue_2025_budget.pdf|Kafue Town Council budget 2025|2|OUTPUT BASED ANNUAL BUDGETPage 2 9004HEAD KAFUE TOWN COUNCIL Local taxes/rates01 APPROVED BUDGET 2025 REVISED BUDGET 2026 BUDGET ESTIMATE 2027 CODE REVENUE DESCRIPTION Residential 19,490,761 19,490,761 19,490,761001 Commercial 3,281,273 3,281,273 3,281,273002 Industrial 11,807,907 11,807,907 11,807,907003 Hospitality 1,644,963 1,644,963 1,644,963004 36,224,904 36,224,904 36,224,904SubItem Total Personal levy 88,065 88,065 88,065001 88,065 88,065 88,065SubItem Total|https://www.kafuecouncil.gov.zm/?page_id=195|Kafue Town Council budget 2025|2026-09-11
document_page|kafue_2025_budget_page_0003|kafue_2025_budget.pdf|Kafue Town Council budget 2025|3|OUTPUT BASED ANNUAL BUDGET Page 3 9004HEAD KAFUE TOWN COUNCIL Fees and Charges02 APPROVED BUDGET 2025 REVISED BUDGET 2026 BUDGET ESTIMATE 2027 CODE REVENUE DESCRIPTION Consent fees 495,000 495,000 495,000001 Survey fees 155,500 155,500 155,500002 Building inspection-fees 320,000 320,000 320,000003 Plan scrutiny fee 322,500 322,500 322,500004 Rentals/lease of Council’s properties 345,780 345,780 345,780007 Non-Land Application forms fees 120,000 120,000 120,000008 Rentals from houses 30,000 30,000 30,000009 Search fees 15,000 15,000 15,000011 Notice board advert fees 10,000 10,000 10,000012 Market fees 158,400 158,400 158,400013 Loading fees (buses, trucks, trains, taxies etc.) 150,000 150,000 150,000016 Affidavit fees 1,250 1,250 1,250017 Hire of halls 69,000 69,000 69,000020 Hire of grounds/stadia 17,400 17,400 17,400021 Recommendations fees 36,000 36,000 36,000024 Hire of plant and equipment 1,023,980 1,023,980 1,023,980032 Refuse disposal 390,000 390,000 390,000033 Farm visits 27,555 27,555 27,555037 Library membership fees 12,500 12,500 12,500038 Franchise fees 48,000 48,000 48,000039 Notice of marriage fees 159,500 159,500 159,500045 Abattoir/meat inspection fees 11,100 11,100 11,100046 Registration of clubs and societies 172,500 172,500 172,500047 Slaughter inspections 2,665 2,665 2,665048 Farm produce Fee 379,543 379,543 379,543051 Animal Post-mortems 58,920 58,920 58,920054 Repairs of cars/garage/car wash 1,000 1,000 1,000056 Billboards and banners 348,340 348,340 348,340063 Council Minutes Extracts 18,000 18,000 18,000065 Penalties 205,400 205,400 205,400066 Ablution Fee 90,000 90,000 90,000067 Booth fees 50,000 50,000 50,000072 Maritime and inland waterways fees 150,000 150,000 150,000081 Consultation Clinic fees 8,040 8,040 8,040084 Animal Identification Mark Fees (Brand marks) 9,325 9,325 9,325087 Farm call visits 5,000 5,000 5,000088 Other fees and charges 405,600 405,600 405,600099 5,822,798 5,822,798 5,822,798SubItem Total|https://www.kafuecouncil.gov.zm/?page_id=195|Kafue Town Council budget 2025|2026-09-11
document_page|kafue_2025_budget_page_0004|kafue_2025_budget.pdf|Kafue Town Council budget 2025|4|OUTPUT BASED ANNUAL BUDGETPage 4 9004HEAD KAFUE TOWN COUNCIL Licenses03 APPROVED BUDGET 2025 REVISED BUDGET 2026 BUDGET ESTIMATE 2027 CODE REVENUE DESCRIPTION Occupancy licence 985,500 985,500 985,500001 Liquor licence 230,100 230,100 230,100002 Firearm and ammunition licence 22,800 22,800 22,800003 Petroleum Storage licence 305,500 305,500 305,500004 Dog licence 35,920 35,920 35,920005 Fish Licences/origin of fish 40,535 40,535 40,535007 1,620,355 1,620,355 1,620,355SubItem Total Levies04 APPROVED BUDGET 2025 REVISED BUDGET 2026 BUDGET ESTIMATE 2027 CODE REVENUE DESCRIPTION Livestock Movement levy 22,300 22,300 22,300001 Birds levy 2,012 2,012 2,012002 Fish levy 90,000 90,000 90,000003 Pole levy 9,365 9,365 9,365004 Charcoal levy 3,000 3,000 3,000005 Sand levy 726,000 726,000 726,000006 Quarry levy 360,000 360,000 360,000008 Telecommunication Mast 230,000 230,000 230,000011 Trading (Wholesale) Business Levy 83,085 83,085 83,085017 Trading (Retail) Consumable groceries business 110,770 110,770 110,770018 Retail Merchants non-consumable business 111,066 111,066 111,066019 Manufacturing 215,333 215,333 215,333021 Hawker 4,899 4,899 4,899026 Peddler 11,134 11,134 11,134027 Filling Station 71,104 71,104 71,104028 Professional Occupation 148,889 148,889 148,889029 Car Wash 20,000 20,000 20,000031 Hospitality 417,000 417,000 417,000032 Commercial Banks 48,000 48,000 48,000033 Micro- Finance and Money-Lenders 32,000 32,000 32,000034 Other levies 277,778 277,778 277,778099 2,993,734 2,993,734 2,993,734SubItem Total Permits05 APPROVED BUDGET 2025 REVISED BUDGET 2026 BUDGET ESTIMATE 2027 CODE REVENUE DESCRIPTION Health permits 2,398,500 2,398,500 2,398,500001 Permit for opaque beer 7,500 7,500 7,500002 Herbalist permit 1,550 1,550 1,550003 Nursery, pre-school permits 7,500 7,500 7,500007 Burial permits and grave sites 282,000 282,000 282,000008 Fire certificate 1,151,700 1,151,700 1,151,700009 Extension of Business hours permits 1,800 1,800 1,800010 Social gathering permit 15,000 15,000 15,000011 3,865,550 3,865,550 3,865,550SubItem Total|https://www.kafuecouncil.gov.zm/?page_id=195|Kafue Town Council budget 2025|2026-09-11
document_page|kafue_2025_budget_page_0005|kafue_2025_budget.pdf|Kafue Town Council budget 2025|5|OUTPUT BASED ANNUAL BUDGET Page 5 9004HEAD KAFUE TOWN COUNCIL 4.0 BUDGET SUMMARY The total budget estimates for Kafue Town Council stands at K138.1 million for the year 2025.This is spread across 15 programmes that the council will focus on and aim to implement. Compared with the 2024 budget which stood at K102.1 million, the 2025 budget represents an upward adjustment of 35 percent mainly necessitated by the increase in the Constituency Development Fund (CDF) allocation from K30.6 million per constituency in the past year to K36.1 million and the introduction of Cash for Work Programme as well as the Devolution Support Programme and the Sector Grants for the Devolved functions. Budget Allocation by Economic ClassificationTable:1 ECONOMIC CLASSIFICATION 2023 APPROVED BUDGET (K) No 2024 APPROVED BUDGET (K) 2025 BUDGET ESTIMATE (K) (0) 28,539,876 32,065,62821 Personal Emoluments (0) 29,762,367 35,051,24422 Goods and Services (0) 8,149,080 22,190,49026 Grants and Other Payments(Transfers) (0) - 6,228,22627 Subsidies to Non-Financial Enterprises (0) 24,907,446 32,030,10831 Non-Financial Assets (0) 3,492,463 3,736,93632 Financial Assets (0) 6,941,371 6,753,40841 Current Liabilities (Payable within one year) Charges06 APPROVED BUDGET 2025 REVISED BUDGET 2026 BUDGET ESTIMATE 2027 CODE REVENUE DESCRIPTION Land Application Charges 24,500 24,500 24,500007 24,500 24,500 24,500SubItem Total Other Incomes07 APPROVED BUDGET 2025 REVISED BUDGET 2026 BUDGET ESTIMATE 2027 CODE REVENUE DESCRIPTION Agency Commission 48,000 48,000 48,000005 Other Income 50,000 50,000 50,000099 98,000 98,000 98,000SubItem Total National Support (Grants)08 APPROVED BUDGET 2025 REVISED BUDGET 2026 BUDGET ESTIMATE 2027 CODE REVENUE DESCRIPTION Constituency Development Fund 36,058,151 36,058,151 36,058,151001 Roads Grant 3,200,587 3,200,587 3,200,587002 Health Grant 2,818,861 2,818,861 2,818,861003 Local Government Equalisation Fund 14,727,797 14,727,797 14,727,797004 Grants in lieu of Rates 150,000 150,000 150,000005 Other Grants 22,022,738 22,022,738 22,022,738099 78,978,134 78,978,134 78,978,134SubItem Total Donor Support09 APPROVED BUDGET 2025 REVISED BUDGET 2026 BUDGET ESTIMATE 2027 CODE REVENUE DESCRIPTION Devolution Capital Grant 8,340,000 8,340,000 8,340,000001 8,340,000 8,340,000 8,340,000SubItem Total 138,056,040138,056,040Grand Total 138,056,040|https://www.kafuecouncil.gov.zm/?page_id=195|Kafue Town Council budget 2025|2026-09-11
document_page|kafue_2025_budget_page_0006|kafue_2025_budget.pdf|Kafue Town Council budget 2025|6|OUTPUT BASED ANNUAL BUDGETPage 6 9004HEAD KAFUE TOWN COUNCIL The budget allocation by economic classification for Kafue Town Council shows that K35.1million representing 25.39 percent allocated towards goods and services for Council operation and service delivery within the District. An allocation of K32.0 million representing 23.20 percent allocated towards Non-financial asserts to cover acquisition of assets. K32.1 million representing 23.23 percent has been allocated to personal emoluments to cover for salaries and wages for the members of staff. Additionally, K22.2 million representing 16.07 percent channeled to grants and other payments (transfers). Further, K6.8 million representing 4.89 percent channeled to current liabilities (payable within a year). While K6.2 million representing 4.51 percent has been allocated to subsidies to non-financial enterprises for secondary school bursaries and skills development. Furthermore, an allocation of K3.7 million presenting 2.71 percent towards financial assets such as empowerment loans. Figure 1: Budget Allocation by Economic Classification 25.39% 4.89% 2.71% 16.07%23.20% 23.23% 4.51% Goods and Services Current Liabilities (Payable within one year) Financial As s ets Grants and Other Payments (Trans fers ) Non-Financial As s ets Pers onal Emoluments Subs idies to Non-Financial Enterpris es Head Total (0) 101,792,604 138,056,040|https://www.kafuecouncil.gov.zm/?page_id=195|Kafue Town Council budget 2025|2026-09-11
document_page|kafue_2025_budget_page_0007|kafue_2025_budget.pdf|Kafue Town Council budget 2025|7|OUTPUT BASED ANNUAL BUDGET Page 7 9004HEAD KAFUE TOWN COUNCIL Budget Allocation by ProgrammeTable:2 Figure 2:Budget Allocation by Programme 0.36% 26.12% 2.04% 0.03% 0.47% 14.78% 4.56% 2.54% 13.04% 5.73% 5.44% 3.10%4.43% 14.96% 2.39% Agricultural Services Constituency Development District Health servcies Education and skills development Fisheries and Livestock Housing and Community Amenities Integrated Development Planning Local Governance Management and support Services Public health and Environmental protection Public order and safety Recreation Culture and Religion Resource Mobilisation and Management Social Protection and Community Development Transport Services 2023 Approved Budget(K) 2024 Approved Budget(K) 2025 Budget Estimates(K) Code Programme 1 Constituency Development 30,635,642(0) 36,058,151 2 Local Governance 2,674,631(0) 3,512,039 3 Integrated Development Planning 5,784,211(0) 6,298,471 5 Public health and Environmental protection 3,473,235(0) 7,912,081 6 Housing and Community Amenities 13,812,924(0) 20,399,843 7 Recreation Culture and Religion 4,827,447(0) 4,279,636 8 Education and skills development 2,000(0) 44,661 10 Public order and safety 6,501,371(0) 7,512,285 11 Management and support Services 25,905,716(0) 18,002,067 12 Resource Mobilisation and Management 5,271,644(0) 6,110,366 13 District Health servcies 2,808,861(0) 2,818,861 15 Transport Services -(0) 3,300,587 16 Agricultural Services -(0) 497,464 17 Fisheries and Livestock 94,922(0) 653,499 18 Social Protection and Community Development -(0) 20,656,028 (0) 101,792,604 138,056,040Head Total|https://www.kafuecouncil.gov.zm/?page_id=195|Kafue Town Council budget 2025|2026-09-11
document_page|kafue_2025_budget_page_0008|kafue_2025_budget.pdf|Kafue Town Council budget 2025|8|OUTPUT BASED ANNUAL BUDGETPage 8 9004HEAD KAFUE TOWN COUNCIL Table 3: Budget Allocation by Programme and Sub-Programme Approved Approved 2025 BUDGETPROGRAMME/SUB-PROGRAMME Expendit ure* 2024 BUDGET2023 BUDGET Expendit ure Estimate Constituency Development1 (0) 30,635,642 36,058,151(0)(0) Community Projects 779 (0) 17,462,316 21,962,692(0)(0) Women and Youth Empowerment 780 (0) 5,820,772 6,228,226(0)(0) CDF Administration 781 (0) 1,531,782 1,639,007(0)(0) Secondary School and Skills Development Bursaries 782 (0) 5,820,772 6,228,226(0)(0) Local Governance2 (0) 2,674,631 3,512,039(0)(0) Local elections 040 (0) 2,674,631 845,671(0)(0) Legislative Function 044 (0) - 2,263,360(0)(0) Citizen Engagement 045 (0) - 403,008(0)(0) Integrated Development Planning3 (0) 5,784,211 6,298,471(0)(0) Environmental planning 006 (0) - 501,008(0)(0) Spatial Planning 021 (0) 3,080,259 1,398,598(0)(0) Socio Economic planning 033 (0) 2,703,952 4,398,866(0)(0) Public health and Environmental protection5 (0) 3,473,235 7,912,081(0)(0) Health Inspections 019 (0) 239,480 784,799(0)(0) Solid Waste Management 027 (0) 2,733,755 6,136,147(0)(0) Water supply and Sanitation Services 034 (0) 500,000 991,136(0)(0) Housing and Community Amenities6 (0) 13,812,924 20,399,843(0)(0) Parks and Gardens 007 (0) 50,000 -(0)(0) Markets and Bus Stations 012 (0) 493,212 4,663,245(0)(0) Community Centres 017 (0) 862,875 1,413,733(0)(0) Public Housing 026 (0) 4,954,676 11,112,826(0)(0) Roads and Drainages 029 (0) 4,639,280 3,018,801(0)(0) Street Lighting 031 (0) 2,812,880 191,238(0)(0) Recreation Culture and Religion7 (0) 4,827,447 4,279,636(0)(0) Cultural Affairs 001 (0) 18,000 5,224(0)(0) Sports Promotion 042 (0) 4,809,447 4,274,412(0)(0) Education and skills development8 (0) 2,000 44,661(0)(0) District archives 001 (0) 2,000 19,241(0)(0) Adult Literacy 010 (0) - 25,420(0)(0) Public order and safety10 (0) 6,501,371 7,512,285(0)(0) Community policing 018 (0) 1,470,141 2,215,403(0)(0) Fire protection services 041 (0) 5,031,229 5,296,882(0)(0) Management and support Services11 (0) 25,905,716 18,002,067(0)(0) Human Resource and Administratio 001 (0) 12,065,983 4,618,023(0)(0) Executive management 009 (0) 2,093,950 1,310,889(0)(0) Procurement 016 (0) 906,802 535,625(0)(0) Auditing 028 (0) 606,278 868,314(0)(0) Accounting 035 (0) 8,747,746 9,353,477(0)(0) Legal Services 036 (0) 1,484,957 1,315,740(0)(0) Resource Mobilisation and Management12 (0) 5,271,644 6,110,366(0)(0) Revenue Mobilisation and Enhancement 067 (0) 5,271,644 6,110,366(0)(0) District Health servcies13 (0) 2,808,861 2,818,861(0)(0) Primary Health Services 001 (0) 2,808,861 2,021,129(0)(0) District Health Coordination 002 (0) - 471,481(0)(0) Hospital Services 003 (0) - 326,251(0)(0) Transport Services15 (0) - 3,300,587(0)(0)|https://www.kafuecouncil.gov.zm/?page_id=195|Kafue Town Council budget 2025|2026-09-11
document_page|kafue_2025_budget_page_0009|kafue_2025_budget.pdf|Kafue Town Council budget 2025|9|OUTPUT BASED ANNUAL BUDGET Page 9 9004HEAD KAFUE TOWN COUNCIL Constituency Development Programme has been allocated K36.1 million of which K21.9 million has been allocated to Community Projects sub-programme for construction of infrastructures within the District. Youth and Women Empowerment sub-programme has been allocated K6.2 million to be used to aid and empower Women and Youths in order for them to become economically active. Further, K6.2 has been allocated to Secondary School bursaries and Skills development programme to enhance quality education and reduce illiteracy levels within the district. The remaining K1.6 has been allocated to CDF Administration component. Local Governance programme has been allocated K3.6 million of which K2.3 million channeled to Legislative functions sub-programme catering for councilors allowances. While K846, 671 towards Local Elections sub-programmes to facilitate for management and operation of Ward Development Committees. Furthermore, K 487,128 allocated to Citizen Engagement sub programme to cover community engagement at all levels of decision making such as budgeting process. Integrated Development Planning programme comprising of Spatial, environmental planning and Social Economic sub programmes has been allocated K4.1million of which K2.21 million will go towards Social Economic Planning which involves the developmental planning of the district, administrative operations and dealing with cross-cutting issues. K1.4 channeled to Spatial Planning to foster orderly and sustainable human developments and settlements in the district and K543, 508 towards environmental planning to ensure environmental sustainability planning and climate resilience related matters. The Public Health and Environmental Protection programme has been allocated K4.1 million. This Programme covers the following sub-programmes: Solid Waste Management with an allocation of K2.3 million to be used for collection and disposal of waste, fencing of the dumpsite, Water Supply and Sanitation with an allocation of K991, 136 to facilitate provision of clean and safe water and Health Inspections with an allocation of K784, 799 to facilitate public health inspections. Housing and Community Amenities programme has been allocated K16.9 million of which Public Housing Sub-programme has an allocation of K11.4 million to be used for the maintenance of Council buildings and Construction of check point barriers in Chiawa, Magoba, Shantumbu and Shimabala wards. Additionally, Roads and Drainages sub-programme has been allocated K3.0 million for periodic maintenance of roads and drainages whereas Community Centre sub-programme has been allocated K1.4 million. In addition, K890, 004 allocated to maintenance of our 8 markets and bus stations. Street lighting sub-programme has an allocation of K191, 238 for the routine maintenance of street lights. Road Transport 001 (0) - 3,200,587(0)(0) Water Transport 003 (0) - 100,000(0)(0) Agricultural Services 16 (0) - 497,464(0)(0) Agricultural Crop production, Advisory and Technical Services 071 (0) - 320,082(0)(0) Agribusiness Development and Marketing 072 (0) - 28,000(0)(0) Agriculture Co-ordination 073 (0) - 149,382(0)(0) Fisheries and Livestock17 (0) 94,922 653,499(0)(0) Fisheries and Livestock Marketing 074 (0) - 70,000(0)(0) Animal Health Services 075 (0) 94,922 198,915(0)(0) Fisheries Production and Productivity Improvement 076 (0) - 130,534(0)(0) Livestock Production and Productivity Improvement 077 (0) - 81,000(0)(0) District Fisheries and Livestock Coordination 078 (0) - 173,050(0)(0) Social Protection and Community Development 18 (0) - 20,656,028(0)(0) District Social welfare 079 (0) - 20,648,270(0)(0) Community Development 080 (0) - 7,758(0)(0) 138,056,040Head Total 101,792,604(0) (0)(0)|https://www.kafuecouncil.gov.zm/?page_id=195|Kafue Town Council budget 2025|2026-09-11
document_page|kafue_2025_budget_page_0010|kafue_2025_budget.pdf|Kafue Town Council budget 2025|10|OUTPUT BASED ANNUAL BUDGETPage 10 9004HEAD KAFUE TOWN COUNCIL Recreation, Culture and Religion programme has been allocated K4.3 million of which Sports Promotion sub-programme has been allocated K4.2 million for the promotion of sports and recreation in the District and Cultural Affairs Sub-programme has been allocated K5, 224. Education and Skills development programme has been allocated K44, 661of which adult literacy has been allocated K25,420 and District archives sub programme has been allocated K19,241. This will involve monitoring of facilities offering Early Childhood Education and inventory of skills development in the district. Public Order and Safety programme has been allocated K9.1 million. This comprises of the Fire Protection Services and Community Policing sub-programmes has been allocated K6.7million and K2.4 million toward community policing. These are for facilitation and enforcement of Public Order and Safety sub-programme in the district. Management and Support Services programme has been allocated K25.8 million of which K12.2 million has been allocated towards Human Resource Management and Administration sub-programme. Key elements under the Human Resource Management and Administration are the personal emoluments for all support and key management staff. While K9.4 million towards accounting services such as debt servicing (ZRA, NAPSA and terminal benefits), preparation of financial statements and preparations of budgets. Whereas Legal Services sub-programme has been allocated K1.3 for the purpose of litigations matters. Executive management has been allocated K1.3 million. Additionally, Auditing sub Programme has been allocated K1.1 million for auditing inspections and preparation of preparation of Audit reports. Further, Procurement sub-programme has been allocated K574 for the smooth running of for procurement process. Resource Mobilisation and Management programme has been allocated a total of K6.1 million for Revenue Mobilisation and Enhancement sub programme. The main revenue enhancement activities will include processing of the supplementary Valuation roll, formulation of integrated payment model, automated data base update system and automated billing system. District Health Services programme has been allocated K2.8 million of which K2.0 million allocated towards primary Health Care services such as provision of curative, preventive services and maternal child health. K471, 481 towards the operation of District Health Coordination sub programme and the remaining amount K326,251 towards Hospital services. Transport Services Programme has been allocated K3.3 million of which K3.2 million to cover road transport sub programme which will involve grading of road and general maintenance of drainages. While water transport sub programme has been allocated K100, 000 for dredgers services. Agriculture Services Programme has been allocated K497, 464 of which K320, 082 allocated towards Agriculture crop production, advisory and technical services sub programme. This will facilitate for agriculture technical support services to the farmers in the district. Additionally, K149, 382 has been allocated towards agriculture coordination sub programme. The allocation will go towards general district agriculture coordination. While K28, 000 will go towards agriculture development and marketing for the district. Fisheries and Livestock programme has been allocated K486, 160 of which K173, 050 has been channeled towards district fisheries and livestock coordination. Additionally, K90, 000 towards Fisheries production and productivity improvement sub programme. Further, K81,000 towards livestock production and productivity improvement. While K72, 1 10 has been channeled to animal health services sub programme and the remaining amount K70, 000 towards Fisheries and Livestock Marketing sub programme. Social Protection and Community Development Programme has been allocated K 20.7 million and the allocations has been apportioned as follows; K20.6 million towards District Social Welfare sub|https://www.kafuecouncil.gov.zm/?page_id=195|Kafue Town Council budget 2025|2026-09-11
document_page|kafue_2025_budget_page_0011|kafue_2025_budget.pdf|Kafue Town Council budget 2025|11|OUTPUT BASED ANNUAL BUDGET Page 11 9004HEAD KAFUE TOWN COUNCIL programme and K7,758 towards community development sub programme.|https://www.kafuecouncil.gov.zm/?page_id=195|Kafue Town Council budget 2025|2026-09-11
document_page|kafue_2025_budget_page_0012|kafue_2025_budget.pdf|Kafue Town Council budget 2025|12|OUTPUT BASED ANNUAL BUDGETPage 12 9004HEAD KAFUE TOWN COUNCIL BUDGET PROGRAMMES Expendit ure* Expendit ure Approved 1 Constituency Development Approved 2023 BUDGET 2024 BUDGET 2025 BUDGET Estimates ECONOMIC CLASSIFICATION Programme Objective(S) : To facilitate equitable development, reduce poverty, support job creation and provide for vulnerable learners to access Secondary Boarding Schools and Technical Education, Vocational and Entrepreneurship Training Institutions Table 4: Programme Budget Allocation by Economic Classification Programme 4,917,021- -1,531,782-Use of Goods and Services02 4,917,021-02 General Operations - 1,531,782 - 8,719,516- -8,149,080-Transfers03 2,491,290-01 Transfers - 8,149,080 - 6,228,226-02 Subsidies - - - 22,421,614- -20,954,779-Assets04 18,684,678-01 Non-Financial Assets (Capital Expenditure) - 17,462,316 - 3,736,936-02 Financial Assets - 3,492,463 - Programme Total 36,058,15130,635,642 (0)(0)(0) The budget allocation by Economic Classification for Constituency Development shows that K22.4 million has been allocated towards acquisition of Assets (K18.7 million for Non-Financial Assets relating to CDF Community Projects) Additionally, K8.7 million allocated to transfers (Empowerment Grants and Secondary Boarding and Skills Development) whereas K4.9 million allocated to use of goods and services to facilitate for generation operations of the programme.|https://www.kafuecouncil.gov.zm/?page_id=195|Kafue Town Council budget 2025|2026-09-11
document_page|kafue_2025_budget_page_0013|kafue_2025_budget.pdf|Kafue Town Council budget 2025|13|OUTPUT BASED ANNUAL BUDGET Page 13 9004HEAD KAFUE TOWN COUNCIL Expendit ure 2023 BUDGET Expendit ure* 2024 BUDGET Approved Approved 2025 BUDGET EstimatesPROGRAMME/SUBPROGRAMME Table 5: Programme Budget Allocation by Subprogramme Constituency Development0001Programme : 1 Constituency Development 36,058,15130,635,642(0) 21,962,69217,462,316(0) (0)779 Community Projects (0) 6,228,2265,820,772(0) (0)780 Women and Youth Empowerment (0) 1,639,0071,531,782(0) (0)781 CDF Administration (0) 6,228,2265,820,772(0) (0)782 Secondary School and Skills Development Bursaries (0) (0) 36,058,151Programme Total (0) 30,635,642(0) 36,058,151 Constituency Development Programme has been allocated K36.1 million of which K22.0 million has been allocated to Community Projects sub-programme for construction of infrastructures within the District. Youth and Women Empowerment sub-programme has been allocated K6.2 million to be used to aid and empower Women and Youths in order for them to become economically active. Further, K6.2 million has been allocated to Secondary School bursaries and Skills development programme to enhance quality education and reduce illiteracy levels within the district. The remaining K1.6 million has been allocated to CDF administration to cater for operations such as; Project appraisal and Monitoring, Ward Development Committees support, Communication and branding of all CDF assets and facilitating for all the Constituency Development Fund Committee (CDFC) meetings|https://www.kafuecouncil.gov.zm/?page_id=195|Kafue Town Council budget 2025|2026-09-11
document_page|kafue_2025_budget_page_0014|kafue_2025_budget.pdf|Kafue Town Council budget 2025|14|OUTPUT BASED ANNUAL BUDGETPage 14 9004HEAD KAFUE TOWN COUNCIL 202520242023 TargetActual*TargetActualTarget Table 6: Programme Outputs 1 Constituency DevelopmentProgramme: Key Output and Output Indicator Community Projects Undertaken 01 Proportion of safe water and sanitation in pubilc places - - - - 100 02 Number of classroom blocks constructed - - - - 2 03 Number of desks procured - - - - 4,000 04 Number of Maternity annexes constructed - - - - 2 05 Kilometers of roads gravelled - - - - 20 Women and Youth Empowered 01 Number of Women and Youth Empowered with Grants - - - - 100 02 Number of loan beneficiaries - - - - 50 Constituency Development Fund Administrative Component utilised 01 Proportion of Constituency Development Fund Projects monitored - - - - 100 02 Proportion of Constituency Development Fund assets branded - - - - 100 03 Number of Constituency Development Fund Committee Meetings held - - - - 4 04 Number of Ward Development Committees supported - - - - 18 Secondary School Pupils and Skills Development students sponsored with Bursaries 01 Number of Secondary School pupils sponsored with Bursaries - - - - 110 02 Number of Skills Development students sponsored with Bursaries - - - - 500 m Controlling Officer: Executive Authority: Programmes under which this Council will be accounted for by theCouncil Secretary, Kafue District Council The programme seeks to ensure that development is brought closer to the people who live in local communities by capacity building and provision of self-sustaining Livelihoods. To this end, the Council plans to procure 4,000 desks for the schools in the district against the 4125 desks achieved in 2024, provision of at least 100 percent of safe water and sanitation in public places. Further, the Council plans to empower 150 youth and women groups with grants and loans against 109 achieved in 2024 as well as sponsor for 500 students under skills development against 414 achieved in 2024 and 100 pupils for secondary school bursaries against 104 achieved in 2024. Furthermore, on infrastructure development, the plan is to at least construct two (2) maternity annexes and two (2) classroom blocks (1x3) within Kafue District against Five (5) achieved in 2024 and gravel 20 kilometers of roads in five wards of Kafue District. While on utilization of administrative component, the plan target to support the WDCs in all the eighteen (18) wards with stationary for their meetings and transport refunds, facilitate for the four (4) CDFC quarterly meetings and attain a 100 percent appraisal and monitoring of all the CDF project as well as branding of all the CDF assets.|https://www.kafuecouncil.gov.zm/?page_id=195|Kafue Town Council budget 2025|2026-09-11
document_page|kafue_2025_budget_page_0015|kafue_2025_budget.pdf|Kafue Town Council budget 2025|15|OUTPUT BASED ANNUAL BUDGET Page 15 9004HEAD KAFUE TOWN COUNCIL BUDGET PROGRAMMES Expendit ure* Expendit ure Approved 2 Local Governance Approved 2023 BUDGET 2024 BUDGET 2025 BUDGET Estimates ECONOMIC CLASSIFICATION Programme Objective(S) : To facilitate community participation in decision making for sustainable local development Table 4: Programme Budget Allocation by Economic Classification Programme 2,445,294- -519,171-Personal Emoluments01 946,255-01 Salaries and Wages - 519,171 - 1,499,039-03 Personnel Related Costs - - - 937,745- -2,155,460-Use of Goods and Services02 937,745-02 General Operations - 2,155,460 - 129,000- ---Assets04 129,000-01 Non-Financial Assets (Capital Expenditure) - - - Programme Total 3,512,0392,674,631 (0)(0)(0) The Local Governance programme budget allocation by Economic Classification shows that K2.4 million has been allocated towards Personal Emoluments to cover salaries and wages, for officers under committee section and community development officer in charge of WDCs. Additionally, K937,745 has been allocated towards the use of Goods and Services to cover Local Governance activities and expenses related to the welfare of Civic leaders, Council meetings and management and operationalisation of Ward Development Committees. Furthermore, K129,000 allocated towards Assets under committee section. Expendit ure 2023 BUDGET Expendit ure* 2024 BUDGET Approved Approved 2025 BUDGET EstimatesPROGRAMME/SUBPROGRAMME Table 5: Programme Budget Allocation by Subprogramme Local Governance0002Programme : 2 Local Governance 3,512,0392,674,631(0) 845,6712,674,631(0) (0)040 Local elections (0) 2,263,360-(0) (0)044 Legislative Function (0) 403,008-(0) (0)045 Citizen Engagement (0) (0) 3,512,039Programme Total (0) 2,674,631(0) 3,512,039 Local Governance programme has been allocated K3.5 million of which K2.3 million channeled to Legislative functions catering for councillors allowances. While K845, 671 towards Local Elections sub programmes to facilitate for management and operation of Ward Development Committees. Furthermore, K 403, 008 allocated to Citizen Engagement sub programme to cover community engagement at all levels of decision making such as budgeting process.|https://www.kafuecouncil.gov.zm/?page_id=195|Kafue Town Council budget 2025|2026-09-11
document_page|kafue_2025_budget_page_0016|kafue_2025_budget.pdf|Kafue Town Council budget 2025|16|OUTPUT BASED ANNUAL BUDGETPage 16 9004HEAD KAFUE TOWN COUNCIL 202520242023 TargetActual*TargetActualTarget Table 6: Programme Outputs 2 Local GovernanceProgramme: Key Output and Output Indicator Ward Development Committees operationalised 01 Number of ward development committees meeting held - - - - 4 02 Number of ward development committees Operationalised - - - - 18 Council meetings held 01 Number of ordinary Council meetings held - - - - 4 02 Number of Committee meetings held - - - - 20 Community Engaged 01 Number of Community Engagements meetings held - - - - 4 02 Number of Radio porgrammes held - - - - 12 m Controlling Officer: Executive Authority: Programmes under which this Council will be accounted for by theCouncil Secretary, Kafue District Council This programme will facilitate the co-ordination of activities and projects, capacity building, performance assessment and provision of relevant policy direction. Further, the programme will focus on creating citizen awareness on the operations of the Local Authority and facilitate meaningful participation of the community in the development of the District. To this end, the council plans to ensure that twenty (20) committee meetings and four (4) ordinary Council meetings are held to facilitate formulation of Council policies compared to twenty (20) committee meetings and three (3) ordinary council meeting held in 2024. In addition, the Council has planned to hold two (2) special council meetings and two (2) special committee meetings against one (1) special council meeting held in 2024. Further, the Council intends to ensure that in all the eighteen (18) Wards, WDCs formed and oriented in 2024 are operationalized and at least hold four (4) quarterly meetings in their wards. On Citizen Engagement, council plans to at least hold four (4) community meetings and twelve (12) radio community engagement programmes.|https://www.kafuecouncil.gov.zm/?page_id=195|Kafue Town Council budget 2025|2026-09-11
document_page|kafue_2025_budget_page_0017|kafue_2025_budget.pdf|Kafue Town Council budget 2025|17|OUTPUT BASED ANNUAL BUDGET Page 17 9004HEAD KAFUE TOWN COUNCIL BUDGET PROGRAMMES Expendit ure* Expendit ure Approved 3 Integrated Development Planning Approved 2023 BUDGET 2024 BUDGET 2025 BUDGET Estimates ECONOMIC CLASSIFICATION Programme Objective(S) : To guide spatial, social-economic, and environmental planning in the district Table 4: Programme Budget Allocation by Economic Classification Programme 1,650,092- -619,353-Personal Emoluments01 1,572,686-01 Salaries and Wages - 619,353 - 77,406-03 Personnel Related Costs - - - 4,588,679- -4,156,858-Use of Goods and Services02 4,588,679-02 General Operations - 4,156,858 - 59,700- -1,008,000-Assets04 59,700-01 Non-Financial Assets (Capital Expenditure) - 1,008,000 - Programme Total 6,298,4715,784,211 (0)(0)(0) The budget allocation by Economic Classification for Integrated Development Planning programme shows that K4.6 million has been allocated towards the use Goods and Services for the general operation of the programme. Further, K1.7 million has been channeled towards Personal Emoluments to cover salaries and wages for officers under planning department and K59, 700 towards the acquisition of Assets under planning department. Expendit ure 2023 BUDGET Expendit ure* 2024 BUDGET Approved Approved 2025 BUDGET EstimatesPROGRAMME/SUBPROGRAMME Table 5: Programme Budget Allocation by Subprogramme Integrated Development Planning0003Programme : 3 Integrated Development Planning 6,298,4715,784,211(0) 501,008-(0) (0)006 Environmental planning (0) 1,398,5983,080,259(0) (0)021 Spatial Planning (0) 4,398,8662,703,952(0) (0)033 Socio Economic planning (0) (0) 6,298,471Programme Total (0) 5,784,211(0) 6,298,471 Integrated Development Planning programme comprising of Spatial and Social Economic subprogrammes has been allocated K6.3 million of which K4.4 million will go towards Social Economic Planning which involves funding of Ward Development fund in all the wards in Kafue,the developmental planning of the district, administrative operations and dealing with cross-cutting issues. While K1.4 million towards Spatial Planning to foster orderly and sustainable human developments and settlements in the district and K501, 008 towards environmental planning to ensure environmental sustainability planning and climate resilience related matters.|https://www.kafuecouncil.gov.zm/?page_id=195|Kafue Town Council budget 2025|2026-09-11
document_page|kafue_2025_budget_page_0018|kafue_2025_budget.pdf|Kafue Town Council budget 2025|18|OUTPUT BASED ANNUAL BUDGETPage 18 9004HEAD KAFUE TOWN COUNCIL 202520242023 TargetActual*TargetActualTarget Table 6: Programme Outputs 3 Integrated Development PlanningProgramme: Key Output and Output Indicator Integrated Development Plan operationalised 01 Number of Integrated Development Plan operationalised - - - - 1 Local Area Development Plans Developed 01 Number of Local Area Development Plan Developed - - - - 1 Compliance inspections on development control conducted 01 Proportion of development control inspections conducted - - - - 100 Wards funded 01 Number of Wards funded - - - - 18 16 Days of Gender Activism Conducted 01 Number of 16 Days of Gender Activism events Conducted - - - - 1 Condoms distributed 01 Number of condoms received and distributed - - - - 10,000 Trees Planted 01 Number of Trees planted - - - - 2,000 World Environmental day Commemorated 01 Number of World Enironmental Day Commemorated - - - - 1 m Controlling Officer: Executive Authority: Programmes under which this Council will be accounted for by theCouncil Secretary, Kafue District Council The Integrated Development Planning Programme will focus on enhancing coordination in the spatial, social and economic development of the district. This will be achieved through the implementation of an Integrated Development Plan (IDP) that will guide all developmental happenings in the district. The IDP will be operationalized through the development of at least one (1) a Local Area Plan in order to foster the development of sustainable human settlements. One (1) planned Local Area Plan in 2024 was initiated in the Chiawa area. The Council will also enhance 100 percent development control inspections in all the wards to ensure that developers adhere to planning standards. Furthermore, the Council plans to plant 2000 trees against 150 planted in 2024 with support from cooperating partners. On cross cutting issues, council plans to at least distribute 10,000 condoms in hot spot areas such as bars and night clubs against over 9,000 distributed in various hot spots. Furthermore, to at least hold 16 days of Gender Activism commemoration and funding of 18 wards with the development fund in Kafue which the is 5 percent of the locally generated income.|https://www.kafuecouncil.gov.zm/?page_id=195|Kafue Town Council budget 2025|2026-09-11
document_page|kafue_2025_budget_page_0019|kafue_2025_budget.pdf|Kafue Town Council budget 2025|19|OUTPUT BASED ANNUAL BUDGET Page 19 9004HEAD KAFUE TOWN COUNCIL BUDGET PROGRAMMES Expendit ure* Expendit ure Approved 5 Public health and Environmental protection Approved 2023 BUDGET 2024 BUDGET 2025 BUDGET Estimates ECONOMIC CLASSIFICATION Programme Objective(S) : To promote public health and sustainable management of the environment in the district Table 4: Programme Budget Allocation by Economic Classification Programme 5,081,509- -937,015-Personal Emoluments01 4,991,962-01 Salaries and Wages - 937,015 - 89,547-03 Personnel Related Costs - - - 2,095,572- -1,328,620-Use of Goods and Services02 2,095,572-02 General Operations - 1,328,620 - 735,000- -1,207,600-Assets04 735,000-01 Non-Financial Assets (Capital Expenditure) - 1,207,600 - Programme Total 7,912,0813,473,235 (0)(0)(0) The total budget allocation by Economic Classification for Public Health and Environmental Protection programme is K7.9million of which K2.1 million has been allocated towards the use Goods and Services to facilitate the general operation of the programme and effective service delivery. Additionally, K5.1 million has been allocated to Personal Emoluments to cover salaries for Health Inspectors, Garbage Collectors and other Officers. Further, K735, 000 has been allocated to acquisition of Assets. Expendit ure 2023 BUDGET Expendit ure* 2024 BUDGET Approved Approved 2025 BUDGET EstimatesPROGRAMME/SUBPROGRAMME Table 5: Programme Budget Allocation by Subprogramme Public health and Environmental protection0005Programme : 5 Public health and Environmental protection 7,912,0813,473,235(0) 784,799239,480(0) (0)019 Health Inspections (0) 6,136,1472,733,755(0) (0)027 Solid Waste Management (0) 991,136500,000(0) (0)034 Water supply and Sanitation Services (0) (0) 7,912,081Programme Total (0) 3,473,235(0) 7,912,081 The Public Health and Environmental Protection programme has been allocated K7.9 million. This programme covers the following sub-programmes: Solid Waste Management with an allocation of K6.1 million to be used for collection and disposal of waste and general maintenance of the dumpsite in Valley view Lukolongo ward; water supply and sanitation with an allocation of K991, 136 to facilitate provision of clean and safe water as well as community Total Led (CLTs) activities and Health Inspections with an allocation of K784, 799 to facilitate public health inspections in all trading premises of Kafue district.|https://www.kafuecouncil.gov.zm/?page_id=195|Kafue Town Council budget 2025|2026-09-11
document_page|kafue_2025_budget_page_0020|kafue_2025_budget.pdf|Kafue Town Council budget 2025|20|OUTPUT BASED ANNUAL BUDGETPage 20 9004HEAD KAFUE TOWN COUNCIL 202520242023 TargetActual*TargetActualTarget Table 6: Programme Outputs 5 Public health and Environmental protectionProgramme: Key Output and Output Indicator Boreholes maintained 01 Number of Boreholes maintained - - - - 36 Public Health inspection Conducted 01 Proportion of inspections conducted - - - - 100 Waste Collected 01 Proportion of waste collected and Managed - - - - 100 Keep Zambia Clean,Green and Health Campaign conducted 01 Number of Keep Zambia Clean,Green and Health Campaigns conducted - - - - 52 Dumpsite fenced 01 Number of Dumpsites fenced - - - - 1 m Controlling Officer: Executive Authority: Programmes under which this Council will be accounted for by theCouncil Secretary, Kafue District Council Under the Public Health and Environmental Protection Programme, focus will be on the management of solid waste, health inspectorate services, promotion of sanitation, and provision of water in the District. To achieve this, the Council targets to collect a proportion of 100 percent of the waste generated as well as maintain the current dumpsite in Valley View Lukolongo ward in order to improve public health and ensure the well-being of the general public. In addition, the council intends to ensure at least 100 percent public inspections in all the trading premises in the district are conducted. To ensure compliance with government directive the Council will conduct 52 Keep Zambia Clean, Green and health Campaigns compared to 49 achieved in 2024. Furthermore the Council will ensure that 36 boreholes are rehabilitated and maintained in order to provide adequate safe drinking water and enhance WASHE activities through Community Led Total Sanitation (CLTS).|https://www.kafuecouncil.gov.zm/?page_id=195|Kafue Town Council budget 2025|2026-09-11
document_page|kafue_2025_budget_page_0021|kafue_2025_budget.pdf|Kafue Town Council budget 2025|21|OUTPUT BASED ANNUAL BUDGET Page 21 9004HEAD KAFUE TOWN COUNCIL BUDGET PROGRAMMES Expendit ure* Expendit ure Approved 6 Housing and Community Amenities Approved 2023 BUDGET 2024 BUDGET 2025 BUDGET Estimates ECONOMIC CLASSIFICATION Programme Objective(S) : To promote sustainable infrastructure development and community amenities Table 4: Programme Budget Allocation by Economic Classification Programme 7,235,334- -3,443,373-Personal Emoluments01 6,961,500-01 Salaries and Wages - 3,443,373 - 3,977,484-Community Development - 265,442 -07 273,833-03 Personnel Related Costs - - - 3,840,910- -6,389,170-Use of Goods and Services02 3,840,910-02 General Operations - 6,389,170 - 9,323,600- -3,980,380-Assets04 9,323,600-01 Non-Financial Assets (Capital Expenditure) - 3,980,380 - Programme Total 20,399,84313,812,924 (0)(0)(0) Housing and community amenities budget allocation by Economic Classification shows that the Programme has been allocated K20.4million of which K9.3 million has been channeled towards acquisitions of assets. While, K 3.8million towards Goods and Services for the operation of the programme and service delivery. Additionally K7.0million has been allocated towards Personal Emoluments to cover salaries and wages for engineeing and community development officers.|https://www.kafuecouncil.gov.zm/?page_id=195|Kafue Town Council budget 2025|2026-09-11
document_page|kafue_2025_budget_page_0022|kafue_2025_budget.pdf|Kafue Town Council budget 2025|22|OUTPUT BASED ANNUAL BUDGETPage 22 9004HEAD KAFUE TOWN COUNCIL Expendit ure 2023 BUDGET Expendit ure* 2024 BUDGET Approved Approved 2025 BUDGET EstimatesPROGRAMME/SUBPROGRAMME Table 5: Programme Budget Allocation by Subprogramme Housing and Community Amenities0006Programme : 6 Housing and Community Amenities 20,399,84313,812,924(0) -50,000(0) (0)007 Parks and Gardens (0) 4,663,245493,212(0) (0)012 Markets and Bus Stations (0) 1,413,733862,875(0) (0)017 Community Centres (0) 11,112,8264,954,676(0) (0)026 Public Housing (0) 3,018,8014,639,280(0) (0)029 Roads and Drainages (0) 191,2382,812,880(0) (0)031 Street Lighting (0) (0) 20,399,843Programme Total (0) 13,812,924(0) 20,399,843 Housing and Community Amenities programme has been allocated K20.4million of which Public Housing sub-programme has been allocated K11.1 million to be used for the maintenance of Council buildings, Installation of Bill boards and Capital projects under the devolution support programme. Additionally, Roads and Drainages has been allocated K3.0 million for maintenance of Earth Moving Equipment. While K1.4 million allocated towards Community Centre sub programme to facilitate for club registrations. Whereas, K4.7million has been allocated towards markets and bus station. Furthermore, Street lighting sub programme has been allocated K191, 238 for the maintenance of traffic lights.|https://www.kafuecouncil.gov.zm/?page_id=195|Kafue Town Council budget 2025|2026-09-11
document_page|kafue_2025_budget_page_0023|kafue_2025_budget.pdf|Kafue Town Council budget 2025|23|OUTPUT BASED ANNUAL BUDGET Page 23 9004HEAD KAFUE TOWN COUNCIL 202520242023 TargetActual*TargetActualTarget Table 6: Programme Outputs 6 Housing and Community AmenitiesProgramme: Key Output and Output Indicator Markets and Bus Stations maintained 01 Number of Markets and bus stations maintained - - - - 7 Ablution block at the Main Bus Station constructed 01 Number of Ablution blocks constructed at the Main Bus Station - - - - 1 Clubs Registered and Renewed 01 Proportion Of Clubs registered and renewed - - - - 100 Council Buildings Maintained 01 Number of Council buildings maintained - - - - 13 Council Revenue Check Points Constructed 01 Number of Council Revenue Check Points Constructed - - - - 4 Street lights maintained 01 Proportion of street Lights maintained - - - - 100 Street Lights installed 01 Number of street lights installed - - - - 40 m Controlling Officer: Executive Authority: Programmes under which this Council will be accounted for by theCouncil Secretary, Kafue District Council This program will focus on the provision of public amenities such as maintaining of Council Earth Moving Equipment, rehabilitating of 7 market toilets (C5, C7, Shikoswe, Kalukungu, Chawama, Nangongwe and Main Bus station), maintenance of the traffic lights along T2 road, rehabilitation of 13 Council buildings such as Inkanga lodge, Civic centre and Khosa stadium. Under the Devolution Support Programme, the plan is to construct one (1) Ablution block at Kafue main bus station, install 44 solar street lights along T2 road, drill and mechanise eight (8) borehole in Kamble,Chitende,Chisakila,Mungu,Magoba,Kabweza,Chikupi and Chiawa as well as rehabilitate 40 existing borehole in all wards in kafue District. Maintain the existing dumpsite (fencing, construct ablution, security office) located in Lukolongo ward. The Council also plans to construct four (4) revenue check points in Chiawa, Magoba, Shantumbu and Shimabala wards against two (2) constructed in 2024. Furthermore, under the community centre sub-programme the council targets 100 percent registration and renewal of clubs.|https://www.kafuecouncil.gov.zm/?page_id=195|Kafue Town Council budget 2025|2026-09-11
document_page|kafue_2025_budget_page_0024|kafue_2025_budget.pdf|Kafue Town Council budget 2025|24|OUTPUT BASED ANNUAL BUDGETPage 24 9004HEAD KAFUE TOWN COUNCIL BUDGET PROGRAMMES Expendit ure* Expendit ure Approved 7 Recreation Culture and Religion Approved 2023 BUDGET 2024 BUDGET 2025 BUDGET Estimates ECONOMIC CLASSIFICATION Programme Objective(S) : To promote recreation, culture, religious affairs, and talent identification in the district Table 4: Programme Budget Allocation by Economic Classification Programme 1,350,671- -1,511,057-Personal Emoluments01 1,274,971-01 Salaries and Wages - 1,511,057 - 75,700-03 Personnel Related Costs - - - 2,928,965- -3,236,391-Use of Goods and Services02 2,928,965-02 General Operations - 3,236,391 - -- -80,000-Assets04 --01 Non-Financial Assets (Capital Expenditure) - 80,000 - Programme Total 4,279,6364,827,447 (0)(0)(0) The budget allocation for Recreation, Culture and Religion programme is K4.3 million of which K2.9 million allocated to the use of goods and services for cultural affairs and sports promotion. Additionally, K1.4 million towards personal emoluments which are salaries and wages for football players under community development section. Expendit ure 2023 BUDGET Expendit ure* 2024 BUDGET Approved Approved 2025 BUDGET EstimatesPROGRAMME/SUBPROGRAMME Table 5: Programme Budget Allocation by Subprogramme Recreation Culture and Religion0007Programme : 7 Recreation Culture and Religion 4,279,6364,827,447(0) 5,22418,000(0) (0)001 Cultural Affairs (0) 4,274,4124,809,447(0) (0)042 Sports Promotion (0) (0) 4,279,636Programme Total (0) 4,827,447(0) 4,279,636 The budget allocation for sports promotion sub programme is K4.3 million which has been apportioned to sports activities such as; participation of ZALASA tournament, Kafue Eagles football club FAZ games as well as promotion of women, sports and disability in sport. Additionally, cultural affairs sub programme has been allocated K5, 224 to undertake Cultural Practices in the district and the main activities will involve sensitization and consultations in the Chiawa Chiefdom. The other key activity will involve undertaking cultural and creative industries development activity which will involve holding of exhibitions, festivals and promotion of cultural activities.|https://www.kafuecouncil.gov.zm/?page_id=195|Kafue Town Council budget 2025|2026-09-11
document_page|kafue_2025_budget_page_0025|kafue_2025_budget.pdf|Kafue Town Council budget 2025|25|OUTPUT BASED ANNUAL BUDGET Page 25 9004HEAD KAFUE TOWN COUNCIL 202520242023 TargetActual*TargetActualTarget Table 6: Programme Outputs 7 Recreation Culture and ReligionProgramme: Key Output and Output Indicator Cultural Practices in the District inventoried 01 Number of Cultural practices inventoried - - - - 1 Cultural and Creative industries Developed 01 Number of Cultural and Creative industries Developed - - - - 1 Traditional Ceremonies supported 01 Number of Traditional Ceremonies supported - - - - 1 Library Services provided 01 Number of books restocked - - - - 100 Sports Activities Held 01 Faz Games Played - - - - 34 02 Zalasa Games Held - - - - 1 03 Women in sports promotions held - - - - 4 Coaching framework Disseminated 01 Number of Coaching framework Disseminated - - - - 1 Sports Development Monitored 01 Proportion of Sports Development Monitored - - - - 100 Community Sport activities Promoted 01 Number of sports activities conducted - - - - 12 02 Proportion of Sports Associations formed - - - - 100 03 Number of sports recreational activities conducted. - - - - 5 04 Proportion of Sports clubs registered - - - - 100 05 Number of coaching clinics held - - - - 4 National Sports Policy Sensitization conducted. 01 Number of National Sports Policy sensitization meetings held. - - - - 4 m Controlling Officer: Executive Authority: Programmes under which this Council will be accounted for by theCouncil Secretary, Kafue District Council The Council aims at ensuring council employees participate in ZALASA tournament in 2025 aimed at keeping council staff healthy and active. Additionally the council planned target is to ensure Kafue Eagles Football Club participates in at least 34 scheduled FAZ games for the 2024/2025 season this is against 34 scheduled games achieved in 2024. Under the community sport activities the planned target is to at least conduct twelve (12) sport activities, 100 percent sport associations formed, and conduct at least five (5) sport activities such as aerobics. The council plans to conduct four (4) national sports policy sensitizations in Kafue district and also to restock 100 books in the council library at Estate Hall. Under tourism and culture the council intends to enhance promotion of culture through conducting at least one (1) exhibition and a festival. In addition the district through the allocated grant has planned one (1) traditional ceremony called Kailala of the Goba people of Chiawa to take place in the month of November 2025. Regarding sports promotion, the council plans to train at least four (4) coaches in various sport activities to form three associations and support them, promote sport recreational activities, encourage sport clubs to be registered and sensitize the community on sports policy.|https://www.kafuecouncil.gov.zm/?page_id=195|Kafue Town Council budget 2025|2026-09-11
document_page|kafue_2025_budget_page_0026|kafue_2025_budget.pdf|Kafue Town Council budget 2025|26|OUTPUT BASED ANNUAL BUDGETPage 26 9004HEAD KAFUE TOWN COUNCIL BUDGET PROGRAMMES Expendit ure* Expendit ure Approved 8 Education and skills development Approved 2023 BUDGET 2024 BUDGET 2025 BUDGET Estimates ECONOMIC CLASSIFICATION Programme Objective(S) : To facilitate literacy and skills development in the communities Table 4: Programme Budget Allocation by Economic Classification Programme 44,661- -2,000-Use of Goods and Services02 44,661-02 General Operations - 2,000 - Programme Total 44,6612,000 (0)(0)(0) The programme budget allocation by economic classification shows that a total of K 44,661 has been allocated towards the use of goods and services Expendit ure 2023 BUDGET Expendit ure* 2024 BUDGET Approved Approved 2025 BUDGET EstimatesPROGRAMME/SUBPROGRAMME Table 5: Programme Budget Allocation by Subprogramme Education and skills development0008Programme : 8 Education and skills development 44,6612,000(0) 19,2412,000(0) (0)001 District archives (0) 25,420-(0) (0)010 Adult Literacy (0) (0) 44,661Programme Total (0) 2,000(0) 44,661 Education and Skills development programme has been allocated K44,661 of which adult literacy has been allocated K25,420 and District Archives sub programme has been allocated K19 ,241. This will involve monitoring of facilities offering Early Childhood Education and inventory of skills development as well as historical records and data preserved in Kafue district.|https://www.kafuecouncil.gov.zm/?page_id=195|Kafue Town Council budget 2025|2026-09-11
document_page|kafue_2025_budget_page_0027|kafue_2025_budget.pdf|Kafue Town Council budget 2025|27|OUTPUT BASED ANNUAL BUDGET Page 27 9004HEAD KAFUE TOWN COUNCIL 202520242023 TargetActual*TargetActualTarget Table 6: Programme Outputs 8 Education and skills developmentProgramme: Key Output and Output Indicator District records Surveyed 01 Number of records surveys conducted - - - - 12 District records Preserved 01 Proportion of records preserved annually - - - - 100 Women skilled and empowered 01 Number of women skilled and empowered - - - - 20 m Controlling Officer: Executive Authority: Programmes under which this Council will be accounted for by theCouncil Secretary, Kafue District Council In order to preserve current and historical data, the Council targets to conduct 12 record surveys in the year in all Government institutions. In addition we target 100 percent preservation all records in Kafue district. Further, the planned target is to at least empower 20 women in skills such as tailoring.|https://www.kafuecouncil.gov.zm/?page_id=195|Kafue Town Council budget 2025|2026-09-11
document_page|kafue_2025_budget_page_0028|kafue_2025_budget.pdf|Kafue Town Council budget 2025|28|OUTPUT BASED ANNUAL BUDGETPage 28 9004HEAD KAFUE TOWN COUNCIL BUDGET PROGRAMMES Expendit ure* Expendit ure Approved 10 Public order and safety Approved 2023 BUDGET 2024 BUDGET 2025 BUDGET Estimates ECONOMIC CLASSIFICATION Programme Objective(S) : To enforce adherence to by-laws and other applicable laws and promote safety of private and public property Table 4: Programme Budget Allocation by Economic Classification Programme 5,313,295- -4,507,011-Personal Emoluments01 4,933,674-01 Salaries and Wages - 4,507,011 - 379,621-03 Personnel Related Costs - - - 1,954,490- -1,903,160-Use of Goods and Services02 1,954,490-02 General Operations - 1,903,160 - 244,500- -91,200-Assets04 244,500-01 Non-Financial Assets (Capital Expenditure) - 91,200 - Programme Total 7,512,2856,501,371 (0)(0)(0) The public order and safety programme budget allocation by economic classification shows that personal emoluments has been allocated K5.3 million to cover salaries for officers such as Council Police and Fire Officers. Additionally, the use of goods and services has been allocated K2.0 million to cater for smooth operation of this programme such as conducting patrols and fire prevention activities. The acquisition of assets has been channeled K 244,500 Expendit ure 2023 BUDGET Expendit ure* 2024 BUDGET Approved Approved 2025 BUDGET EstimatesPROGRAMME/SUBPROGRAMME Table 5: Programme Budget Allocation by Subprogramme Public order and safety0010Programme : 10 Public order and safety 7,512,2856,501,371(0) 2,215,4031,470,141(0) (0)018 Community policing (0) 5,296,8825,031,229(0) (0)041 Fire protection services (0) (0) 7,512,285Programme Total (0) 6,501,371(0) 7,512,285 Public Order and Safety programme comprising of the Fire Protection Services and Community Policing sub-programmes has been allocated K7.5 million. K5.3 million has been apportioned to the Fire Protection Services Sub-programme to cover provision of Fire Protection Services. Community Policing sub programme has been allocated K2.2 million to facilitate for the enforcement of Public Order and Safety in Kafue district.|https://www.kafuecouncil.gov.zm/?page_id=195|Kafue Town Council budget 2025|2026-09-11
document_page|kafue_2025_budget_page_0029|kafue_2025_budget.pdf|Kafue Town Council budget 2025|29|OUTPUT BASED ANNUAL BUDGET Page 29 9004HEAD KAFUE TOWN COUNCIL 202520242023 TargetActual*TargetActualTarget Table 6: Programme Outputs 10 Public order and safetyProgramme: Key Output and Output Indicator Public Order Maintained 01 Proportion of Patrols Undertaken - - - - 100 Fire cases attended to 01 Incident turnout time - - - - 1 m Controlling Officer: Executive Authority: Programmes under which this Council will be accounted for by theCouncil Secretary, Kafue District Council The Public Order and Safety programme will focus on fire fighting, prevention and rescue services, it will further seek to enhance public order through community policing as well as enhancing adherence to building laws and regulations. The Council has also set 1 minute as the incident turn out time to fire emergencies and rescue services within Kafue district.|https://www.kafuecouncil.gov.zm/?page_id=195|Kafue Town Council budget 2025|2026-09-11
document_page|kafue_2025_budget_page_0030|kafue_2025_budget.pdf|Kafue Town Council budget 2025|30|OUTPUT BASED ANNUAL BUDGETPage 30 9004HEAD KAFUE TOWN COUNCIL BUDGET PROGRAMMES Expendit ure* Expendit ure Approved 11 Management and support Services Approved 2023 BUDGET 2024 BUDGET 2025 BUDGET Estimates ECONOMIC CLASSIFICATION Programme Objective(S) : To provide organizational oversight as well as facilitate effective and efficient management of financial and human resources of the Local Authority Table 4: Programme Budget Allocation by Economic Classification Programme 6,557,036- -14,496,862-Personal Emoluments01 5,626,352-01 Salaries and Wages - 12,316,338 - 930,684-03 Personnel Related Costs - 2,180,523 - 4,151,173- -3,921,533-Use of Goods and Services02 4,151,173-02 General Operations - 3,921,533 - 540,450- -545,950-Assets04 540,450-01 Non-Financial Assets (Capital Expenditure) - 545,950 - 6,753,408- -6,941,371-Liabilities05 6,753,408-01 Outstanding Bills - 6,941,371 - Programme Total 18,002,06725,905,716 (0)(0)(0) Management and Support Services programme budget allocation by economic classification shows that K14.1 million has been allocated towards personal emoluments to cover salaries and wages for officers in support deparments. Additionally, K6.8 million has been allocated towards Liabilities to pay outstanding bills whereas K4.2 million has been allocated towards the use of goods and services for the operation of all the departments within the council and the remaining K540, 450 has been allocated to acquisition of assets.|https://www.kafuecouncil.gov.zm/?page_id=195|Kafue Town Council budget 2025|2026-09-11
document_page|kafue_2025_budget_page_0031|kafue_2025_budget.pdf|Kafue Town Council budget 2025|31|OUTPUT BASED ANNUAL BUDGET Page 31 9004HEAD KAFUE TOWN COUNCIL Expendit ure 2023 BUDGET Expendit ure* 2024 BUDGET Approved Approved 2025 BUDGET EstimatesPROGRAMME/SUBPROGRAMME Table 5: Programme Budget Allocation by Subprogramme Management and support Services0011Programme : 11 Management and support Services 18,002,06725,905,716(0) 4,618,02312,065,983(0) (0)001 Human Resource and Administratio (0) 1,310,8892,093,950(0) (0)009 Executive management (0) 535,625906,802(0) (0)016 Procurement (0) 868,314606,278(0) (0)028 Auditing (0) 9,353,4778,747,746(0) (0)035 Accounting (0) 1,315,7401,484,957(0) (0)036 Legal Services (0) (0) 18,002,067Programme Total (0) 25,905,716(0) 18,002,067 Management and Support Services programme has been allocated K25.5 million of which K12.2 million has been allocated towards Human Resource Management and Administration sub-programme. Key elements under the Human Resource Management and Administration are the personal emoluments for all support and key management staff. While K9.4 towards accounting services such as debt servicing (ZRA, NAPSA and terminal benefits), preparation of financial statements and preparations of budgets. Legal Services sub-programme has been allocated K1.3 million for the purpose of litigations matters. Whereas Executive management has been allocated K1.3 million. Additionally, Auditing sub Programme has been allocated K868,314 for auditing inspections and preparation of preparation of Audit reports. Further, Procurement sub-programme has been allocated K535,625 for the smooth running of for procurement process.|https://www.kafuecouncil.gov.zm/?page_id=195|Kafue Town Council budget 2025|2026-09-11
document_page|kafue_2025_budget_page_0032|kafue_2025_budget.pdf|Kafue Town Council budget 2025|32|OUTPUT BASED ANNUAL BUDGETPage 32 9004HEAD KAFUE TOWN COUNCIL 202520242023 TargetActual*TargetActualTarget Table 6: Programme Outputs 11 Management and support ServicesProgramme: Key Output and Output Indicator Marriages Solomnized 01 Proportion of Marriages Solomnized - - - - 100 Council Staff Trained 01 Proportion of Council Staff Trained - - - - 100 Public Functions and Ceremonies commemorated 01 Number of public functions commemorated - - - - 5 Annual Financial Statements Prepared 01 Number of Financial Statements Prepared - - - - 1 Debt liquidated 01 Proportion of debt liquidated - - - - 5 Quaterly financial reports prepared 01 Number of quaterly financial reports prepared - - - - 4 Court cases attended to 01 Proportion of Court cases attended to - - - - 100 Contract and Lease agreements prepared 01 Percentage of Contracts and Leases agreements prepared - - - - 100 Procurement Plan prepared 01 Number of Procurement plan Prepared - - - - 1 Audit reports prepared 01 Number of audit reports prepared - - - - 4 m Controlling Officer: Executive Authority: Programmes under which this Council will be accounted for by theCouncil Secretary, Kafue District Council Under management and support service programme, the Council plans to produce one (1) Financial Statement at the end of the year, settle 5 percent of outstanding debt of K148 million and implement one (1) procurement plan on which all purchases would be based. In addition, four (4) Internal audit reports will be prepared with one produced each quarter and 100 percent attendance to all legal related issues for the Council. Further, the Council targets 100 percent solemnization of marriages and at least commemorate public functions such as international women’s day, youth day, local government week, independence celebration and Labour Day celebrations.|https://www.kafuecouncil.gov.zm/?page_id=195|Kafue Town Council budget 2025|2026-09-11
document_page|kafue_2025_budget_page_0033|kafue_2025_budget.pdf|Kafue Town Council budget 2025|33|OUTPUT BASED ANNUAL BUDGET Page 33 9004HEAD KAFUE TOWN COUNCIL BUDGET PROGRAMMES Expendit ure* Expendit ure Approved 12 Resource Mobilisation and Management Approved 2023 BUDGET 2024 BUDGET 2025 BUDGET Estimates ECONOMIC CLASSIFICATION Programme Objective(S) : To ensure a systematic, predictable and well-coordinated approach to soliciting, acquiring, management, accounting, reporting and monitoring of resources Table 4: Programme Budget Allocation by Economic Classification Programme 2,432,396- -2,506,034-Personal Emoluments01 2,264,947-01 Salaries and Wages - 2,506,034 - 167,450-03 Personnel Related Costs - - - 2,752,970- -2,233,610-Use of Goods and Services02 2,752,970-02 General Operations - 2,233,610 - 925,000- -532,000-Assets04 925,000-01 Non-Financial Assets (Capital Expenditure) - 532,000 - Programme Total 6,110,3665,271,644 (0)(0)(0) The total budget allocation by economic classification for Revenue mobilization enhancement and management programme shows that K2.8 million has been allocated to good and services to cutter for operations of programmes and personal emolument at K2.4 million to cover for salaries and wages for officers charged with revenue collection . Additionally, K925, 000 has been channeled to acquisition of assets. Expendit ure 2023 BUDGET Expendit ure* 2024 BUDGET Approved Approved 2025 BUDGET EstimatesPROGRAMME/SUBPROGRAMME Table 5: Programme Budget Allocation by Subprogramme Resource Mobilisation and Management0012Programme : 12 Resource Mobilisation and Management 6,110,3665,271,644(0) 6,110,3665,271,644(0) (0)067 Revenue Mobilisation and Enhancement (0) (0) 6,110,366Programme Total (0) 5,271,644(0) 6,110,366 Resource Mobilisation and Management programme has been allocated a total of K6.1 million for Revenue Mobilisation and Enhancement sub programme. The main revenue enhancement activities will include processing of the supplementary Valuation roll, formulation of integrated payment model, automated data base update system and automated billing system.|https://www.kafuecouncil.gov.zm/?page_id=195|Kafue Town Council budget 2025|2026-09-11
document_page|kafue_2025_budget_page_0034|kafue_2025_budget.pdf|Kafue Town Council budget 2025|34|OUTPUT BASED ANNUAL BUDGETPage 34 9004HEAD KAFUE TOWN COUNCIL 202520242023 TargetActual*TargetActualTarget Table 6: Programme Outputs 12 Resource Mobilisation and ManagementProgramme: Key Output and Output Indicator Resources mobilised 01 Proportion of resources mobilised against budgeted - - - - 80 Supplementary Valuation Roll Approved 01 Number of Supplementary Valuation roll approved - - - - 1 m Controlling Officer: Executive Authority: Programmes under which this Council will be accounted for by theCouncil Secretary, Kafue District Council The council plans to ensure that the valuation roll is approved and at least 80 percent of the budgeted revenue is collected. In addition the Council will ensure that the ICT infrastructure is maintained to enhance effectiveness and efficiency in our operations.|https://www.kafuecouncil.gov.zm/?page_id=195|Kafue Town Council budget 2025|2026-09-11
document_page|kafue_2025_budget_page_0035|kafue_2025_budget.pdf|Kafue Town Council budget 2025|35|OUTPUT BASED ANNUAL BUDGET Page 35 9004HEAD KAFUE TOWN COUNCIL BUDGET PROGRAMMES Expendit ure* Expendit ure Approved 13 District Health servcies Approved 2023 BUDGET 2024 BUDGET 2025 BUDGET Estimates ECONOMIC CLASSIFICATION Programme Objective(S) : To provide equitable access to cost effective, quality healthcare services as close to the family as possible without leaving anyone bebind in order to contribute to increased productivity and socio-economic development. Table 4: Programme Budget Allocation by Economic Classification Programme 2,633,861- -2,808,861-Use of Goods and Services02 2,633,861-02 General Operations - 2,808,861 - 185,000- ---Assets04 185,000-01 Non-Financial Assets (Capital Expenditure) - - - Programme Total 2,818,8612,808,861 (0)(0)(0) The district health services programme budget allocation by economic classification shows that K2.6 million allocation has been channeled to use of goods and services and K185,000 has been allocated towards assets .. Expendit ure 2023 BUDGET Expendit ure* 2024 BUDGET Approved Approved 2025 BUDGET EstimatesPROGRAMME/SUBPROGRAMME Table 5: Programme Budget Allocation by Subprogramme District Health servcies0013Programme : 13 District Health servcies 2,818,8612,808,861(0) 2,021,1292,808,861(0) (0)001 Primary Health Services (0) 471,481-(0) (0)002 District Health Coordination (0) 326,251-(0) (0)003 Hospital Services (0) (0) 2,818,861Programme Total (0) 2,808,861(0) 2,818,861 District health services programme has been allocated a total of K2.8 million, the breakdown is as follows; K2 million has been allocated to Primary health services sub-programme, K471,481 to District Health Coordination and K 326,351 to Hospital Services for provision of health services in Kafue district.|https://www.kafuecouncil.gov.zm/?page_id=195|Kafue Town Council budget 2025|2026-09-11
document_page|kafue_2025_budget_page_0036|kafue_2025_budget.pdf|Kafue Town Council budget 2025|36|OUTPUT BASED ANNUAL BUDGETPage 36 9004HEAD KAFUE TOWN COUNCIL 202520242023 TargetActual*TargetActualTarget Table 6: Programme Outputs 13 District Health servciesProgramme: Key Output and Output Indicator Maternal and Child healthcare services provided 01 Percentage of deliveries conducted by skilled Health Personnel - - - - 60 02 Proportion of Health Facilities with at least one staff trained in Emergency Obstetric and Neonatal care (EmONC) - - - - 80 Immunization services provided against major infectious diseases 01 Percentage of fully immunized children under one year - - - - 90 Treatment of common diseases and injuries services provided 01 Anti Retroviral Therapy initiation rate - - - - 95 02 Malaria incidence rate per 1000 population - - - - 5 03 Percentage of health facilities with functional cold chain - - - - 100 Nutrition services provided 01 Percentage of children supplemented with Micro Nutrients. - - - - 90 02 Percentage of health facilities assessing children for stunting - - - - 100 Education, Community Health Disease prevention and control services provided 01 Percentage of Health Facilities with 80% Community Based Volunteers trained in Integrated Community Case Management - - - - 100 02 Proportion of premise inspections for compliance conducted - - - - 80 Essential Medicines services provided 01 Percentage of Health facilities with atleast 80% fill rate during the period under review - - - - 100 Clean and safe water supply and basic sanitation services provided 01 Percentage of Health facilities with adequate clean and safe water supply, - - - - 100 Ambulance services Provided 01 Percentage of functional Ambulances - - - - 100 District health Services coordinated 01 Number of health facilities visited for Technical Support - - - - 27 02 Number of health facilities visited for Performance Assessement quarterly - - - - 27 Hospital services provided 01 Proportion of patient referals made within reccommded timeframe - - - - 50 m Controlling Officer: Executive Authority: Programmes under which this Council will be accounted for by theCouncil Secretary, Kafue District Council The District health office is focusing on reducing maternal mortality through increasing the number of deliveries by skilled personnel to 60 percent and number of health facilities with staff trained in Emergency Obstetric and Neonatal Care to 100 percent. The District has to this effect targeted to deploy Midwives and operationalize new health posts constructed under CDF such Mwando, Chilambila and Chipongwe. The burden of malaria remains a significant public health concern in the district and the target is to reduce malaria incidence to per 5 per 1,000 population. The District has set to achieve of fully immunize 90 percent of under one population by 2025 On Anti-Retroviral Therapy (ART) initiation, the District has set to maintain the target above 95 percent. The District aims to ensure that at least 80 percent of Health facilities have 100 percent of essential drugs and medical supplies. The District has targeted to improve referral of emergency cases to at least 50 percent which will be enhanced by zoning Ambulance services for timely referral of patients. Procurement of an Ambulance has also been planned through CDF to facilitate this objective. In order to enhance performance in the Health Facilities, the District Health Office will continue providing technical support and other coordination functions to lower levels. In 2025, the District is planning to mentor all 27 health facilities through Technical support Supervision and Performance Assessment|https://www.kafuecouncil.gov.zm/?page_id=195|Kafue Town Council budget 2025|2026-09-11
document_page|kafue_2025_budget_page_0037|kafue_2025_budget.pdf|Kafue Town Council budget 2025|37|OUTPUT BASED ANNUAL BUDGET Page 37 9004HEAD KAFUE TOWN COUNCIL BUDGET PROGRAMMES Expendit ure* Expendit ure Approved 15 Transport Services Approved 2023 BUDGET 2024 BUDGET 2025 BUDGET Estimates ECONOMIC CLASSIFICATION Programme Objective(S) : To ensure ease of movement for pedestrian, motorists and other road users. Table 4: Programme Budget Allocation by Economic Classification Programme 2,220,587- ---Use of Goods and Services02 2,220,587-02 General Operations - - - 1,080,000- ---Assets04 1,080,000-01 Non-Financial Assets (Capital Expenditure) - - - Programme Total 3,300,587- (0)(0)(0) The total budget allocation for Transport services is K2.2 million towards use of Goods and services and K1.1 million for Non financial assets Expendit ure 2023 BUDGET Expendit ure* 2024 BUDGET Approved Approved 2025 BUDGET EstimatesPROGRAMME/SUBPROGRAMME Table 5: Programme Budget Allocation by Subprogramme Transport Services0015Programme : 15 Transport Services 3,300,587-(0) 3,200,587-(0) (0)001 Road Transport (0) 100,000-(0) (0)003 Water Transport (0) (0) 3,300,587Programme Total (0) -(0) 3,300,587 The Transport services programme has two (2) sub-programmes, Road transport which has been allocated K3.2 million to improve the road network and Water transport which has been allocated K100,000 for dredging services in Kafue district.|https://www.kafuecouncil.gov.zm/?page_id=195|Kafue Town Council budget 2025|2026-09-11
document_page|kafue_2025_budget_page_0038|kafue_2025_budget.pdf|Kafue Town Council budget 2025|38|OUTPUT BASED ANNUAL BUDGETPage 38 9004HEAD KAFUE TOWN COUNCIL 202520242023 TargetActual*TargetActualTarget Table 6: Programme Outputs 15 Transport ServicesProgramme: Key Output and Output Indicator Township roads Rehabilitated 01 Kilometers of Township roads rehabilitated - - - - 6 Solar Street Lights Installed 01 Number of Street Lights Installed - - - - 30 Drainages Rehabilitated 01 Kilometers of drainages rehabilitated - - - - 5 Canals rehabilitated and maintained 01 Kilometers of Canals rehabilitated and maintained (0) (0) (0) (0) 5 Dredgers serviced and maintained 01 Number of Dredgers serviced and maintained - - - - 1 m Controlling Officer: Executive Authority: Programmes under which this Council will be accounted for by theCouncil Secretary, Kafue District Council The Council plans to promote effective transportation systems in the district that includes Rehabilitation of six (6) Kilometres of township roads, installation of thirty (30) solar street lights along T2 road,Luangwa Drive and Rehabilitation of five (5) Kilometres of township drainages. In addition the Council will rehabilitate and maintain five (5) Kilometres of the Canals and maintain and service one (1) Dredger in order to improve water transport systems.|https://www.kafuecouncil.gov.zm/?page_id=195|Kafue Town Council budget 2025|2026-09-11
document_page|kafue_2025_budget_page_0039|kafue_2025_budget.pdf|Kafue Town Council budget 2025|39|OUTPUT BASED ANNUAL BUDGET Page 39 9004HEAD KAFUE TOWN COUNCIL BUDGET PROGRAMMES Expendit ure* Expendit ure Approved 16 Agricultural Services Approved 2023 BUDGET 2024 BUDGET 2025 BUDGET Estimates ECONOMIC CLASSIFICATION Programme Objective(S) : 1.To promote the uptake of improved technologies and practices, irrigation and mechanization through provison of extension services. 2.To promote agribusiness development services through provision of market information and enterpreneurial training. 3.Provide effective and efficient administration and management support services. Table 4: Programme Budget Allocation by Economic Classification Programme 441,464- ---Use of Goods and Services02 441,464-02 General Operations - - - 56,000- ---Assets04 56,000-01 Non-Financial Assets (Capital Expenditure) - - - Programme Total 497,464- (0)(0)(0) The budget allocation by economic classification for Agricultural services programme is K441,464 towards use of goods and services representing 89 percent of the total allocation of K497,464 and K56,000 has been allocated towards assets representing 11percent. Expendit ure 2023 BUDGET Expendit ure* 2024 BUDGET Approved Approved 2025 BUDGET EstimatesPROGRAMME/SUBPROGRAMME Table 5: Programme Budget Allocation by Subprogramme Agricultural Services 0016Programme : 16 Agricultural Services 497,464-(0) 320,082-(0) (0)071 Agricultural Crop production, Advisory and Technical Services (0) 28,000-(0) (0)072 Agribusiness Development and Marketing (0) 149,382-(0) (0)073 Agriculture Co-ordination (0) (0) 497,464Programme Total (0) -(0) 497,464 The Agricultural services programme has three (3) sub-programmes, Agricultural crop production,Advisory and Technical services which has been allocated K320,082 , Agribusiness Development and Marketing which has ben alloacted K28,000 and Agriculture co-ordination which has been allocated K149,382 .|https://www.kafuecouncil.gov.zm/?page_id=195|Kafue Town Council budget 2025|2026-09-11
document_page|kafue_2025_budget_page_0040|kafue_2025_budget.pdf|Kafue Town Council budget 2025|40|OUTPUT BASED ANNUAL BUDGETPage 40 9004HEAD KAFUE TOWN COUNCIL 202520242023 TargetActual*TargetActualTarget Table 6: Programme Outputs 16 Agricultural Services Programme: Key Output and Output Indicator Crop Production promoted 01 Number of small scale Farmers trained in smart agriculture technology - - - - 3,500 02 Number of demo plots established and functionalised - - - - 20 Irrigation systems promoted 01 Number of farmers trained in irrigation technologies - - - - 100 Use of farm power and mechanisation promoted 01 Number of farmers trained in farm power and mechanisation - - - - 250 Good land husbandry and conservation practices promoted 01 Number of farmers trained in good land husbandry and conservation practices - - - - 250 Agricultural news recorded and disseminated 01 Number of agricultural news recorded and disseminated - - - - 8 Agricultural Enterprenurship skill Trainings Conducted 01 Number of enterprenurship trainings conducted - - - - 12 Value addition of agriculture commodities and products promoted 01 Number of marketing linkages established - - - - 2 Market information on crop products and agricultural inputs collected 01 Number of weekly market information reported - - - - 52 Multi-sectoral collaboration in the agricultural programmes strenthened 01 Number of collaborative meetings conducted - - - - 12 m Controlling Officer: Executive Authority: Programmes under which this Council will be accounted for by theCouncil Secretary, Kafue District Council Agriculture is Kafue District main Economic activity, therefore to continue fostering the district economy development as well as add to the National Gross Domestic Product, this programme will focus on training of 3,500 small scale farmers in climate smart agriculture in some parts of kafue wards such as; Chikupi, Magoba, Lukolongo and chiawa. The planned target is to also atleast establish 20 demo plots in Chikupi, Magoba, Malundu, Mungu wards and ensure that they are functional. To ensure that the agriculture system in Kafue is sustainable, 100 farmers will be trained in irrigation technologies, 250 farmers in farm power and mechanisation and 250 farmers in good land husbandry and conservation practices in Kafue district. On enhancement of agriculture enterprenurship, the planned target is to conduct 12 Agriculture enterprenurship skill trainings. Additionally, on value addition of agriculture commodities, promotion of two (2) marketing linkages will be established, provide 52 weekly market information reports as well as disseminate eight (8) agriculture news letters and conduct 12 collaborative meeting with the key stakeholders in the district.|https://www.kafuecouncil.gov.zm/?page_id=195|Kafue Town Council budget 2025|2026-09-11
document_page|kafue_2025_budget_page_0041|kafue_2025_budget.pdf|Kafue Town Council budget 2025|41|OUTPUT BASED ANNUAL BUDGET Page 41 9004HEAD KAFUE TOWN COUNCIL BUDGET PROGRAMMES Expendit ure* Expendit ure Approved 17 Fisheries and Livestock Approved 2023 BUDGET 2024 BUDGET 2025 BUDGET Estimates ECONOMIC CLASSIFICATION Programme Objective(S) : To facilitate fisheries and livestock production and productivity through enhanced extension and advisory services, strengthened sustainable capture fisheries and aquaculture development, reduced animal disease incidences, improved marketing of fisheries and livestock products, and ensure effective and efficient service delivery in support of the operations of fisheries and livestock. Table 4: Programme Budget Allocation by Economic Classification Programme 586,319- -94,922-Use of Goods and Services02 586,319-02 General Operations - 94,922 - 127,354-Fisheries Unit - - -23 67,180- ---Assets04 67,180-01 Non-Financial Assets (Capital Expenditure) - - - Programme Total 653,49994,922 (0)(0)(0) The budget allocation by economic classification for Fisheries and Livestock programme is K586,319 towards use of goods and services and K67,180 has been allocated towards the acquisition of assets such as office equipment. Expendit ure 2023 BUDGET Expendit ure* 2024 BUDGET Approved Approved 2025 BUDGET EstimatesPROGRAMME/SUBPROGRAMME Table 5: Programme Budget Allocation by Subprogramme Fisheries and Livestock0017Programme : 17 Fisheries and Livestock 653,49994,922(0) 70,000-(0) (0)074 Fisheries and Livestock Marketing (0) 198,91594,922(0) (0)075 Animal Health Services (0) 130,534-(0) (0)076 Fisheries Production and Productivity Improvement (0) 81,000-(0) (0)077 Livestock Production and Productivity Improvement (0) 173,050-(0) (0)078 District Fisheries and Livestock Coordination (0) (0) 653,499Programme Total (0) 94,922(0) 653,499 Fisheries and Livestock programme will be implemented through five (05) sub programmes and has been allocated K653,499. Fisheries and Livestock marketing sub-programmes has been allocated K70,000, Animal health services has been allocated K198,915, Livestock Production and Productivity improvement has been allocated K81,000, Fisheries Production and Productivity improvement has been alloacted K130,534 and District Fisheries and Livestock Coordination has been allocated K173,050.|https://www.kafuecouncil.gov.zm/?page_id=195|Kafue Town Council budget 2025|2026-09-11
document_page|kafue_2025_budget_page_0042|kafue_2025_budget.pdf|Kafue Town Council budget 2025|42|OUTPUT BASED ANNUAL BUDGETPage 42 9004HEAD KAFUE TOWN COUNCIL 202520242023 TargetActual*TargetActualTarget Table 6: Programme Outputs 17 Fisheries and LivestockProgramme: Key Output and Output Indicator Monthly marketing bulletings produced 01 Number of Monthly bulleting produced - - - - 12 Entrepreneurs trained 01 Number of Entrepreneurs Trained - - - - 400 Animal disease alert responded to timely 01 Proportion of animal disease alerts responded to timely - - - - 80 Animal disease surveillance activity facilitated 01 Number of animal disease surveillance facilitated - - - - 250 Veterinary extension and advisory service provided 01 Number of farmers trained in disease control - - - - 400 Patrols and surveillance conducted 01 Number of water patrols conducted - - - - 8 02 Proportion of fishers licenced - - - - 80 Aquaculture extension services provided 01 Number of fish farmers receiving extension servicing - - - - 50 02 Number of farmers trained in Best Management Practices in Aquaculture - - - - 160 Fish ban enforced 01 Number of land and water patrols conducted - - - - 12 Livestock Extention services provided 01 Number of Livestock Farmers receiving Extension Services - - - - 64 Livestock Trainings and Demos conducted 01 Number of Livestock field days Conducted - - - - 160 02 Number of forege Demos Conducted - - - - 40 03 Number of Livestock Farmer Trainings Conducted - - - - 40 Climate Smart Livestock Technologies Practices Implemented 01 Number of Livestock Farmers trained in Azolla production - - - - 50 02 Number of Livestock Farmers trained in Hydroponics fodder production - - - - 50 03 Number of Livestock farmers trained in feed formulation - - - - 50 Value addition conducted 01 Number of farmers trained in Livestock value addition and product development - - - - 50 Monitoring, backstopping and supervision undertaken 01 Number of Monitoring and backstopping undertaken - - - - 12 02 Number of meeting held - - - - 12 Agriculture and Commerical shows held 01 Number of shows held - - - - 2 m Controlling Officer: Executive Authority: Programmes under which this Council will be accounted for by theCouncil Secretary, Kafue District Council|https://www.kafuecouncil.gov.zm/?page_id=195|Kafue Town Council budget 2025|2026-09-11
document_page|kafue_2025_budget_page_0043|kafue_2025_budget.pdf|Kafue Town Council budget 2025|43|OUTPUT BASED ANNUAL BUDGET Page 43 9004HEAD KAFUE TOWN COUNCIL Under Fisheries and Livestock programme, the district will enhance Livestock production and productivity by training 1,500 livestock farmers in Azolla production, hydroponics fodder production, feed formulation, and livestock value addition and product development as well as conduct four (4) field days in all the eighteen (18) wards of Kafue. Fisheries production and productivity is aimed at improving extension service delivery to 50 fish farmers, promote climate-smart aquaculture and increased production, train 160 fish farmers in pond construction and management, fish feeding and nutrition, record keeping, fish diseases, and harvesting, all aimed at promoting Best Management Practices for sustainable production. Additionally, conduct eight (8) surveillance and enforcement patrols on illegal, unregulated, and unreported (IUUs) fishing gear and methods. Fish licencing will take place in six (6) fishing camps: Cheeba, Road Bridge, Chilumba, Namiloli, Chanyanya and Nanga. The annual fish ban enforcement will be conducted through twelve (12) land and water patrols in order to protect fish stocks during breeding season. Animal Health Services is aimed at improving extension services to 1,500 livestock farmers, issue 250 stock movement permits, conduct 50 farm profiles, and submit 400 samples in order to perform livestock disease surveillance and respond timely to animal disease alerts in all wards and provide emergency responses to livestock disease outbreaks. Fisheries and Livestock Marketing is aimed at producing and disseminating 12 marketing bulletins, produce 12 radio marking news items, train 100 entrepreneurs, as well as conduct 4 trade facilitation and market linkages through district market days. The Fisheries and Livestock Coordination is aimed at providing efficient and effective administrative services to the District through thirty-six (36) management meetings and twenty-four (24) supervisory and backstopping.|https://www.kafuecouncil.gov.zm/?page_id=195|Kafue Town Council budget 2025|2026-09-11
document_page|kafue_2025_budget_page_0044|kafue_2025_budget.pdf|Kafue Town Council budget 2025|44|OUTPUT BASED ANNUAL BUDGETPage 44 9004HEAD KAFUE TOWN COUNCIL BUDGET PROGRAMMES Expendit ure* Expendit ure Approved 18 Social Protection and Community Development Approved 2023 BUDGET 2024 BUDGET 2025 BUDGET Estimates ECONOMIC CLASSIFICATION Programme Objective(S) : To provide support to poor and most vulnerable households in times of acute stress to mitigate the impact of shocks, reduce destitution as well as contribute to reduction in poverty. Table 4: Programme Budget Allocation by Economic Classification Programme 956,828- ---Use of Goods and Services02 956,828-02 General Operations - - - 19,699,200- ---Transfers03 19,699,200-01 Transfers - - - Programme Total 20,656,028- (0)(0)(0) The budget allocation for Social Protection and Community Development programme is allocated K956,828 towards use goods and services and K19.7 million for transfers (cash for Work ) to cater for the vulnerable in Kafue district. Expendit ure 2023 BUDGET Expendit ure* 2024 BUDGET Approved Approved 2025 BUDGET EstimatesPROGRAMME/SUBPROGRAMME Table 5: Programme Budget Allocation by Subprogramme Social Protection and Community Development 0018Programme : 18 Social Protection and Community Development 20,656,028-(0) 20,648,270-(0) (0)079 District Social welfare (0) 7,758-(0) (0)080 Community Development (0) (0) 20,656,028Programme Total (0) -(0) 20,656,028 The budget allocation for the sub programmes District Social welfare is K20.6 million and K7,758 for Community Development towards activities in line with reducing vulnerability in Kafue district.|https://www.kafuecouncil.gov.zm/?page_id=195|Kafue Town Council budget 2025|2026-09-11
document_page|kafue_2025_budget_page_0045|kafue_2025_budget.pdf|Kafue Town Council budget 2025|45|OUTPUT BASED ANNUAL BUDGET Page 45 9004HEAD KAFUE TOWN COUNCIL 202520242023 TargetActual*TargetActualTarget Table 6: Programme Outputs 18 Social Protection and Community Development Programme: Key Output and Output Indicator Incapacited households assisted 01 Proportion of incapacitated households and individuals assisted with in- kind support - - - - 100 02 Proportion of vulnerable students assessed and recommended for bursaries - - - - 100 03 Proportion of stranded persons provided with transit shelter - - - - 100 04 Proportion of families receiving counselling services - - - - 100 Old people supported 01 Proportion of old people provided with shelter - - - - 100 Welfare services provided 01 Proportion of GBV survivors supported - - - - 100 02 Proportion of human trafficking victims suported - - - - 100 Cash for Work initiative Implemented 01 Number of beneficiaries receiving Cash for Work - - - - 32,832 02 Proportion of Cash for Work funds disbursed - - - - 100 Adult literacy among the poor and vulnerable imparted 01 Number of awareness and sensitisation meetings held - - - - 18 02 Number of Officers trained in Functional Literacy - - - - 9 m Controlling Officer: Executive Authority: Programmes under which this Council will be accounted for by theCouncil Secretary, Kafue District Council The programme will focus on implementing the Social welfare and Community Development activities aimed at reducing vulnerability in Kafue district. Therefore, the plan is to have a 100 percent reach out to the community through Public Welfare Assistance Schemes and providing Care for Older Persons. These will be done through assisting individual households with in kind support such as providing foods staffs in all wards in Kafue District. Kafue Town Council will also endeavour to provide 100 percent assistant to all vulnerable students in need of bursary schemes by providing recommendation letters. Furthermore the plan also targets a 100 percent reach out to the stranded persons and old people in the district by providing basic necessities such as food staff, clothing, shelter and repatriation. In addition, the plan will also provide 100 percent counseling to vulnerable families as well as the Gender Based Violence (GBV) survivor in all the wards in Kafue district. Under Community Development, the plan is to enhance community awareness on adult literacy through conducting 18 sensitisation meetings in all the 18 wards of Kafue district. In addition, to enhance capacity building, 9 Community Development officers will be trained in functional literacy. On Cash for Work Programme, the planned target for beneficiaries to receive cash for work is 32,832 beneficiaries for all the 18 wards and 100 percent proportion of cash for work funds to be disbursed. Head Total: 138,056,040|https://www.kafuecouncil.gov.zm/?page_id=195|Kafue Town Council budget 2025|2026-09-11
document_page|kafue_2025_budget_page_0046|kafue_2025_budget.pdf|Kafue Town Council budget 2025|46|OUTPUT BASED ANNUAL BUDGETPage 46 9004HEAD KAFUE TOWN COUNCIL Geographic Location 2023 Key Outputs and Outputs Indicator Annex l: Outputs by Geographic Location 2022 2024 MTEF Output Target KAFUE TOWN COUNCIL Community Projects Undertaken01 1 Proportion of safe water and sanitation in pubilc places 100 100 100 2 Number of classroom blocks constructed 2 2 2 3 Number of desks procured 4,000 4,000 4,000 4 Number of Maternity annexes constructed 2 2 2 5 Kilometers of roads gravelled 20 20 20 Women and Youth Empowered02 1 Number of Women and Youth Empowered with Grants 100 100 100 2 Number of loan beneficiaries 50 50 50 Constituency Development Fund Administrative Component utilised03 1 Proportion of Constituency Development Fund Projects monitored 100 100 100 2 Proportion of Constituency Development Fund assets branded 100 100 100 3 Number of Constituency Development Fund Committee Meetings held 4 4 4 4 Number of Ward Development Committees supported 18 18 18 Secondary School Pupils and Skills Development students sponsored with Bursaries04 1 Number of Secondary School pupils sponsored with Bursaries 110 110 110 2 Number of Skills Development students sponsored with Bursaries 500 500 500 Ward Development Committees operationalised01 1 Number of ward development committees meeting held 4 4 4 2 Number of ward development committees Operationalised 18 18 18 Council meetings held01 1 Number of ordinary Council meetings held 4 4 4 2 Number of Committee meetings held 20 20 20 Community Engaged01 1 Number of Community Engagements meetings held 4 4 4 2 Number of Radio porgrammes held 12 12 12 Trees Planted01 1 Number of Trees planted 2,000 2,000 2,000 World Environmental day Commemorated02 1 Number of World Enironmental Day Commemorated 1 1 1 Integrated Development Plan operationalised01 1 Number of Integrated Development Plan operationalised 1 1 1 Local Area Development Plans Developed02|https://www.kafuecouncil.gov.zm/?page_id=195|Kafue Town Council budget 2025|2026-09-11
document_page|kafue_2025_budget_page_0047|kafue_2025_budget.pdf|Kafue Town Council budget 2025|47|OUTPUT BASED ANNUAL BUDGET Page 47 9004HEAD KAFUE TOWN COUNCIL 1 Number of Local Area Development Plan Developed 1 1 1 Compliance inspections on development control conducted03 1 Proportion of development control inspections conducted 100 100 100 Wards funded04 1 Number of Wards funded 18 18 18 16 Days of Gender Activism Conducted01 1 Number of 16 Days of Gender Activism events Conducted 1 1 1 Condoms distributed02 1 Number of condoms received and distributed 10,000 10,000 10,000 Public Health inspection Conducted01 1 Proportion of inspections conducted 100 100 100 Waste Collected01 1 Proportion of waste collected and Managed 100 100 100 Keep Zambia Clean,Green and Health Campaign conducted02 1 Number of Keep Zambia Clean,Green and Health Campaigns conducted 52 52 52 Dumpsite fenced03 1 Number of Dumpsites fenced 1 1 1 Boreholes maintained01 1 Number of Boreholes maintained 36 36 36 Markets and Bus Stations maintained01 1 Number of Markets and bus stations maintained 7 7 7 Ablution block at the Main Bus Station constructed02 1 Number of Ablution blocks constructed at the Main Bus Station 1 1 1 Clubs Registered and Renewed01 1 Proportion Of Clubs registered and renewed 100 100 100 Council Buildings Maintained01 1 Number of Council buildings maintained 13 13 13 Council Revenue Check Points Constructed02 1 Number of Council Revenue Check Points Constructed 4 4 4 Street lights maintained01 1 Proportion of street Lights maintained 100 100 100 Street Lights installed02 1 Number of street lights installed 40 40 40 Cultural Practices in the District inventoried01 1 Number of Cultural practices inventoried 1 1 1 Cultural and Creative industries Developed02 1 Number of Cultural and Creative industries Developed 1 1 1 Traditional Ceremonies supported03|https://www.kafuecouncil.gov.zm/?page_id=195|Kafue Town Council budget 2025|2026-09-11
document_page|kafue_2025_budget_page_0048|kafue_2025_budget.pdf|Kafue Town Council budget 2025|48|OUTPUT BASED ANNUAL BUDGETPage 48 9004HEAD KAFUE TOWN COUNCIL 1 Number of Traditional Ceremonies supported 1 1 1 Library Services provided01 1 Number of books restocked 100 100 100 Sports Activities Held01 1 Faz Games Played 34 34 34 2 Zalasa Games Held 1 1 1 3 Women in sports promotions held 4 4 4 Coaching framework Disseminated02 1 Number of Coaching framework Disseminated 1 1 1 Sports Development Monitored03 1 Proportion of Sports Development Monitored 100 100 100 Community Sport activities Promoted04 1 Number of sports activities conducted 12 12 12 2 Proportion of Sports Associations formed 100 100 100 3 Number of sports recreational activities conducted. 5 5 5 4 Proportion of Sports clubs registered 100 100 100 5 Number of coaching clinics held 4 4 4 National Sports Policy Sensitization conducted.05 1 Number of National Sports Policy sensitization meetings held. 4 4 4 District records Surveyed01 1 Number of records surveys conducted 12 12 12 District records Preserved02 1 Proportion of records preserved annually 100 100 100 Women skilled and empowered01 1 Number of women skilled and empowered 20 20 20 Public Order Maintained01 1 Proportion of Patrols Undertaken 100 100 100 Fire cases attended to01 1 Incident turnout time 1 1 1 Marriages Solomnized01 1 Proportion of Marriages Solomnized 100 100 100 Council Staff Trained02 1 Proportion of Council Staff Trained 100 100 100 Public Functions and Ceremonies commemorated03 1 Number of public functions commemorated 5 5 5 Procurement Plan prepared01 1 Number of Procurement plan Prepared 1 1 1|https://www.kafuecouncil.gov.zm/?page_id=195|Kafue Town Council budget 2025|2026-09-11
document_page|kafue_2025_budget_page_0049|kafue_2025_budget.pdf|Kafue Town Council budget 2025|49|OUTPUT BASED ANNUAL BUDGET Page 49 9004HEAD KAFUE TOWN COUNCIL Audit reports prepared01 1 Number of audit reports prepared 4 4 4 Annual Financial Statements Prepared01 1 Number of Financial Statements Prepared 1 1 1 Debt liquidated02 1 Proportion of debt liquidated 5 5 5 Quaterly financial reports prepared03 1 Number of quaterly financial reports prepared 4 4 4 Court cases attended to01 1 Proportion of Court cases attended to 100 100 100 Contract and Lease agreements prepared02 1 Percentage of Contracts and Leases agreements prepared 100 100 100 Resources mobilised01 1 Proportion of resources mobilised against budgeted 80 80 80 Supplementary Valuation Roll Approved02 1 Number of Supplementary Valuation roll approved 1 1 1 Maternal and Child healthcare services provided01 1 Percentage of deliveries conducted by skilled Health Personnel 60 60 60 2 Proportion of Health Facilities with at least one staff trained in Emergency Obstetric and Neonatal care (EmONC) 80 80 80 Immunization services provided against major infectious diseases02 1 Percentage of fully immunized children under one year 90 90 90 Treatment of common diseases and injuries services provided03 1 Anti Retroviral Therapy initiation rate 95 95 95 2 Malaria incidence rate per 1000 population 5 5 5 3 Percentage of health facilities with functional cold chain 100 100 100 Nutrition services provided04 1 Percentage of children supplemented with Micro Nutrients. 90 90 90 2 Percentage of health facilities assessing children for stunting 100 100 100 Education, Community Health Disease prevention and control services provided05 1 Percentage of Health Facilities with 80% Community Based Volunteers trained in Integrated Community Case Management 100 100 100 2 Proportion of premise inspections for compliance conducted 80 80 80 Essential Medicines services provided06 1 Percentage of Health facilities with atleast 80% fill rate during the period under review 100 100 100 Clean and safe water supply and basic sanitation services provided07 1 Percentage of Health facilities with adequate clean and safe water supply, 100 100 100 Ambulance services Provided08 1 Percentage of functional Ambulances 100 100 100|https://www.kafuecouncil.gov.zm/?page_id=195|Kafue Town Council budget 2025|2026-09-11
document_page|kafue_2025_budget_page_0050|kafue_2025_budget.pdf|Kafue Town Council budget 2025|50|OUTPUT BASED ANNUAL BUDGETPage 50 9004HEAD KAFUE TOWN COUNCIL District health Services coordinated01 1 Number of health facilities visited for Technical Support 27 27 27 2 Number of health facilities visited for Performance Assessement quarterly 27 27 27 Hospital services provided01 1 Proportion of patient referals made within reccommded timeframe 50 50 50 Township roads Rehabilitated01 1 Kilometers of Township roads rehabilitated 6 6 6 Solar Street Lights Installed02 1 Number of Street Lights Installed 30 30 30 Drainages Rehabilitated03 1 Kilometers of drainages rehabilitated 5 5 5 Canals rehabilitated and maintained01 1 Kilometers of Canals rehabilitated and maintained 5 5 5 Dredgers serviced and maintained02 1 Number of Dredgers serviced and maintained 1 1 1 Crop Production promoted01 1 Number of small scale Farmers trained in smart agriculture technology 3,500 3,500 3,500 2 Number of demo plots established and functionalised 20 20 20 Irrigation systems promoted02 1 Number of farmers trained in irrigation technologies 100 100 100 Use of farm power and mechanisation promoted03 1 Number of farmers trained in farm power and mechanisation 250 250 250 Good land husbandry and conservation practices promoted04 1 Number of farmers trained in good land husbandry and conservation practices 250 250 250 Agricultural news recorded and disseminated05 1 Number of agricultural news recorded and disseminated 8 8 8 Agricultural Enterprenurship skill Trainings Conducted01 1 Number of enterprenurship trainings conducted 12 12 12 Value addition of agriculture commodities and products promoted02 1 Number of marketing linkages established 2 2 2 Market information on crop products and agricultural inputs collected03 1 Number of weekly market information reported 52 52 52 Multi-sectoral collaboration in the agricultural programmes strenthened01 1 Number of collaborative meetings conducted 12 12 12 Monthly marketing bulletings produced01 1 Number of Monthly bulleting produced 12 12 12 Entrepreneurs trained02 1 Number of Entrepreneurs Trained 400 400 400|https://www.kafuecouncil.gov.zm/?page_id=195|Kafue Town Council budget 2025|2026-09-11
document_page|kafue_2025_budget_page_0051|kafue_2025_budget.pdf|Kafue Town Council budget 2025|51|OUTPUT BASED ANNUAL BUDGET Page 51 9004HEAD KAFUE TOWN COUNCIL Animal disease alert responded to timely01 1 Proportion of animal disease alerts responded to timely 80 80 80 Animal disease surveillance activity facilitated02 1 Number of animal disease surveillance facilitated 250 250 250 Veterinary extension and advisory service provided03 1 Number of farmers trained in disease control 400 400 400 Patrols and surveillance conducted01 1 Number of water patrols conducted 8 8 8 2 Proportion of fishers licenced 80 80 80 Aquaculture extension services provided02 1 Number of fish farmers receiving extension servicing 50 50 50 2 Number of farmers trained in Best Management Practices in Aquaculture 160 160 160 Fish ban enforced03 1 Number of land and water patrols conducted 12 12 12 Livestock Extention services provided01 1 Number of Livestock Farmers receiving Extension Services 64 64 64 Livestock Trainings and Demos conducted02 1 Number of Livestock field days Conducted 160 160 160 2 Number of forege Demos Conducted 40 40 40 3 Number of Livestock Farmer Trainings Conducted 40 40 40 Climate Smart Livestock Technologies Practices Implemented03 1 Number of Livestock Farmers trained in Azolla production 50 50 50 2 Number of Livestock Farmers trained in Hydroponics fodder production 50 50 50 3 Number of Livestock farmers trained in feed formulation 50 50 50 Value addition conducted04 1 Number of farmers trained in Livestock value addition and product development 50 50 50 Monitoring, backstopping and supervision undertaken01 1 Number of Monitoring and backstopping undertaken 12 12 12 2 Number of meeting held 12 12 12 Agriculture and Commerical shows held02 1 Number of shows held 2 2 2 Incapacited households assisted01 1 Proportion of incapacitated households and individuals assisted with in-kind support 100 100 100 2 Proportion of vulnerable students assessed and recommended for bursaries 100 100 100 3 Proportion of stranded persons provided with transit shelter 100 100 100 4 Proportion of families receiving counselling services 100 100 100 Old people supported02|https://www.kafuecouncil.gov.zm/?page_id=195|Kafue Town Council budget 2025|2026-09-11
document_page|kafue_2025_budget_page_0052|kafue_2025_budget.pdf|Kafue Town Council budget 2025|52|OUTPUT BASED ANNUAL BUDGETPage 52 9004HEAD KAFUE TOWN COUNCIL 1 Proportion of old people provided with shelter 100 100 100 Welfare services provided03 1 Proportion of GBV survivors supported 100 100 100 2 Proportion of human trafficking victims suported 100 100 100 Cash for Work initiative Implemented04 1 Number of beneficiaries receiving Cash for Work 32,832 32,832 32,832 2 Proportion of Cash for Work funds disbursed 100 100 100 Adult literacy among the poor and vulnerable imparted01 1 Number of awareness and sensitisation meetings held 18 18 18 2 Number of Officers trained in Functional Literacy 9 9 9|https://www.kafuecouncil.gov.zm/?page_id=195|Kafue Town Council budget 2025|2026-09-11
document_page|kafue_2022_financial_statements_page_0001|kafue_2022_financial_statements.pdf|Financial statements 2022|1|KAFUE TOWN COUNCIL FINANCIAL STATEMENTS FOR THE YEAR ENDED 31st DECEMBER 2022|https://www.kafuecouncil.gov.zm/?page_id=195|Financial statements 2022|2026-09-11
document_page|kafue_2022_financial_statements_page_0002|kafue_2022_financial_statements.pdf|Financial statements 2022|2|KAFUE TOWN COUNCIL FINANCIAL STATEMENTS FOR THE YEAR ENDED 31ST DECEMBER 2022 1 TABLE OF CONTENTS PAGE Report of the Council 2-5 Statement of Responsibilities for Annual Financial Statements 6 Independent Auditor’s Report 7-9 Statement of Cash Receipts and Payments 10 Statement of Comparison of Budget and Actual Amounts 11 Statement of Cash Receipts and Payments for Local Government Equalization Fund 12 Statement of Cash Receipts and Payments for Constituency Development Fund 13 Summary of Significant Accounting Policies 14-19 Notes to the Financial Statements 20-37|https://www.kafuecouncil.gov.zm/?page_id=195|Financial statements 2022|2026-09-11
document_page|kafue_2022_financial_statements_page_0003|kafue_2022_financial_statements.pdf|Financial statements 2022|3|KAFUE TOWN COUNCIL FINANCIAL STATEMENTS FOR THE YEAR ENDED 31ST DECEMBER 2022 2 REPORT OF THE COUNCIL The Council has the pleasure of presenting the report together with the financial statements for the year ended 31 st December 2022 which disclose the sources, utilization and balances of cash for Ka fue Town Council during the period under review. Background and Location of the Council The Council’s administrative office is in Kafue Estates, Kasenje Ward of Kafue District in Lusaka Province. The district lies on the outskirts of Kafue River (the second longest river in the country after the Zambezi River) from where it draws its name. The district is about 434.2 km North of Livingstone City, the tourist capital of Zambia and 45 Km south of the Nation’s capital, Lusaka. It is a transit town bordering seven (7) districts, Chilanga and Lusaka on the Northern part, Chikankata and Chirundu on the southern part, Shibuyunji on the western part and Chongwe on the eastern part. It also serves as an entry and exit town to the Republic of Zimbabwe through Chirundu and Siavonga towns. Kafue District has a total area of 4,460 square kilometers (km²). The Census of Population undertaken by the Central Statistics Office in 2010 revealed that the population of Kafue District had reached 244,628. The district has two (2) Chiefs namely Chiefteness Nkomesha Mukamambo the II and Chifteness Chiyaba. The history of Kafue Town can be traced to the extension of the Rhodesian Railway line into Livingstone town from Southern Rhodesia (present day Zimbabwe) in 1905. The extension c ontinued beyond Livingstone and Kalomo going all the way to the Copperbelt towns. The railway line reached Kafue in 1906 and proceeded north to Kabwe in the following years where it was meant to aid the transportation of lead and zinc minerals. The railway line contributed greatly to the growth of Kafue town. Most of the earlier settlers of Kafue were pastoral farmers and fishermen. Many were drawn in the emerging economy as railway workers. With the development of the railway line , large tracts of the land along the railway line were opened up for settlement by the British soldiers that had survived the First World War. In addition to Agricultural development, the establishment of a major railway station near Kafue River, became an important stopover to re -furbish the steam engines with water on the journey up or down the railway line. As a result, train crews, fishermen, drivers and other railway employees settled in Kafue as process of urbanization began. Kafue town continued growing such that by Decembe r 1964, Kaf ue Township Council was one of the twenty-three (23) local authorities in the country that constituted the membership of Local Government Association of Zambia (LGAZ), a mouth piece of local authorities. Despite this, the town was mostly considered part of Lusaka City. In 1970 Nitrogen Chemicals of Zambia was established to produce Ammonium Nitrate for making explosives which later added a sulphuric acid plant in 1983 and production of fertilizer. Kafue was home to one of the most popular textil e companies in the Country, the Kafue textiles. The current civic centre housing the administrative centre of Kafue Town Council was inaugurated by Hon. Alexander Chikwanda, then Minister of Local Government, on the 23 rd of April 1976. At that time, Chilanga town was part of Kafue district until 2012 when it was separated and declared a district with its own Council. The Local Administration Act No. 15 of 1980 abolished City, Municipal and Township Councils and established District Councils and therefore Kafue Township Council became Kafue District Council. This|https://www.kafuecouncil.gov.zm/?page_id=195|Financial statements 2022|2026-09-11
document_page|kafue_2022_financial_statements_page_0004|kafue_2022_financial_statements.pdf|Financial statements 2022|4|KAFUE TOWN COUNCIL FINANCIAL STATEMENTS FOR THE YEAR ENDED 31ST DECEMBER 2022 3 REPORT OF THE COUNCIL changed in 2016 when the Republican Constitution was amended resulting in change of district councils to town council, the name Kafue Town Council retains to date. The distr ict currently boasts of the second largest Multi Facility Economical Zone in Zambia in the Lusaka Multi Facility Economical Zone and the largest Steel manuf acturing company in Zambia, Universal Mining & Chemical Industries Ltd that owns and operates the Kafue Steel factory. The address of the registered office of Kafue Town Council (KTC) is as follows: The Civic Centre Luangwa Drive P O Box 360021 KAFUE Composition of the Council Kafue Town Council is a body corporate established under Article 152 of th e Constitution of Zambia (Amendment) Act No. 2 of 2016 and Section 6 of the Local Government Act No. 2 of 2019. As a Local Authority, the Town Council administers the Kafue Town. The Council is composed of an elected Council Chairperson, sixteen (16) elec ted Councillors from sixteen (16) Wards, and two (2) Chiefs as provided for under Article 153 (2)(c) of the Constitution of Zambia (Amendment) Act No. 2 of 2016. The current Council was elected into office in 2016 to serve a five-year term up to 2021. The Deputy Council Chairperson was el ected from among the Councillors in 2016 for the period of two and half years.|https://www.kafuecouncil.gov.zm/?page_id=195|Financial statements 2022|2026-09-11
document_page|kafue_2022_financial_statements_page_0005|kafue_2022_financial_statements.pdf|Financial statements 2022|5|KAFUE TOWN COUNCIL FINANCIAL STATEMENTS FOR THE YEAR ENDED 31ST DECEMBER 2022 4 REPORT OF THE COUNCIL The Councillors who held office during the year to December,2022 were; S/N NAME GENDER POSITION WARD 1 Buumba Malambo Female Council Chairperson Not applicable 2 Justine Singoyi Male Vice Chairperson Kabweza 3 Katiyo D.Jones Male Councillor Chiawa 4 Ligitimate Malumbe Male Councillor Chikupi 5 Wise Mainza Male Councillor Magoma 6 John Mikaya Male Councillor Shimabala 7 Davyline Mwiinga Male Councillor Malundu 8 Borniface Chileshe Male Councillor Chifwema 9 Edwin S.Shabusale Male Councillor Kafue 10 Emmanual Moonga Miyanda Male Councillor Lukolongo 11 Modester Nyambe Male Councillor Shabusale 12 Comply Siamugala Male Councillor Chisakila 13 Kebby Sikangila Male Councillor Chisankane 14 David Sampa Male Councillor Kasenje 15 Paul Kajiye Male Councillor Chitende 16 Kelly Liwanga Male Councillor Mungu 17 Andrew Chikika Monde Male Councillor Kambale 18 Micheal Sinkala Male Councillor Matanda 19 Elizabeth Mulenje Female Councillor H.R.H Sr Chieftainess Nkomesha Mukamambo 20 Christine Eva Maambo Female Councillor H.R.H Sr Chieftainess Chiawa The District also has one (1) elected Member of Parliament for Kafue constituency. The Member of Parliament that held office during the year was: S/N NAME GENDER CONSTITUENCY 1 Hon.Mirriam Chonya Female Kafue The affairs of Central Government in the district are coordinated by the District Commissioner. During the year under review Mr Maurice Hikapulwe was the District Commissioner. The Council Secretariat The Secretariat of Kafue Town Council is headed by the Council Secretary. The Council Secretary and the rest of the Secretariat are appointed by the Local Government Service Commission. The Council Secretary is assisted by four (4) Chief Officers responsible for Finance, Planning, Works and Human Resource and Administration and two (2) Heads of units namely Procurement and Internal Audit Functions of the Council The main function of the Council is the delivery of local public goods and services to the people in the District and discharge all or any of the functions set out in Article 147 (2) (c) of the Constitution of Zambia (Amendments) Act No. 2 of 2016 and First Schedule of the Local Government Act No. 2 of 2019 which include, among others, power to make By-Laws, power to make regulations, imposition of levies, fees and charges and to formulate local policies to promote, guide and regulate development in the district through various relevant departments of the Council.|https://www.kafuecouncil.gov.zm/?page_id=195|Financial statements 2022|2026-09-11
document_page|kafue_2022_financial_statements_page_0006|kafue_2022_financial_statements.pdf|Financial statements 2022|6|KAFUE TOWN COUNCIL FINANCIAL STATEMENTS FOR THE YEAR ENDED 31ST DECEMBER 2022 5|https://www.kafuecouncil.gov.zm/?page_id=195|Financial statements 2022|2026-09-11
document_page|kafue_2022_financial_statements_page_0007|kafue_2022_financial_statements.pdf|Financial statements 2022|7|KAFUE TOWN COUNCIL FINANCIAL STATEMENTS FOR THE YEAR ENDED 31ST DECEMBER 2022 6|https://www.kafuecouncil.gov.zm/?page_id=195|Financial statements 2022|2026-09-11
document_page|kafue_2022_financial_statements_page_0008|kafue_2022_financial_statements.pdf|Financial statements 2022|8|KAFUE TOWN COUNCIL FINANCIAL STATEMENTS FOR THE YEAR ENDED 31ST DECEMBER 2022 7|https://www.kafuecouncil.gov.zm/?page_id=195|Financial statements 2022|2026-09-11
document_page|kafue_2022_financial_statements_page_0009|kafue_2022_financial_statements.pdf|Financial statements 2022|9|KAFUE TOWN COUNCIL FINANCIAL STATEMENTS FOR THE YEAR ENDED 31ST DECEMBER 2022 8|https://www.kafuecouncil.gov.zm/?page_id=195|Financial statements 2022|2026-09-11
document_page|kafue_2022_financial_statements_page_0010|kafue_2022_financial_statements.pdf|Financial statements 2022|10|KAFUE TOWN COUNCIL FINANCIAL STATEMENTS FOR THE YEAR ENDED 31ST DECEMBER 2022 9|https://www.kafuecouncil.gov.zm/?page_id=195|Financial statements 2022|2026-09-11
document_page|kafue_2022_financial_statements_page_0011|kafue_2022_financial_statements.pdf|Financial statements 2022|11|KAFUE TOWN COUNCIL FINANCIAL STATEMENTS FOR THE YEAR ENDED 31ST DECEMBER 2022 10|https://www.kafuecouncil.gov.zm/?page_id=195|Financial statements 2022|2026-09-11
document_page|kafue_2022_financial_statements_page_0012|kafue_2022_financial_statements.pdf|Financial statements 2022|12|KAFUE TOWN COUNCIL FINANCIAL STATEMENTS FOR THE YEAR ENDED 31ST DECEMBER 2022 11 STATEMENT OF COMPARISON OF BUDGET AND ACTUAL AMOUNTS FOR THE YEAR ENDED 31ST DECEMBER 2022 Original Budget Adjustments Final Budget Actual Amounts % Performance Variance % Variance Kwacha Kwacha Kwacha Kwacha Kwacha RECEIPTS Local Taxes 16,141,381 - 16,141,381 3,862,322 24% (12,279,059) -76% Fees and Charges 17,255,420 - 17,255,420 7,025,722 41% (10,229,698) -59% Licences 3,685,063 - 3,685,063 3,265,733 89% (419,330) -11% Levies 2,430,356 - 2,430,356 834,810 34% (1,595,546) -66% Permits 3,607,309 - 3,607,309 2,159,327 60% (1,447,982) -40% Local Government Equalisation Fund 14,344,512 - 14,344,512 11,920,437 83% (2,424,075) -17% Constituency Development Fund 25,700,000 - 25,700,000 24,061,266 0% (1,638,734) -6% Other Grants - - - 0% - 0% Borrowings - - - 0% - 0% Commercial Venture 306,000 - 306,000 - 0% (306,000) -100% Other Receipts 228,000 - 228,000 76,518 34% (151,482) -66% TOTAL RECEIPTS 83,698,042 - 83,698,042 53,206,135 64% (30,491,907) -36% PAYMENTS Personal Emoluments 23,524,966 - 23,524,966 20,907,864 89% 2,617,102 11% Use of Goods and Services 51,247,865 - 51,247,865 8,067,111 16% 43,180,754 84% Financial Charges - - 0% - 0% Social Benefits - - 0% - 0% Non-Financial Assets Acquisition 7,572,073 - 7,572,073 4,799,761 63% 2,772,312 37% Financial Assets - - - 0% - 0% Loan Repayments - - - 0% - 0% Other Payments 1,353,138 - 1,353,138 5,954,794 440% (4,601,656) -340% TOTAL PAYMENTS 83,698,042 - 83,698,042 39,729,530 47% 43,968,512 53% Increase/(Decrease in Cash (1) - (1) 13,476,605 - The composition of budget adjustments and explanations of major variances are provided in Note 23|https://www.kafuecouncil.gov.zm/?page_id=195|Financial statements 2022|2026-09-11
document_page|kafue_2022_financial_statements_page_0013|kafue_2022_financial_statements.pdf|Financial statements 2022|13|KAFUE TOWN COUNCIL FINANCIAL STATEMENTS FOR THE YEAR ENDED 31ST DECEMBER 2022 12 STATEMENT OF CASH RECEIPTS AND PAYMENTS FOR THE LOCAL GOVERNMENT EQUALISATION FUND (LGEF) FOR THE YEAR ENDED 31ST DECEMBER 2022 2022 2021 Kwacha Kwacha RECEIPTS Funding 7(a) 11,920,437 13,533,609 Non-LGEF (Receipts) 825,353 TOTAL RECEIPTS 11,920,437 14,358,962 PAYMENTS Operational Expenditure Payments: 7(b) Salaries and Wages 11,109,040 10,375,887 Terminal Benefits - - Utility bills - - Service Provision - - Goods and Services - - Administrative Costs - - Other Costs(Councillors Allowances) 742,765 451,000 Sub-Total 11,851,805 10,826,887 Capital Expenditure Payments: 7(c) Infrastructure Development 607,176 656,818 Rehabilitation Works 490,572 Asset Acquisition 1,767,000 146,575 Other Costs 10,635 378,930 Sub-Total 2,384,811 1,672,895 TOTAL PAYMENTS 14,236,616 12,499,782 Increase/(decrease) in cash (2,316,179) 1,859,180 Cash at beginning of the year 2,789,675 930,495 Cash at the end of the year 473,496 2,789,675|https://www.kafuecouncil.gov.zm/?page_id=195|Financial statements 2022|2026-09-11
document_page|kafue_2022_financial_statements_page_0014|kafue_2022_financial_statements.pdf|Financial statements 2022|14|KAFUE TOWN COUNCIL FINANCIAL STATEMENTS FOR THE YEAR ENDED 31ST DECEMBER 2022 13 STATEMENT OF CASH R ECEIPTS AND PAYMENTS FOR THE CONSTITUENCY DEVELOPMENT FUND (CDF) FOR THE YEAR ENDED 31ST DECEMBER 2022 2022 2021 Kwacha Kwacha RECEIPTS Funding 8(a) 23,739,911 1,600,000 Other sources 8(b) 321,355 63,554 TOTAL RECEIPTS 24,061,266 1,663,554 PAYMENTS Infrastructure Development 8(c) 1,212,831 542,939 Rehabilitation Works 8(d) 158,754 - Asset Acquisition 8(e) 954,600 - Bursaries -Secondary & Skills 8(f) 549,584 - Empowerment Grants 8(g) 1,837,640 - Empowerment Loans 8(h) - - Administrative Costs 8(i) 774,960 2,980 Other payments 8(j) - 33,743 TOTAL PAYMENTS 5,488,369 579,662 Increase/(decrease) in Cash 18,572,897 1,083,892 Cash at beginning of the year 2,926,224 1,842,332 Cash at the end of the year 21,499,121 2,926,224 Note 8 explains the composition and other details relating to the various elements included in this Statement.|https://www.kafuecouncil.gov.zm/?page_id=195|Financial statements 2022|2026-09-11
document_page|kafue_2022_financial_statements_page_0015|kafue_2022_financial_statements.pdf|Financial statements 2022|15|KAFUE TOWN COUNCIL FINANCIAL STATEMENTS FOR THE YEAR ENDED 31ST DECEMBER 2022 14 SUMMARY OF SIGNIFICANT ACCOUNTING POLICIES 1. Basis of the Preparation of the Financial Statements The financial statements have been pr epared in accordance with Cash Basis IPSAS, Financial Reporting under the Cash Basis of Accounting, issued by the Internation al Public Sector Accounting Standards Board (IPSASB) and Local Authorities Accounting Policies (LAAPs). These financial statements have been prepared in accordance with the historical cost convention as the basis of measurement, unless specified otherwise. The accounting policies have been applied consistently throughout the period. 1.1 Migration to Accrual Basis Financial Reporting Kafue Town Council is required, under the Local Government Act No. 2 of 2019 to produce Statement of Comprehensive Income and a Statement of Financial Position. The production of these statements entails adoption and application of Accrual Basis of Accounting in financial reporting. However, the Act does not specify which partic ular accrual basis of accounting to use. In applying Cash Basis of Accounting, the Council followed guidance listed below: (a) Cash Basis IPSAS, Financial Reporting under the Cash Basis of Accounting This standard provides that public sector entities adopting Accrual Basis for the first time may apply Cash Basi s IPSAS provisions as an intermediate step to assist them in the transition to Accrual Basis IPSASs . In this vein, t he Council has produced these financial statements under Cash Basis IPSAS as part of its transition to Accrual Basis of Accounting. (b) Accounting Pronouncement: 2018/3 – Applicability of International Public Sector Accounting Standards (IPSASs). This pronouncement issued by the Zambia Institute of Chartered Accountants (ZICA) pursuant to the Accountants Act No. 13 of 2008 requires the adoption of Accrual Basis of Accounting by public entities by 31st December 2025. The Council is preparing to adopt Accrual Basis IPSASs on 1st January 2025. (c) Treasury and Financial Management Circular No . 10 of 2019 issued by the Secretary to the Treasury pursuant to the Public Financial Management Act No. 1 of 2018. The Treasury and Financial Management Circular provides as follows: i. That in order to have a standard financial reporting framework, all Local Authorities should adopt the International Public Sector Accounting Standards (IPSASs) Cash Basis of Accounting as a first step in migration to IPSAS s Accrual Basis of Accounting.|https://www.kafuecouncil.gov.zm/?page_id=195|Financial statements 2022|2026-09-11
document_page|kafue_2022_financial_statements_page_0016|kafue_2022_financial_statements.pdf|Financial statements 2022|16|KAFUE TOWN COUNCIL FINANCIAL STATEMENTS FOR THE YEAR ENDED 31ST DECEMBER 2022 15 SUMMARY OF SIGNIFICANT ACCOUNTING POLICIES ii. Local Authorities shall use Part 2 of Cash Basis IPSAS which requires extra disclosures called ‘Encouraged Additional Disclosures’ in Cash Basis fina ncial statements for the years ending 31st December 2019 up to 2024. iii. All Local Authorities shall adopt and apply Accrual Basis IPSAS of Accounting starting 1st January 2025 by following the g uidelines provided in IPSAS 33 – “First Time Adoption of Accrual Basis IPSASs”. iv. That the three (3) year transition period provided under IPSAS 33 should commence on 1 st January 2022 and should end on 31 st December, 2024. Thereafter, all Local Authorities shall be required to comply fully with Accrual Basis IPSASs. Based on these guidelines, the Council has not yet commenced production of Accrual Basis financial statements required by the Local Government Act No. 2 of 2019. However, the Council has adopted Part 2 Cash Basis IPSAS, Financial Reporting under the Cash Basis of Accounting to help it transition its financial reporting to Accrual Basis IPSASs. 1.2 Reporting Entity The Financial Statements are prepared for Kafue Town Council (KTC ). The financial statements encompass the Council as specified in the Constitution of Zambia (Amendment) Act No. 2 of 2016, the Local Government Act No. 2 of 2019, and the Public Finance Management Act No. 1 of 2018. It also includes projects and activities of the Constituenc y Development Fund and the Local Government Equalisation Fund in the district. 1.3 Authorisation Date The financial statements were authorized for issue …………………………….. by the Ordinary/Special Council. 1.4 Revenue Revenue is recognised when cash is received. It is generated from various sources as explained below: a. Local Taxes Article 161 of the Constitution of Zambia (Amendment) Act No. 2 of 2016 authoris es Kafue Town Council as a Local Authority to levy, impose, recover and retain local taxes. Further, the Local Government Act No. 2 of 2019 section 25(1) prescribes, subject to the Constitution and the Business Regulatory Act No. 3 of 2014, a system of local taxes which Local Authorities can raise by passing by-laws imposing levies on:  Leviable persons owning o r occupying property or premises situated within the area of the District;  Leviable persons carrying on a business, trade or occupation within the area of the District; or  The purchase or sale of a commodity within the area of the District.|https://www.kafuecouncil.gov.zm/?page_id=195|Financial statements 2022|2026-09-11
document_page|kafue_2022_financial_statements_page_0017|kafue_2022_financial_statements.pdf|Financial statements 2022|17|KAFUE TOWN COUNCIL FINANCIAL STATEMENTS FOR THE YEAR ENDED 31ST DECEMBER 2022 16 SUMMARY OF SIGNIFICANT ACCOUNTING POLICIES b. Fees and Charges Section 27 (1) of the Local Government Act No. 2 of 2019 empowers Local Authorities, subject to the Business Regulatory Act No. 3 of 2014, to impose fees or charges payable to the Council:  For any license or permit issued under any regulation or by -law made under the Act. These may include health permits, fire certificate licences, burial permits and extension of business hours permits;  For any service or facility provided or goods or documents supplied by the local authority in pursuance of or in connection with the performance of any function of the local authority. These may include survey fees, consent fees, building inspection fees, waste collection fees and parking fees. 1.5 Expenditure Expenditure is recognized when payment is made for expenses incurred. The Council incurs expenditure relating to the discharge of its functions which includes expenses relating to personal emoluments, use of goods and services, social benefits and acquisition of non-financial assets. Items of a capital nature are expensed at the time of payment and such transactions are depicted in the appropriate class and heading in the financial statements. Since capital expenditure is expensed when incurred, neither depreciation nor amortization is charged on non-current assets. 1.6 Reporting on Gross Basis Transactions are reported on gross basis without netting off similar classes of receipts and payments. However, transactions may be reported on net basis when they relate to transaction s the Council administers on behalf of other entities recognised in the Financial Statements 1.7 Cash in hand at the Beginning and the End of the Year Cash at the beginning and end of the year consist s of cash on hand, demand deposits and cash equivalents held at such dates. Cash on hand refers to notes and coins held by the Council at the reporting date and it includes petty cash and cash collections not yet deposited into bank accounts. Demand deposits consist of reconciled balances held in the Council’s bank accounts which it can use on demand. Cash equivalents, on the other hand, refer to short term high liquid investments that can easily be converted to known amounts of cash and are subject to insignificant risk of change in values. The Council recognises all short-term high liquid investments having maturities of three months or less as cash equivalents. 1.8 Local Government Equalization Fund Article 163(2) of the Constitution of Zambia (Amendment) Act No. 2 of 2016 provides that Parliament shall annually appropriate monies to the Local Government Equalization Fund which shall be disbursed by the Ministry responsible for finance to Local Authorities. Receipts under LGEF supplement revenue generated by the Council.|https://www.kafuecouncil.gov.zm/?page_id=195|Financial statements 2022|2026-09-11
document_page|kafue_2022_financial_statements_page_0018|kafue_2022_financial_statements.pdf|Financial statements 2022|18|KAFUE TOWN COUNCIL FINANCIAL STATEMENTS FOR THE YEAR ENDED 31ST DECEMBER 2022 17 SUMMARY OF SIGNIFICANT ACCOUNTING POLICIES The Council uses at least 20% of the funds received from the equalization fund, in any financial year, to finance capital expenditure and the balance to meet operational expenses. 1.9 Constituency Development Fund The Constituency Development Fund (CDF) was established under Article 162(1) of the Constitution of Zambia (Amendment) Act No. 2 of 2016. The fund was set up to finance micro - community projects for poverty reduction in communities and it is financed by monies appropriated by Parliament. The administration of CDF is regulated by the Constituency Development Fund Act No. 11 of 2018. The Council maintains separate bank accounts for each constituency. Transfers are made from CDF into constituency bank accounts from which payments are made to financ e approved CDF projects. 1.10 Other Grants These include grants in lieu of rates and support from Cooperating Partners. Grants in lieu of rates are paid by the Government to the Council to cover property rates of Government properties in the district. Support from Cooperating Partners may consist of cash receipts under bilateral and multilateral agreements. 1.11 Presentation Currency The presentation currency is Zambian Kwacha. 1.12 Foreign Currencies Transactions in other currencies are converted into Zambian Kwacha using the ruling Bank exchange rates at the time of payment. Balances expressed in foreign currencies at the year -end are translated into Kwacha at the ruling rate then. The resulting difference from the conversion and translation are charged to the Statement of Cash Receipts and Payments. 1.13 Borrowings Borrowings comprise actual cash inflows received from financial institutions, bilateral and multilateral institutions. 1.14 Budgets and Actual Amounts A final budget includes all adjustments (supplementary an d re-allocations) made to the original approved budget during the year. Supplementary budgets consist of additional provisions beyond what was originally approved while re-allocations are approved budget variations. The approved budget is developed on the same accounting and classification basis, and for the same period as for the financial statements. All material differences between final budgets and actual amounts are explained in the notes to the annual financial statements . Budget differences of 20% and above are considered material.|https://www.kafuecouncil.gov.zm/?page_id=195|Financial statements 2022|2026-09-11
document_page|kafue_2022_financial_statements_page_0019|kafue_2022_financial_statements.pdf|Financial statements 2022|19|KAFUE TOWN COUNCIL FINANCIAL STATEMENTS FOR THE YEAR ENDED 31ST DECEMBER 2022 18 SUMMARY OF SIGNIFICANT ACCOUNTING POLICIES 1.15 Encouraged Disclosures of Accrual Type of Items During the year, the Council adopted Part 2 of Cash Ba sis IPSAS which provides extra Accrual Basis type of disclosures called Encouraged Additional Disclosures as follows: i. Property, Plant and Equipment These are assets that have useful economic lives or service potential of more than one year. They are recorded and disclosed at either cost or valuation. Valuations are conducted by the Government Valuation Department and the Council’s own Valuation staff. Where valuation has been undertaken, the applicable valuation bases are as follows:  Land Current Value  Buildings Cost or Market Value  Plant and Equipment Cost ii. Investments in Other Entities The Council discloses the following details about its investments in other entities: (a) Name of the entity (b) Principal activity of the entity (c) Percentage of shareholding in the entity (d) Receipts in form of dividends and other returns on the investments iii. Administered Transactions Administered transactions are cash flows resulting from transactions administered by the Council as an agent of Central Government and any of its agencies. All cash collected in this manner is deposited into an account of the Central G overnment or its appropriate agent and such accounts are not controlled by the Council. The Council deems as part of cash under its control any collections made and administered by the Council on behalf of the Central Government but are allowed to be deposited in any of its bank accounts prior to its transfer to the Central Government or any of its agents. iv. Related Party Transactions A related party is one that has the ability to control the Council or exercise significant influence over the Council in making financial and operating decisions. The related party entity is also any entity that is subject to common control with the Council. Related parties include: (a) Entities that directly or indirectly through one or more intermediaries, contro l or are controlled by the Council; (b) Associates being entities over which the Council has significant influence (c) Individuals that have significant influence over the Council, and close members of the family of any such individual; (d) Key management personnel and close members of the family of key management personnel; and (e) Entities in which a substantial ownership interest is held, directly or indirectly, by any person described in (c) or (d), or over which such a person is able to exercise significant influence.|https://www.kafuecouncil.gov.zm/?page_id=195|Financial statements 2022|2026-09-11
document_page|kafue_2022_financial_statements_page_0020|kafue_2022_financial_statements.pdf|Financial statements 2022|20|KAFUE TOWN COUNCIL FINANCIAL STATEMENTS FOR THE YEAR ENDED 31ST DECEMBER 2022 19 SUMMARY OF SIGNIFICANT ACCOUNTING POLICIES The key management personnel of the Council are: (a) the Mayor/Chairperson, elected councillors, co-opted members of the Audit and Procurement Committees, Chiefs who are part of the Council representing other Chiefs in the district, and (b) The Principal Officers and Chief Officers. Spouses, children and grandchildren, grandparents, brothers, sisters, parents in law, brothers in law, and sisters in law of key management personnel are related parties to the Local Authority The Council discloses the nature of the related party relationship as well as information about those transactions and outstanding balances as a note to the financial statements. Such transactions may include r emuneration, loans and contracts awarded to key management personnel and their close relatives. v. External Assistance External assistance comprises loans and grants from multilateral and bilateral agencies provided under agreements specifying the purposes for which the assistance will be utilized. Kafue Town Council discloses total external assistance received in cash during the pe riod, total external assistance paid by the agencies for the benefit of the council, external assistance received in form of loans and grants, their classifications, purposes for which it was received and undrawn balances. vi. Payments to Third Parties Third party payments also known as direct payments are those that are made by third parties to construct or acquire property, plant and equipment and or pay for services on behalf of Kafue Town Council. These do not constitute cash receipts and payments by the Council. They include payments for goods and services made by multilateral and bilateral aid agencies and non - governmental organizations and are included in the disclosures of external assistance.|https://www.kafuecouncil.gov.zm/?page_id=195|Financial statements 2022|2026-09-11
document_page|kafue_2022_financial_statements_page_0021|kafue_2022_financial_statements.pdf|Financial statements 2022|21|KAFUE TOWN COUNCIL FINANCIAL STATEMENTS FOR THE YEAR ENDED 31ST DECEMBER 2022 20 NOTES TO THE FINANCIAL STATEMENTS 2. Local Taxes During the year, the Council generated local tax cash receipts as follows: Local Tax Type 2022 2021 Kwacha Kwacha Residential Rates 1,708,110 1,035,478 Industrial / Commercial Rates 2,014,907 1,603,251 Mining Rates - Personal Levy 139,305 136,730 - - TOTAL 3,862,322 2,775,459 The Council relied on the 2009 -2014 Valuation Roll to de termine the property rates receivable. As at 31st December 2022 the updated 2018 Valuation Roll had not yet been awarded. 3. Fees and Charges The Council generated cash receipts in form of fees and charges arising from offering various services as follows. 2022 2021 Kwacha Kwacha Fees and charges 3,985,110 6,732,709 Land Development Charges 3,040,612 6,848,333 Total 7,025,722 13,581,042 .|https://www.kafuecouncil.gov.zm/?page_id=195|Financial statements 2022|2026-09-11
document_page|kafue_2022_financial_statements_page_0022|kafue_2022_financial_statements.pdf|Financial statements 2022|22|KAFUE TOWN COUNCIL FINANCIAL STATEMENTS FOR THE YEAR ENDED 31ST DECEMBER 2022 21 NOTES TO THE FINANCIAL STATEMENTS a. Fees and charges The Council generated the following fees: Fees and Charges Type 2022 2021 Kwacha Kwacha Consent fees 49,000 15,600 Survey fees 240,993 419,504 Building & Other inspection-fees 253,690 338,505 Plans scrutiny fee 253,640 390,137 Container/Ntemba fees - 5,165 Rent/lease of Council Properties 196,597 157,046 Application forms fees 97,760 248,991 Rentals from houses - 30,000 Search fees 8,125 9,790 Notice board advert fees 28,600 4,150 Market fees 138,162 582,939 Parking fees - 4,219 Bus station fees 38,719 76,573 Affidavit fees 1,400 1,085 Hire of hall 13,500 19,591 Hire of chairs 0 1,022 Hire of grounds/stadia 11,000 350 Refuse disposal fees 192,770 54,046 exibitions for commercial and non commercial 1,500 - Library membership fees 2,145 2,062 Notice of marriage fees 136,930 115,019 Registration of clubs and societies 101,910 19,900 Toilet fees 101,522 53,105 Farm produce levy 128,489 539,976 Communication mast levy 135,000 240,000 Ilegal Parking of vehicles 1,750 Land record to Occupancy licence 673,358 852 Billboards and banners 208,000 210,305 Lease of council transport & Other council equipment 3,100 - Penalties 92,360 97,914 Lodging fees - 89,005 Ground Rent 61,792 886,605 Change of ownership of plot 399,430 611,938 Other Fees and Charges/other income 413,868 1,507,315 TOTAL 3,985,110 6,732,709|https://www.kafuecouncil.gov.zm/?page_id=195|Financial statements 2022|2026-09-11
document_page|kafue_2022_financial_statements_page_0023|kafue_2022_financial_statements.pdf|Financial statements 2022|23|KAFUE TOWN COUNCIL FINANCIAL STATEMENTS FOR THE YEAR ENDED 31ST DECEMBER 2022 22 NOTES TO THE FINANCIAL STATEMENTS b. Land Development Charges The Council collected the following land development related charges: Charges Type 2022 2021 Kwacha Kwacha Service charges - Residential Plots 2,387,223 6,684,729 Service charges - Industrial plots 600,000 163,604 Other Charges 53,389 TOTAL 3,040,612 6,848,333 4. Licences A total of K3,265,733 cash receipts was raised from issuance of various licences. Licence Type 2022 2021 Kwacha Kwacha Retail licence 1,367,054 145,312 Wholesale licence 15,663 22,378 Occupancy licence 1,203,716 2,555,222 Hawkers licence - 175 Peddlers licence - 100 Stall licence 334 334 Liquor licence 40,868 86,569 Firearm and ammunition licence 27,000 82,200 Petroleum licence 570,700 223,935 Restaurant licence 39,648 48,797 Dog licence 750 1,900 Other licences - 1,125,465 TOTAL 3,265,733 4,292,387|https://www.kafuecouncil.gov.zm/?page_id=195|Financial statements 2022|2026-09-11
document_page|kafue_2022_financial_statements_page_0024|kafue_2022_financial_statements.pdf|Financial statements 2022|24|KAFUE TOWN COUNCIL FINANCIAL STATEMENTS FOR THE YEAR ENDED 31ST DECEMBER 2022 23 NOTES TO THE FINANCIAL STATEMENTS 5. Levies The Council generated cash receipts by charging levies as follows: Type of Levy 2022 2021 Kwacha Kwacha Livestock Levy 4,485 4,152 Bird Levy 48 7 Fish Levy 167,499 383,226 Pole Levy - 392 Charcoal Levy - 1,485 Sand Levy 628,686 1,215,995 Business Levy - - Opaque Beer Levy 3,500 3,500 Miscellaneous levies 30,592 16,143 TOTAL 834,810 1,624,899 6. Permits The Council generated cash receipts from issuing various permits as follows: Type of Permit 2022 2021 Kwacha Kwacha Health Permit 1,063,831 621,768 Herbalist Permit - 50 Opaque beer - - Fire Certificates 970,825 834,960 Nursery, Pre School - - Burial Permits and Grave sites 89,790 138,796 Public permits 13,050 630 Extension of Business hours 14,581 600 Other Permits 7,250 45,796 TOTAL 2,159,327 1,642,600|https://www.kafuecouncil.gov.zm/?page_id=195|Financial statements 2022|2026-09-11
document_page|kafue_2022_financial_statements_page_0025|kafue_2022_financial_statements.pdf|Financial statements 2022|25|KAFUE TOWN COUNCIL FINANCIAL STATEMENTS FOR THE YEAR ENDED 31ST DECEMBER 2022 24 NOTES TO THE FINANCIAL STATEMENTS 7. Local Government Equalization Fund a. Funding 2022 2021 Kwacha Kwacha 1st Funding(January) 1,137,902 1,070,316 2nd Funding(February) 1,052,327 1,115,081 3rd Funding(March) 1,080,554 1,113,337 4th Funding(April) 448,750 1,153,337 5th Funding(May) 603,576 1,111,902 6th Funding(July) 1,077,360 1,121,902 7th Funding(July) 1,088,360 1,119,744 8th Funding(August) 1,115,677 1,126,954 9th Funding(September) 1,093,820 1,118,182 10th Funding(October) 1,093,820 1,161,902 11th Funding(November) 1,047,311 1,160,476 12th Funding(December) 1,080,979 1,160,477 TOTAL 11,920,437 13,533,609 b. Operational Expenditure The Council applied amounts totalling K 11,851,805 of LGEF receipts towards meeting operational expenses representing 99% of the total LGEF f unding for the report ing period. Additionally, K1,572,690 was borrowed to meet operational costs. These expenses are included in the amounts disclosed in notes accompanying the Statement of Cash Receipts and Payments. c. Capital Expenditure The Council applied amounts totalling K2,384,811 of LGEF receipts towards meeting capital expenditure representing 20 % of the total LGEF funding for the reporting period. This expenditure is included in the amounts disclosed in notes accompanying the Statement of Cash Receipts and Payments.|https://www.kafuecouncil.gov.zm/?page_id=195|Financial statements 2022|2026-09-11
document_page|kafue_2022_financial_statements_page_0026|kafue_2022_financial_statements.pdf|Financial statements 2022|26|KAFUE TOWN COUNCIL FINANCIAL STATEMENTS FOR THE YEAR ENDED 31ST DECEMBER 2022 25 NOTES TO THE FINANCIAL STATEMENTS 8. Constituency Development Fund The various elements constituting Statement of Cash Receipts and Payments for CDF are analysed as follows: a) CDF Funding 2022 2021 Constituency Kwacha Kwacha Kafue 23,739,911 1,600,000 Total Funding 23,739,911 1,600,000 b) Other CDF Sources of Funding 2022 2021 Constituency Kwacha Kwacha Bank intrest earned 293,605 63,554 Sale of bids 27,750 Total 321,355 63,554 Other CDF sources of funding consisted interest earned on the amounts held in CDF bank accounts. c) Infrastructure Development 2022 2021 Constituency Kwacha Kwacha Construction of Primary schools 592,583 Construction of Secondary schools 33,290 - Rehabilitation of Roads - 123,090 Construction of Police post 6,936 - Procurement of Five HDPE 500Microns UV Treated pond Liner for fish ponds in Shantumbu 2,960 80,260 Construction of a bus Station 316,107 122,883 Construction of Clinics/Rural Health Posts 122,491 192,415 Construction of Staff houses - - Construction of Market Shelters 32,042 24,291 Construction of Culverts/Bridges 56,157 - Drilling of a borehole 50,265 - TOTAL 1,212,831 542,939 Infrastructure development works i ncluded construction of buildings, roads and drilling of a borehole.|https://www.kafuecouncil.gov.zm/?page_id=195|Financial statements 2022|2026-09-11
document_page|kafue_2022_financial_statements_page_0027|kafue_2022_financial_statements.pdf|Financial statements 2022|27|KAFUE TOWN COUNCIL FINANCIAL STATEMENTS FOR THE YEAR ENDED 31ST DECEMBER 2022 26 NOTES TO THE FINANCIAL STATEMENTS d) Rehabilitation Works 2022 2021 Constituency Kwacha Kwacha Rehabilitation of primary schools - - Rehabilitation of Feeder roads 158,754 - Total Rehabilitation payments 158,754 - Rehabilitation works included payments towards rehabilitation of feeder roads. e) Asset Acquisition 2022 2021 Constituency Kwacha Kwacha Kafue Purchase of motor vehicles - Equipment - Desks for Mungu Primary School 48,750 Procurement of motor Grader for CDF 744,930 Procurement of two boats for Chisakila ward 155,120 Branding of 2 new boarts 5,800 Total Asset Acquisition Payments 954,600 - f) BURSARIES SECONDARY SCHOOLS AND SKILL DEVELOPMENT 2022 2021 Constituency Kwacha Kwacha Kafue 549,584 - Total Asset Bursaries Payments 549,584 - g) Empowerment Grants Youth and Women 2022 2021 Constituency Kwacha Kwacha Youth Empowerment loans - - Women empowerment loans 1,837,640 - Community empowerment loans - - SMEs - - Total Empowerment Payments 1,837,640 -|https://www.kafuecouncil.gov.zm/?page_id=195|Financial statements 2022|2026-09-11
document_page|kafue_2022_financial_statements_page_0028|kafue_2022_financial_statements.pdf|Financial statements 2022|28|KAFUE TOWN COUNCIL FINANCIAL STATEMENTS FOR THE YEAR ENDED 31ST DECEMBER 2022 27 NOTES TO THE FINANCIAL STATEMENTS h) Empowerment Loans Youth and Women 2022 2021 Constituency Kwacha Kwacha Kafue - - Total Empowerment loans Payments - - i) Administrative Costs 2022 2021 Constituency Kwacha Kwacha Kafue Logistics for Meetings 597,188 - Fuels 64,283 - Bank Charges 1,200 - Staionery 112,289 - Other - 2,980 Total 774,960 2,980 j) Other Payments 2022 2021 Constituency Kwacha Kwacha Kafue - Transfer of interest earned on CDF - 33,743 - - - - - - Other - - Total - 33,743 9. Other grants During the year, the Council did not receive any grants: Revenue Source 2022 2021 Kwacha Kwacha Grants in Lieu of Rates - 150,000 Grants from Cooperating Partners . . Other - - TOTAL - 150,000|https://www.kafuecouncil.gov.zm/?page_id=195|Financial statements 2022|2026-09-11
document_page|kafue_2022_financial_statements_page_0029|kafue_2022_financial_statements.pdf|Financial statements 2022|29|KAFUE TOWN COUNCIL FINANCIAL STATEMENTS FOR THE YEAR ENDED 31ST DECEMBER 2022 28 NOTES TO THE FINANCIAL STATEMENTS 10. Borrowings During the period under review the Council did not make any borrowings except the renewal of the Bank overdraft held with Zanaco, Kafue Branch. 11. Council Commercial Venture The Council did not make any profit from the commercial venture during the period under review as it was not fully operational. (a) Inkanga Lodge 2022 2021 Kwacha Kwacha Reciepts Restaurant Sales Receipts - 10,156 Lodging receipts - 1,400 Food and beverages sales receipts - 18,904 Others - 70,256 Total - 100,716 Payments Restaurant purchaes - 6,600 Beer and beverages - 16,401 wages - - Others - 28,845 Total - 51,846 . . Surplus/Deficit - 48,870|https://www.kafuecouncil.gov.zm/?page_id=195|Financial statements 2022|2026-09-11
document_page|kafue_2022_financial_statements_page_0030|kafue_2022_financial_statements.pdf|Financial statements 2022|30|KAFUE TOWN COUNCIL FINANCIAL STATEMENTS FOR THE YEAR ENDED 31ST DECEMBER 2022 29 NOTES TO THE FINANCIAL STATEMENTS (b) Kafue Community Radio Station 2022 2021 Kwacha Kwacha Reciepts Radio Adverts - 70,635 Radio Programming - 144,700 Radio Preaching - 7,700 Radio Announcements - 1,140 Total - 224,175 Payments Subcription fees - 13,000 Electricity Charges - 6,000 Serving & Reparing - 3,630 Presenters fees - 14,200 Bank Charges - 1,620 Total - 38,450 . . Surplus/Deficit - 185,725 12. Other Receipts Other receipt amounting to K76,518 includes Donations and sale from Somap Shop. 2022 2021 Kwacha Kwacha Donations 37,600 14,709 Other Income 38,918 641,426 ECZ - 5,792,697 TOTAL 76,518 6,448,832|https://www.kafuecouncil.gov.zm/?page_id=195|Financial statements 2022|2026-09-11
document_page|kafue_2022_financial_statements_page_0031|kafue_2022_financial_statements.pdf|Financial statements 2022|31|KAFUE TOWN COUNCIL FINANCIAL STATEMENTS FOR THE YEAR ENDED 31ST DECEMBER 2022 30 NOTES TO THE FINANCIAL STATEMENTS 13. Personal Emoluments Personal Emoluments consist of actual amounts of salaries and wages paid to staff of the Council. The Council had categories of staff that were paid as follows: Grade 2022 2021 Kwacha Kwacha Salaries Division 1 3,236,784 2,685,410 Salaries Division 2 3,593,366 3,389,840 Salaries Division 3 4,646,596 3,843,293 Wages- Division 4 7,742,526 7,132,170 Other Allowances(Settling in & Leave travel) 407,253 259,704 NAPSA 753,379 1,125,931 Local authorities Superannuation Fund 167,931 249,030 Other Contributions (Madison & Nhima) 356,529 101,825 Union Contributions 3,500 - TOTAL 20,907,864 18,787,203 14. Use of Goods and Services Use of Good and services consist of expenditure incurred on administrative activities Expenditure Type 2022 2021 Kwacha Kwacha Office Running Costs 543,173 592,818 Building, Repair and Maintenance Costs 535,600 1,058,478 Plant, Machinery and Vehicle Running and Maintenance Cost 1,576,640 1,805,784 Other Administrative operating costs 2,304,255 1,461,093 Requisites 369,246 439,074 Services 1,085,741 1,844,359 Travel expenses 1,446,346 902,880 Training 10,524 117,061 Medical costs - 7,202 Other costs - - Registration & Subcription 145,585 81,479 Legal Costs 50,000 80,000 TOTAL 8,067,111 8,390,228|https://www.kafuecouncil.gov.zm/?page_id=195|Financial statements 2022|2026-09-11
document_page|kafue_2022_financial_statements_page_0032|kafue_2022_financial_statements.pdf|Financial statements 2022|32|KAFUE TOWN COUNCIL FINANCIAL STATEMENTS FOR THE YEAR ENDED 31ST DECEMBER 2022 31 NOTES TO THE FINANCIAL STATEMENTS 15. Financial Charges The Council did not pay any financial charges during the year under review. 2022 2021 Kwacha Kwacha Zanaco Plc 354,827 Other Interest - - TOTAL - 354,827 16. Social Benefits During the period under review the Council did not spend anything towards Social benefits. 17. Non-financial Asset Acquisition Acquisition of assets involved the following payments: 2022 2021 Kwacha Kwacha Construction of various Infrastracture 1,834,405 972,116 Fixture and Fittings - - Purchase of computer perpherials and Equipments - - Office Equipments 165,818 283,539 Office Furniture 39,870 204,021 Rehabilitation Works - - Purchase of Computer software 38,068 40,052 Purchase of Motor Vehicle 1,767,000 - Other Machinary and Equipments 954,600 146,575 TOTAL 4,799,761 1,646,303 2022 2021 Kwacha Kwacha Social Benefit - 14,750 TOTAL - 14,750|https://www.kafuecouncil.gov.zm/?page_id=195|Financial statements 2022|2026-09-11
document_page|kafue_2022_financial_statements_page_0033|kafue_2022_financial_statements.pdf|Financial statements 2022|33|KAFUE TOWN COUNCIL FINANCIAL STATEMENTS FOR THE YEAR ENDED 31ST DECEMBER 2022 32 NOTES TO THE FINANCIAL STATEMENTS 18. Financial Assets The Council did not acquire financial assets during the period. 2022 2021 Kwacha Kwacha Purchase of Long term investments - - Collections from debtors - Other financial asset acquisition - - TOTAL - - 19. Loan Repayments The Council did not make any Loan repayment during the period under review: 20. Other Payments Other payments amounting to K5,954,794 relate to the following items. 2022 2021 Kwacha Kwacha Subriptions - - Legal Costs - - Staff debtors - - Zulawu 105,337 18,872 Others(Madison Insurance & NHIS) - 245,724 Domestic creditors - - Zambia Revenue Authority - - National Pension Scheme Authority 103,632 139,864 Local Authorities Superannuation Fund - 177,917 Staff creditors - Terminal Benefits 1,795,187 889,517 Salary Arrears 40,000 226,171 Leave Travel Benefits 57,951 98,275 Other Accrued Expenses 3,852,687 3,931,566 ECZ - 5,792,697 TOTAL 5,954,794 11,520,600|https://www.kafuecouncil.gov.zm/?page_id=195|Financial statements 2022|2026-09-11
document_page|kafue_2022_financial_statements_page_0034|kafue_2022_financial_statements.pdf|Financial statements 2022|34|KAFUE TOWN COUNCIL FINANCIAL STATEMENTS FOR THE YEAR ENDED 31ST DECEMBER 2022 33 NOTES TO THE FINANCIAL STATEMENTS 21. Foreign Exchange Losses There were no foreign exchange transaction the year. 22. Cash Balances The Council’s Cash amounts consisted of cash on hand and demand deposits. 2022 2021 Kwacha Kwacha Cash on hand - 2,150 Demand Deposits 21,381,059 7,902,303 Cash equivalents - - TOTAL 21,381,059 7,904,453 a. Cash on hand The Council’s cash on demand was made of cash collections and petty cash: 2022 2021 Kwacha Kwacha Cash collections undeposited - - Petty Cash - - TOTAL - - b. Demand Deposits – Bank Balances The Council had the following reconciled bank account balances as at the 31 st December 2022:|https://www.kafuecouncil.gov.zm/?page_id=195|Financial statements 2022|2026-09-11
document_page|kafue_2022_financial_statements_page_0035|kafue_2022_financial_statements.pdf|Financial statements 2022|35|KAFUE TOWN COUNCIL FINANCIAL STATEMENTS FOR THE YEAR ENDED 31ST DECEMBER 2022 34 NOTES TO THE FINANCIAL STATEMENTS Account Name Account No 2022 2021 Kwacha Kwacha District Fund A/c Zanaco -0023711300190 248,817 519,289 Salaries A/c Zanco -0023964300139 (1,096,050) 1,590,959- Capital Fund A/C Zanaco -0023712300102 473,496 2,789,676 Development A/C Zanaco -0246940300187 133,801- 701,455 Investment Indo A/C Indo Zambia -027020000011 78,110 148,370 Investment Zanaco A/C Zanaco-0604210300164 33,999 629,631 Bus A/c Zanaco-0023713300111 3,219- 99,186 Land agency Indo Zambia -027020000015 146,028 154,303 CDF Main Zanaco-0250618300115 20,757,821 2,926,224 CDF Revolving Fund Indo 741,300 Kafue Fire Zanaco-0023711300493 65,732 587,897 Chiefs Affairs A/C 229 - NRWSS Zanaco-001037783300108 400 725,598 NRWSS Community Zanaco-001711767300166 44,090 25,907 Community Radio Station Zanaco-005772776500195 24,108 185,725 TOTAL 21,381,059 7,902,303 23. Budget Adjustments and Variances a. Budget Adjustments The original budget was approved on 21st February, 2022 by the Minister responsible for Local Government and no adjustment were made.  Local Taxes The Council planned to generate K16,141,381 from Local taxes but only collected K3,862,322 resulting in a variance K12,279,059 representing 76%. The variance was due to challenges in the valuation roll arising from data inconsistences. This made it difficult in locating properties and property owners hence most of the bills were not distributed.  Fees and Charges The Counci l planned to collect K17,255,420 from fees and charges b ut collected K7,025,722 resulting in a variance of K10,229,698 representing 59%. The variance is mainly attributed to fees charged for upgrading from land records to occupancy licences. Since 2021 everyone was required to only acquire occupancy licences and no was allowed to upgrade as was the case before, hence all fees und er this budget being reflected in occupancy licences and none and land record upgrading. The other factors contributing to the adverse variances are attributed to delay in commencing the programme of charging motorists parking fees in the CBD area and low compliance levels on payment for council market stalls.|https://www.kafuecouncil.gov.zm/?page_id=195|Financial statements 2022|2026-09-11
document_page|kafue_2022_financial_statements_page_0036|kafue_2022_financial_statements.pdf|Financial statements 2022|36|KAFUE TOWN COUNCIL FINANCIAL STATEMENTS FOR THE YEAR ENDED 31ST DECEMBER 2022 35  Levies The Council planned to collect K 2,430,356 from levies but collected K834,810 resulting in a variance of K1,595,546 representing 66%. The variance was due to lack of awareness on the NOTES TO THE FINANCIAL STATEMENTS party of the general citizens and business community need to pay for various council Levies. Council has however intensified the sensitization on the need to comply in terms of paying all council levies.  Permit The Council pla nned to collect K3,607,309 from levies but collected K2,1 59,327 resulting in a variance of K1,447,982 representing 40%. The variance was due to lack of awareness on the party of the general citizens and business community need to pay for various council pe rmits. Council has however intensified the sensitization on the need to comply in terms of pay ing all council permits.  Commercial Ventures The Council planned to generate K306,000 from commercial venture but did not collect anything resulting into a variance of K306,000 representing 100%. The variance is attributed to delay in operationalizing the council lodge, particularly the accommodation part which were being renovated and only partly became operational in the course of the year and also the Swimming pool whose construction of the modern bar and restraint has just commenced.  Other receipts The Council planned to receive K228,000 funds from ZESCO way leave however the council received K 76,518 resulting into an over collection of K151,482 representing 66%. The under collection is attributed to non-award of the contract by Zesco for wayleave.  Use of Goods and Services The Council planned to spend K51,247,865 on Use of Goods and S ervices but spent K8,067,111 resulting in a variance of K43,180,754 representing 84%. This variance was attributed to the fact that the expenditure was limited to the funds available owing to the challenges highlighted in revenue above.  Non-financial Asset Acquisition The Council budgeted to spend K 7,572,073 towards acquisition of non-current assets but spent K4,799,761 resulting in a variance of K 2,772,312 representing 37%. The adverse variance was mainly due to the Council not being able to collect enough resources that could accommodate procurement of Non-financial assets.  Other Payments The Council budgeted to spend K1,353,138 towards other payments but spent K 5,954,794 resulting in a variance of K4,601,656 representing 340%. The v ariance was mainly due to the Council settling outstanding payments.|https://www.kafuecouncil.gov.zm/?page_id=195|Financial statements 2022|2026-09-11
document_page|kafue_2022_financial_statements_page_0037|kafue_2022_financial_statements.pdf|Financial statements 2022|37|KAFUE TOWN COUNCIL FINANCIAL STATEMENTS FOR THE YEAR ENDED 31ST DECEMBER 2022 36 NOTES TO THE FINANCIAL STATEMENTS 24. Provision of Services The Town Council incurs expenditure to offering services it is mandated to provide to the residents of the District. Type of Services 2022 2021 Kwacha Kwacha Consultancy, Studies, Fees, Technical Assist Short Term 140,244 - Printing 17,065 Advertisement and Publicity 42,261 35,738 Public Functions and Ceremonies 242,697 96,473 Boards, Councils and Committees expenses 195,718 - Relief, Repatriation and Burial of Destitute 17,220 14,570 Community Welfare and Recreation 1,072,413 411,215 Land Demarcation and Survey 19,126 Valuation of properties 705,392 79,000 Labour Day Expenses and Awards 64,299 41,030 Cycle maintenance-Regravelling ,Resealing and General Road Maintenance65,915 98,673 Waste and Refuse Collection 19,828 Provision of fire services 5,600 Creation of Dump sites 40,000 10,000 Establishment and Maintenance of Street Lights and Traffic lights 89,613 8,450 Ward Development Fund 3,708 251,170 Drainage System - Other Services 653,079 750,991 3,332,558 1,858,929 Note: The above amounts have been included in the various payments re cognized in the Statement of Cash Receipts and Payments. 25. Property, Plant and Equipment The Council had property, plant and Equipment valued at K21,198,086.|https://www.kafuecouncil.gov.zm/?page_id=195|Financial statements 2022|2026-09-11
document_page|kafue_2022_financial_statements_page_0038|kafue_2022_financial_statements.pdf|Financial statements 2022|38|KAFUE TOWN COUNCIL FINANCIAL STATEMENTS FOR THE YEAR ENDED 31ST DECEMBER 2022 37 Land and Buildings Plant & Machinery Motor vehicles Office Equipment Fixtures & Fittings Intangible Assets TOTAL Kwacha Kwacha Kwacha Kwacha Kwacha Kwacha Kwacha Opening balance 6376025 2892785 4890721 1766488 415159 57147 16,398,325 Additions 1,834,405 954,600 1,767,000 243,756 - - 4,799,761 Revaluation - - - - - - - Re-classfication - - - - - - - Disposal - - - - - - - Closing balance 8,210,430 3,847,385 6,657,721 2,010,244 415,159 57,147 21,198,086 NOTES TO THE FINANCIAL STATEMENTS 26. Investments in Other Entities The Council did not hold shares in any other entities. 27. Administered Transactions The Council did not administer any transactions on behalf other entities. 28. Related Party Disclosures The following disclosures are made in the financial statements of Kafue Town Council: a. Fringe benefits Disclosures The Council Chairperson was provided with an office and personal secretary. b. Remuneration of the Councillors The aggregate remuneration of members of the Council and the number of individuals determined on a full-time equivalent basis receiving remuneration from Kafue Town Council are: Aggregate Remuneration K742,765 Number of persons 20 None of the councillors acquired loans from the Council during the period under review nor had any outstanding loans. c. Remuneration of Senior Management The aggregate remuneration of members of the Sen ior Management and the number of individuals determined on a full-time equivalent basis receiving remuneration from the Local Authority are: Aggregate Remuneration K1,602,112 Number of persons 11|https://www.kafuecouncil.gov.zm/?page_id=195|Financial statements 2022|2026-09-11
document_page|kafue_2022_financial_statements_page_0039|kafue_2022_financial_statements.pdf|Financial statements 2022|39|KAFUE TOWN COUNCIL FINANCIAL STATEMENTS FOR THE YEAR ENDED 31ST DECEMBER 2022 38 None of the members of senior management acquired loans from the Council during the period under review nor had any outstanding loans. 29. External Assistance The Council did not receive any amounts from External Assistant during the period under review. 30. Third Party Payments Kafue Town Council did not receive any money from third parties.|https://www.kafuecouncil.gov.zm/?page_id=195|Financial statements 2022|2026-09-11
document_page|kafue_2023_financial_statements_page_0001|kafue_2023_financial_statements.pdf|Financial statements 2023|1|KAFUE TOWN COUNCIL FINANCIAL STATEMENTS FOR THE YEAR ENDED 31 st DECEMBER 2023|https://www.kafuecouncil.gov.zm/?page_id=195|Financial statements 2023|2026-09-11
document_page|kafue_2023_financial_statements_page_0002|kafue_2023_financial_statements.pdf|Financial statements 2023|2|KAFUE TOWN COUNCIL FINANCIAL STATEMENTS FOR THE YEAR ENDED 31st DECEMBER 2023 1 TABLE OF CONTENTS PAGE Report of the Council 2-5 Statement of Responsibilities for Annual Financial Statements 7 Independent Auditor’s Report 8-10 Statement of Cash Receipts and Payments 11 Statement of Comparison of Budget and Actual Amounts 12 Statement of Cash Receipts and Payments for Local Government Equalization Fund 13 Statement of Cash Receipts and Payments for Constituency Development Fund 14 Summary of Significant Accounting Policies 15-20 Notes to the Financial Statements 21-38|https://www.kafuecouncil.gov.zm/?page_id=195|Financial statements 2023|2026-09-11
document_page|kafue_2023_financial_statements_page_0003|kafue_2023_financial_statements.pdf|Financial statements 2023|3|KAFUE TOWN COUNCIL FINANCIAL STATEMENTS FOR THE YEAR ENDED 31st DECEMBER 2023 2 REPORT OF THE COUNCIL The Council has the pleasure of presenting the report together with the financial statements for the year ended 31 st December 2023 which disclose the sources, utilization and balances of cash for Kafue Town Council during the period under review. Background and Location of the Council The Council’s administrative office is in Kafue Estates, Kasenje Ward of Kafue District in Lusaka Province. The district lies on the outskirts of Kafue River (the second longest river in the country after the Zambezi River) from where it draws its name. The district is about 434.2 km North of Livingstone City, the tourist capital of Zambia and 45 Km south of the Nation’s capital, Lusaka. It is a transit town bordering seven (7) districts, Chilanga and Lusaka on the Northern part, Chikankata and Chirundu on the southern part, Shibuyunji on the western part and Chongwe on the eastern part. It also serves as an entry and exit town to the Republic of Zimbabwe through Chirundu and Siavonga towns. Kafue District has a total area of 4,460 square kilometers (km²). The Census of Population undertaken by the Zambia Statistics Agency in 2022 revealed that the population of Kafue District had reached 219,574. The district has two (2) Chiefs namely Chiefteness Nkomesha Mukamambo the II and Chifteness Chiyaba. The history of Kafue Town can be traced to the extension of the Rhodesian Railway line into Livingstone town from Southern Rhodesia (present day Zimbabwe) in 1905. The extension continued beyond Livingstone and Kalomo going all the way to the Copperbelt towns. The railway line reached Kafue in 1906 and proceeded north to Kabwe in the following years where it was meant to aid the transportation of lead and zinc minerals. The railway line contributed greatly to the growth of Kafue town. Most of the earlier settlers of Kafue were pastoral farmers and fishermen. Many were drawn in the emerging economy as railway workers. With the development of the railway line, large tracts of the land along the railway line we re opened up for settlement by the British soldiers that had survived the First World War. In addition to Agricultural development, the establishment of a major railway station near Kafue River, became an important stopover to re -furbish the steam engines with water on the journey up or down the railway line. As a result, train crews, fishermen, drivers and other railway employees settled in Kafue as process of urbanization began. Kafue town continued growing such that by December 1964, Kafue Township Cou ncil was one of the twenty-three (23) local authorities in the country that constituted the membership of Local Government Association of Zambia (LGAZ), a mouth piece of local authorities. Despite this, the town was mostly considered part of Lusaka City. In 1970 Nitrogen Chemicals of Zambia was established to produce Ammonium Nitrate for making explosives which later added a sulphuric acid plant in 1983 and production of fertilizer. Kafue was home to one of the most popular textile companies in the Country , the Kafue textiles. The current civic centre housing the administrative centre of Kafue Town Council was inaugurated by Hon. Alexander Chikwanda, then Minister of Local Government, on the 23 rd of April 1976. At that time, Chilanga town was part of Kafue district until 2012 when it was separated and declared a district with its own Council. The Local Administration Act No. 15 of 1980 abolished City, Municipal and Township Councils and established District Councils and therefore Kafue Township Council became Kafue District Council. This|https://www.kafuecouncil.gov.zm/?page_id=195|Financial statements 2023|2026-09-11
document_page|kafue_2023_financial_statements_page_0004|kafue_2023_financial_statements.pdf|Financial statements 2023|4|KAFUE TOWN COUNCIL FINANCIAL STATEMENTS FOR THE YEAR ENDED 31st DECEMBER 2023 3 REPORT OF THE COUNCIL changed in 2016 when the Republican Constitution was amended resulting in change of district councils to town council, the name Kafue Town Council retains to date. The district currently boasts of th e second largest Multi Facility Economical Zone in Zambia in the Lusaka Multi Facility Economical Zone and the largest Steel manufacturing company in Zambia, Universal Mining & Chemical Industries Ltd that owns and operates the Kafue Steel factory. The address of the registered office of Kafue Town Council (KTC) is as follows: The Civic Centre Luangwa Drive P O Box 360021 KAFUE Composition of the Council Kafue Town Council is a body corporate established under Article 152 of the Constitution of Zambia (Amendment) Act No. 2 of 2016 and Section 6 of the Local Government Act No. 2 of 2019. As a Local Authority, the Town Council administers the Kafue Town. The Council is composed of an elected Council Chairperson, sixteen (16) elected Councillors from sixteen (16) Wards, and two (2) Chiefs as provided for under Article 153 (2)(c) of the Constitution of Zambia (Amendment) Act No. 2 of 2016. The current Council was elected into office in 2016 to serve a five-year term up to 2021. The Deputy Council Chairperson was elected from among the Councillors in 2016 for the period of two and half years.|https://www.kafuecouncil.gov.zm/?page_id=195|Financial statements 2023|2026-09-11
document_page|kafue_2023_financial_statements_page_0005|kafue_2023_financial_statements.pdf|Financial statements 2023|5|KAFUE TOWN COUNCIL FINANCIAL STATEMENTS FOR THE YEAR ENDED 31st DECEMBER 2023 4 REPORT OF THE COUNCIL The Councillors who held office during the year to December 2023 were; 1 Buumba Malambo Female Council Chairperson Not applicable 2 Justine Singoyi Male Vice Chairperson Kabweza 3 Katiyo D.Jones Male Councillor Chiawa 4 Ligitimate Malumbe Male Councillor Chikupi 5 Wise Mainza Male Councillor Magoma 6 John Mikaya Male Councillor Shimabala 7 Davyline Mwiinga Male Councillor Malundu 8 Borniface Chileshe Male Councillor Chifwema 9 Edwin S.Shabusale Male Councillor Kafue 10 Emmanual Moonga Miyanda Male Councillor Lukolongo 11 Modester Nyambe Male Councillor Shabusale 12 Comply Siamugala Male Councillor Chisakila 13 Kebby Sikangila Male Councillor Chisankane 14 David Sampa Male Councillor Kasenje 15 Paul Kajiye Male Councillor Chitende 16 Kelly Liwanga Male Councillor Mungu 17 Robby Berejena Male Councillor Kambale 18 Micheal Sinkala Male Councillor Matanda 19 Luvious Maiya Malikopo Male Councillor Shikoswe 20 Elizabeth Mulenje Female Councillor H.R.H Sr Chieftainess Nkomesha Mukamambo 21 Christine Eva Maambo Female Councillor H.R.H Sr Chieftainess Chiawa The District also has one (1) elected M ember of Parliament for Kafue constituency. The Member of Parliament that held office during the year was: S/N NAME GENDER CONSTITUENCY 1 Hon.Mirriam Chonya Female Kafue The affairs of Central Government in the district are coordinated by the District Commissioner. During the year under review Mr Maurice Hikapulwe was the District Commissioner. The Council Secretariat The Secretariat of Kafue Town Council is headed by the Council Secretary. The Council Secretary and the rest of the Secretariat are appointed by the Local Government Service Commission. The Council Secretary is assisted by four (4) Chief Officers responsible for Finance, Planning, Works and Human Resource and Administration and two (2) Heads of units namely Procurement and Internal Audit Functions of the Council The main funct ion of the Council is the delivery of local public goods and services to the people in the District and discharge all or any of the functions set out in Article 147 (2) (c) of the Constitution of Zambia (Amendments) Act No. 2 of 2016 and First Schedule of the Local Government Act No. 2 of 2019 which include, among others, power to make By -Laws, power to make regulations, imposition of levies, fees and charges and to formulate local policies to promote, guide and regulate development in the district through various relevant departments of the Council.|https://www.kafuecouncil.gov.zm/?page_id=195|Financial statements 2023|2026-09-11
document_page|kafue_2023_financial_statements_page_0006|kafue_2023_financial_statements.pdf|Financial statements 2023|6|KAFUE TOWN COUNCIL FINANCIAL STATEMENTS FOR THE YEAR ENDED 31st DECEMBER 2023 5 REPORT OF THE COUNCIL Financial Results 2023 2022 Kwacha Kwacha Cash Receipts 71,898,829 53,206,135 Payments 67,161,805 39,729,530 Increase in Cash and Cash Equivalents 4,737,024 13,476,605 Key Policies Adopted During the Year There no key policies that were adopted during the year under consideration. Related Party Transactions There were no related party transactions during the financial year. Property, Plant and Equipment The Council purchased property, plant and equipment amounting to K13,917,532.The total expenditure of K13,917,532 was incurred on Non Current Assets howeve r expenditure amounting to K9,347,276 was related to Constituency Development Funds projects such as Schools, Clinics and Police Station which were completed and handedover to respective Ministries. The balance of K4,570,256 was expenditure incurred on the Grader,Tipper Track,office Furniture and Office Equipment which are in the custodian of the Council. No property, plant and equipment were disposed of during the year. Intangible Assets There were no purchases of intangible assets during the year. Employees The average number of employees at the beginning of the year was 326 and at the end of the year was 372. The total amount spent on employees’ remuneration and welfare during the year was K23,004,746. Health and Safety of Employees The Council is aware of its responsibilities regarding the safety and health of employees as prescribed in the Occupational Health and Safety Act No. 36 of 2010 and took appropriate measures to safeguard their safety and health. Recreation The Council during the financial yea r incurred K1,435,511.36 towards sponsoring various sporting activities.|https://www.kafuecouncil.gov.zm/?page_id=195|Financial statements 2023|2026-09-11
document_page|kafue_2023_financial_statements_page_0007|kafue_2023_financial_statements.pdf|Financial statements 2023|7|KAFUE TOWN COUNCIL FINANCIAL STATEMENTS FOR THE YEAR ENDED 31st DECEMBER 2023 6|https://www.kafuecouncil.gov.zm/?page_id=195|Financial statements 2023|2026-09-11
document_page|kafue_2023_financial_statements_page_0008|kafue_2023_financial_statements.pdf|Financial statements 2023|8|KAFUE TOWN COUNCIL FINANCIAL STATEMENTS FOR THE YEAR ENDED 31st DECEMBER 2023 7|https://www.kafuecouncil.gov.zm/?page_id=195|Financial statements 2023|2026-09-11
document_page|kafue_2023_financial_statements_page_0009|kafue_2023_financial_statements.pdf|Financial statements 2023|9|KAFUE TOWN COUNCIL FINANCIAL STATEMENTS FOR THE YEAR ENDED 31st DECEMBER 2023 8|https://www.kafuecouncil.gov.zm/?page_id=195|Financial statements 2023|2026-09-11
document_page|kafue_2023_financial_statements_page_0010|kafue_2023_financial_statements.pdf|Financial statements 2023|10|KAFUE TOWN COUNCIL FINANCIAL STATEMENTS FOR THE YEAR ENDED 31st DECEMBER 2023 9|https://www.kafuecouncil.gov.zm/?page_id=195|Financial statements 2023|2026-09-11
document_page|kafue_2023_financial_statements_page_0011|kafue_2023_financial_statements.pdf|Financial statements 2023|11|KAFUE TOWN COUNCIL FINANCIAL STATEMENTS FOR THE YEAR ENDED 31st DECEMBER 2023 10|https://www.kafuecouncil.gov.zm/?page_id=195|Financial statements 2023|2026-09-11
document_page|kafue_2023_financial_statements_page_0012|kafue_2023_financial_statements.pdf|Financial statements 2023|12|KAFUE TOWN COUNCIL FINANCIAL STATEMENTS FOR THE YEAR ENDED 31st DECEMBER 2023 11|https://www.kafuecouncil.gov.zm/?page_id=195|Financial statements 2023|2026-09-11
document_page|kafue_2023_financial_statements_page_0013|kafue_2023_financial_statements.pdf|Financial statements 2023|13|KAFUE TOWN COUNCIL FINANCIAL STATEMENTS FOR THE YEAR ENDED 31st DECEMBER 2023 12 STATEMENT OF COMPARISON OF BUDGET AND ACTUAL AMOUNTS FOR THE YEAR ENDED 31st DECEMBER 2023 Kwacha Kwacha Kwacha Kwacha Kwacha RECEIPTS Local Taxes 12,737,216 - 12,737,216 10,227,532 80% (2,509,684) -20% Fees and Charges 15,407,567 - 15,407,567 9,660,148 63% (5,747,419) -37% Licences 3,441,621 - 3,441,621 3,149,826 92% (291,794) -8% Levies 3,314,332 - 3,314,332 1,035,255 31% (2,279,077) -69% Permits 3,939,972 - 3,939,972 3,348,590 85% (591,382) -15% Local Government Equalisation Fund 14,044,512 - 14,044,512 12,943,068 92% (1,101,444) -8% Constituency Development Fund 28,313,902 - 28,313,902 28,995,876 0% 681,974 2% Other Grants 150,000 - 150,000 2,453,922 0% 2,303,922 0% Borrowings - - 0% - 0% Commercial Venture 2,623,019 - 2,623,019 15,930 0% (2,607,090) -99% Other Receipts - - - 68,682 0% 68,682 0% TOTAL RECEIPTS 83,972,142 - 83,972,142 71,898,829 86% (12,073,312) -14% PAYMENTS Personal Emoluments 20,668,508 - 20,668,508 23,004,746 111% (2,336,239) -11% Use of Goods and Services 28,587,957 - 28,587,957 11,704,922 41% 16,883,035 59% Financial Charges - - - 0% - 0% Social Benefits 5,531,498 - 5,531,498 6,705,880 121% (1,174,382) -21% Non-Financial Assets Acquisition 18,138,918 - 18,138,918 13,917,532 77% 4,221,386 23% Financial Assets 3,227,785 - 3,227,785 5,269,075 163% (2,041,290) -63% Loan Repayments - - - 0% - 0% Other Payments 7,817,476 - 7,817,476 6,559,650 84% 1,257,826 16% TOTAL PAYMENTS 83,972,142 - 83,972,142 67,161,805 80% 16,810,336 20% Increase/(Decrease in Cash (0) - (0) 4,737,024 - The composition of budget adjustments and explanations of major variances are provided in Note 23|https://www.kafuecouncil.gov.zm/?page_id=195|Financial statements 2023|2026-09-11
document_page|kafue_2023_financial_statements_page_0014|kafue_2023_financial_statements.pdf|Financial statements 2023|14|KAFUE TOWN COUNCIL FINANCIAL STATEMENTS FOR THE YEAR ENDED 31st DECEMBER 2023 13 STATEMENT OF CASH RECEIPTS AND PAYMENTS FOR THE LOCAL GOVERNMENT EQUALISATION FUND (LGEF) FOR THE YEAR ENDED 31st DECEMBER 2023 2023 2022 Kwacha Kwacha RECEIPTS Funding 7(a) 12,943,067 11,920,437 Non-LGEF (Receipts) TOTAL RECEIPTS 12,943,067 11,920,437 PAYMENTS Operational Expenditure Payments: 7(b) Salaries and Wages 11,299,437 11,109,040 Terminal Benefits - - Utility bills - - Service Provision - - Goods and Services - - Administrative Costs - - Other Costs(Councillors Allowances) 720,000 742,765 Sub-Total 12,019,437 11,851,805 Capital Expenditure Payments: 7(c) Infrastructure Development 157,247 607,176 Rehabilitation Works 408,723 - Asset Acquisition - 1,767,000 Other Costs 2,955 10,635 Sub-Total 568,925 2,384,811 TOTAL PAYMENTS 12,588,361 14,236,616 Increase/(decrease) in cash 354,706 2,316,179- Cash at beginning of the year 473,496 2,789,675 Cash at the end of the year 828,202 473,496|https://www.kafuecouncil.gov.zm/?page_id=195|Financial statements 2023|2026-09-11
document_page|kafue_2023_financial_statements_page_0015|kafue_2023_financial_statements.pdf|Financial statements 2023|15|KAFUE TOWN COUNCIL FINANCIAL STATEMENTS FOR THE YEAR ENDED 31st DECEMBER 2023 14 STATEMENT OF CASH RECEIPTS AND PAYMENTS FOR THE CONSTITUENCY DEVELOPMENT FUND (CDF) FOR THE YEAR ENDED 31st DECEMBER 2023 Funding 8(a) 28,198,221 23,739,911 Other sources 8(b) 797,655 321,355 Infrastructure Development 8(c) 5,327,284 1,212,831 Rehabilitation Works 8(d) 2,903,917 158,754 Asset Acquisition 8(e) 4,483,086 954,600 Bursaries -Secondary & Skills 8(f) 4,536,080 549,584 Empowerment Grants 8(g) 2,169,800 1,837,640 Empowerment Loans 8(h) 5,267,800 - Administrative Costs 8(i) 1,597,251 2023 2022 Kwacha Kwacha RECEIPTS TOTAL RECEIPTS 28,995,876 24,061,266 PAYMENTS TOTAL PAYMENTS Increase/(decrease) in Cash 1,876,191 18,572,897 21,499,121 2,926,224 Cash at the end of the year 23,375,313 21,499,121 774,960 Other payments 8(j) - Disaster Contingency 8(k) 550,105 - 27,119,685 5,488,369 Cash at beginning of the year 284,362 Note 8 explains the composition and other details rel ating to the various elements included in this Statement.|https://www.kafuecouncil.gov.zm/?page_id=195|Financial statements 2023|2026-09-11
document_page|kafue_2023_financial_statements_page_0016|kafue_2023_financial_statements.pdf|Financial statements 2023|16|KAFUE TOWN COUNCIL FINANCIAL STATEMENTS FOR THE YEAR ENDED 31st DECEMBER 2023 15 SUMMARY OF SIGNIFICANT ACCOUNTING POLICIES 1. Basis of the Preparation of the Financial Statements The financial statements have been prepared in accordance with Cash Basis IPSAS, Financial Reporting under the Cash Basis of Accounting, issued by the International Public Sector Accounting Standards Board (IPSASB) and Local Authorities Accounting Policies (LAAPs). These financial statements have been prepared in accordance with the historical c ost convention as the basis of measurement, unless specified otherwise. The accounting policies have been applied consistently throughout the period. 1.1 Migration to Accrual Basis Financial Reporting Kafue Town Council is required, under the Local Government Act No. 2 of 2019 to produce Statement of Comprehensive Income and a Statement of Financial Position. The production of these statements entails adoption and application of Accrual Basis of Accounting in financial reporting. However, the Act does not spec ify which particular accrual basis of accounting to use. In applying Cash Basis of Accounting, the Council followed guidance listed below: (a) Cash Basis IPSAS, Financial Reporting under the Cash Basis of Accounting This standard provides that public sector entities adopting Accrual Basis for the first time may apply Cash Basis IPSAS provisions as an intermediate step to assist them in the transition to Accrual Basis IPSASs. In this vein, the Council has produced these financial statements under Cash Basis IPSAS as part of its transition to Accrual Basis of Accounting. (b) Accounting Pronouncement: 2018/3 – Applicability of International Public Sector Accounting Standards (IPSASs). This pronouncement issued by the Zambia Institute of Chartered Accountants (ZICA) pursuant to the Accountants Act No. 13 of 2008 requires the adoption of Accrual Basis of Accounting by public entities by 31 st December 2025. The Council is preparing to adopt Accrual Basis IPSASs on 1st January 2025. (c) Treasury and Financial Management C ircular No. 10 of 2019 issued by the Secretary to the Treasury pursuant to the Public Financial Management Act No. 1 of 2018. The Treasury and Financial Management Circular provides as follows: i. That in order to have a standard financial reporting framewor k, all Local Authorities should adopt the International Public Sector Accounting Standards (IPSASs) Cash Basis of Accounting as a first step in migration to IPSASs Accrual Basis of Accounting.|https://www.kafuecouncil.gov.zm/?page_id=195|Financial statements 2023|2026-09-11
document_page|kafue_2023_financial_statements_page_0017|kafue_2023_financial_statements.pdf|Financial statements 2023|17|KAFUE TOWN COUNCIL FINANCIAL STATEMENTS FOR THE YEAR ENDED 31st DECEMBER 2023 16 SUMMARY OF SIGNIFICANT ACCOUNTING POLICIES ii. Local Authoritie s shall use Part 2 of Cash Basis IPSAS which requires extra disclosures called ‘Encouraged Additional Disclosures’ in Cash Basis financial statements for the years ending 31st December 2019 up to 2024. iii. All Local Authorities shall adopt and apply Accrual Basis IPSAS of Accounting starting 1st January 2025 by following the guidelines provided in IPSAS 33 – “First Time Adoption of Accrual Basis IPSASs”. iv. That the three (3) year transition period provided under IPSAS 33 should commence on 1 st January 2022 and should end on 31 st December, 2024. Thereafter, all Local Authorities shall be required to comply fully with Accrual Basis IPSASs. Based on these guidelines, the Council has not yet commenced production of Accrual Basis financial statements required by the Local Government Act No. 2 of 2019. However, the Council has adopted Part 2 Cash Basis IPSAS, Financial Reporting under the Cash Basis of Accounting to help it transition its financial reporting to Accrual Basis IPSASs. 1.2 Reporting Entity The Financial Statements are prepared for Kafue Town Council (KTC). The financial statements encompass the Council as specified in the Constitution of Zambia (Amendment) Act No. 2 of 2016, the Local Government Act No. 2 of 2019, and the Public Finance Management Act No. 1 of 2018. It also includes projects and activities of the Constituency Development Fund and the Local Government Equalisation Fund in the district. 1.3 Authorisation Date The financial statements were authorized for issue …………………………….. by the Ordinary/Special Council. 1.4 Revenue Revenue is recognised when cash is received. It is generated from various sources as explained below: a. Local Taxes Article 161 of the Constitution of Zambia (Amendment) Act No. 2 of 2016 authorises Kafue Town Council as a Local Autho rity to levy, impose, recover and retain local taxes. Further, the Local Government Act No. 2 of 2019 section 25(1) prescribes, subject to the Constitution and the Business Regulatory Act No. 3 of 2014, a system of local taxes which Local Authorities can raise by passing by-laws imposing levies on:  Leviable persons owning or occupying property or premises situated within the area of the District;  Leviable persons carrying on a business, trade or occupation within the area of the District; or  The purchase or sale of a commodity within the area of the District.|https://www.kafuecouncil.gov.zm/?page_id=195|Financial statements 2023|2026-09-11
document_page|kafue_2023_financial_statements_page_0018|kafue_2023_financial_statements.pdf|Financial statements 2023|18|KAFUE TOWN COUNCIL FINANCIAL STATEMENTS FOR THE YEAR ENDED 31st DECEMBER 2023 17 SUMMARY OF SIGNIFICANT ACCOUNTING POLICIES b. Fees and Charges Section 27 (1) of the Local Government Act No. 2 of 2019 empowers Local Authorities, subject to the Business Regulatory Act No. 3 of 2014, to impose fees or charges payable to the Council:  For any license or permit issued under any regulation or by -law made under the Act. These may include health permits, fire certificate licences, burial permits and extension of business hours permits;  For any service or facility provided or goods or documents supplied by the local authority in pursuance of or in connection with the performance of any function of the local authority. These may include survey fees, consent fees, building inspection fees, wast e collection fees and parking fees. 1.5 Expenditure Expenditure is recognized when payment is made for expenses incurred. The Council incurs expenditure relating to the discharge of its functions which includes expenses relating to personal emoluments, use of goods and services, social benefits and acquisition of non-financial assets. Items of a capital nature are expensed at the time of payment and such transactions are depicted in the appropriate class and heading in the financial statements. Since capita l expenditure is expensed when incurred, neither depreciation nor amortization is charged on non-current assets. 1.6 Reporting on Gross Basis Transactions are reported on gross basis without netting off similar classes of receipts and payments. However, tra nsactions may be reported on net basis when they relate to transactions the Council administers on behalf of other entities recognised in the Financial Statements 1.7 Cash in hand at the Beginning and the End of the Year Cash at the beginning and end of the year consists of cash on hand, demand deposits and cash equivalents held at such dates. Cash on hand refers to notes and coins held by the Council at the reporting date and it includes petty cash and cash collections not yet deposited into bank accounts . Demand deposits consist of reconciled balances held in the Council’s bank accounts which it can use on demand. Cash equivalents, on the other hand, refer to short term high liquid investments that can easily be converted to known amounts of cash and are subject to insignificant risk of change in values. The Council recognises all short -term high liquid investments having maturities of three months or less as cash equivalents. 1.8 Local Government Equalization Fund Article 163(2) of the Constitution of Zambia (Amendment) Act No. 2 of 2016 provides that Parliament shall annually appropriate monies to the Local Government Equalization Fund which shall be disbursed by the Ministry responsible for finance to Local Authorities. Receipts under LGEF supplement revenue generated by the Council.|https://www.kafuecouncil.gov.zm/?page_id=195|Financial statements 2023|2026-09-11
document_page|kafue_2023_financial_statements_page_0019|kafue_2023_financial_statements.pdf|Financial statements 2023|19|KAFUE TOWN COUNCIL FINANCIAL STATEMENTS FOR THE YEAR ENDED 31st DECEMBER 2023 18 SUMMARY OF SIGNIFICANT ACCOUNTING POLICIES The Council uses at least 20% of the funds received from the equalization fund, in any financial year, to finance capital expenditure and the balance to meet operational expenses. 1.9 Constituency Development Fund The Constituency Development Fund (CDF) was established under Article 162(1) of the Constitution of Zambia (Amendment) Act No. 2 of 2016. The fund was set up to finance micro - community projects for poverty reduction in communi ties and it is financed by monies appropriated by Parliament. The administration of CDF is regulated by the Constituency Development Fund Act No. 11 of 2018. The Council maintains separate bank accounts for each constituency. Transfers are made from CDF into constituency bank accounts from which payments are made to finance approved CDF projects. 1.10 Other Grants These include grants in lieu of rates and support from Cooperating Partners. Grants in lieu of rates are paid by the Government to the Council to cover property rates of Government properties in the district. Support from Cooperating Partners may consist of cash receipts under bilateral and multilateral agreements. 1.11 Presentation Currency The presentation currency is Zambian Kwacha. 1.12 Foreign Currencies Transactions in other currencies are converted into Zambian Kwacha using the ruling Bank exchange rates at the time of payment. Balances expressed in foreign currencies at the year -end are translated into Kwacha at the ruling rate then. The resulting di fference from the conversion and translation are charged to the Statement of Cash Receipts and Payments. 1.13 Borrowings Borrowings comprise actual cash inflows received from financial institutions, bilateral and multilateral institutions. 1.14 Budgets and Actual Amounts A final budget includes all adjustments (supplementary and re -allocations) made to the original approved budget during the year. Supplementary budgets consist of additional provisions beyond what was originally approved while re-allocations are approved budget variations. The approved budget is developed on the same accounting and classification basis, and for the same period as for the financial statements. All material differences between final budgets and actual amounts are explained in th e notes to the annual financial statements. Budget differences of 20% and above are considered material.|https://www.kafuecouncil.gov.zm/?page_id=195|Financial statements 2023|2026-09-11
document_page|kafue_2023_financial_statements_page_0020|kafue_2023_financial_statements.pdf|Financial statements 2023|20|KAFUE TOWN COUNCIL FINANCIAL STATEMENTS FOR THE YEAR ENDED 31st DECEMBER 2023 19 SUMMARY OF SIGNIFICANT ACCOUNTING POLICIES 1.15 Encouraged Disclosures of Accrual Type of Items During the year, the Council adopted Part 2 of Cash Bas is IPSAS which provides extra Accrual Basis type of disclosures called Encouraged Additional Disclosures as follows: i. Property, Plant and Equipment These are assets that have useful economic lives or service potential of more than one year. They are recorde d and disclosed at either cost or valuation. Valuations are conducted by the Government Valuation Department and the Council’s own Valuation staff. Where valuation has been undertaken, the applicable valuation bases are as follows:  Land Current Value  Buildings Cost or Market Value  Plant and Equipment Cost ii. Investments in Other Entities The Council discloses the following details about its investments in other entities: (a) Name of the entity (b) Principal activity of the entity (c) Percentage of shareholding in the entity (d) Receipts in form of dividends and other returns on the investments iii. Administered Transactions Administered transactions are cash flows resulting from transactions administered by the Council as an agent of Central Government and any of its agenc ies. All cash collected in this manner is deposited into an account of the Central Government or its appropriate agent and such accounts are not controlled by the Council. The Council deems as part of cash under its control any collections made and adminis tered by the Council on behalf of the Central Government but are allowed to be deposited in any of its bank accounts prior to its transfer to the Central Government or any of its agents. iv. Related Party Transactions A related party is one that has the abil ity to control the Council or exercise significant influence over the Council in making financial and operating decisions. The related party entity is also any entity that is subject to common control with the Council. Related parties include: (a) Entities that directly or indirectly through one or more intermediaries, control or are controlled by the Council; (b) Associates being entities over which the Council has significant influence (c) Individuals that have significant influence over the Council, and close me mbers of the family of any such individual; (d) Key management personnel and close members of the family of key management personnel; and (e) Entities in which a substantial ownership interest is held, directly or indirectly, by any person described in (c) or (d), or over which such a person is able to exercise significant influence.|https://www.kafuecouncil.gov.zm/?page_id=195|Financial statements 2023|2026-09-11
document_page|kafue_2023_financial_statements_page_0021|kafue_2023_financial_statements.pdf|Financial statements 2023|21|KAFUE TOWN COUNCIL FINANCIAL STATEMENTS FOR THE YEAR ENDED 31st DECEMBER 2023 20 SUMMARY OF SIGNIFICANT ACCOUNTING POLICIES The key management personnel of the Council are: (a) the Mayor/Chairperson, elected councillors, co-opted members of the Audit and Procurement Committees, Chiefs who are part of the Council representing other Chiefs in the district, and (b) The Principal Officers and Chief Officers. Spouses, children and grandchildren, grandparents, brothers, sisters, parents in law, brothers in law, and sisters in law of key management personnel are related parties to the Local Authority The Council discloses the nature of the related party relationship as well as information about those transactions and outstanding balances as a note to the financial statements. Su ch transactions may include remuneration, loans and contracts awarded to key management personnel and their close relatives. v. External Assistance External assistance comprises loans and grants from multilateral and bilateral agencies provided under agreements specifying the purposes for which the assistance will be utilized. Kafue Town Council discloses total external assistance received in cash during the period, total external assistance paid by the agencies for the benefit of the council, external assistance received in form of loans and grants, their classifications, purposes for which it was received and undrawn balances. vi. Payments to Third Parties Third party payments also known as direct payments are those that are made by third parties to construct or acquire property, plant and equipment and or pay for services on behalf of Kafue Town Council. These do not constitute cash receipts and payments by the Council. They include payments for goods and services made by multilateral and bilateral aid agencie s and non - governmental organizations and are included in the disclosures of external assistance.|https://www.kafuecouncil.gov.zm/?page_id=195|Financial statements 2023|2026-09-11
document_page|kafue_2023_financial_statements_page_0022|kafue_2023_financial_statements.pdf|Financial statements 2023|22|KAFUE TOWN COUNCIL FINANCIAL STATEMENTS FOR THE YEAR ENDED 31st DECEMBER 2023 21 NOTES TO THE FINANCIAL STATEMENTS 2. Local Taxes During the year, the Council generated local tax cash receipts as follows: Local Tax Type 2023 2022 Kwacha Kwacha TOTAL 10,227,532 3,862,322 Residential Rates 2,989,187 1,708,110 Industrial / Commercial Rates 7,089,982 2,014,907 Mining Rates - - Personal Levy 148,363 139,305 - - The Council relied on the 2017 -2021 Valuation Roll to determine the property rates receivable. As at 31st December 2023 the updated 2022 Valuation Roll had not yet been approved. 3. Fees and Charges The Council generated cash receipts in form of fees and charges arising from offering various services as follows. 2023 2022 Kwacha Kwacha Fees and charges 3,725,465 3,985,110 Land Development Charges 5,934,683 3,040,612 Total 9,660,148 7,025,722 a. Fees and charges The Council generated the following fees:|https://www.kafuecouncil.gov.zm/?page_id=195|Financial statements 2023|2026-09-11
document_page|kafue_2023_financial_statements_page_0023|kafue_2023_financial_statements.pdf|Financial statements 2023|23|KAFUE TOWN COUNCIL FINANCIAL STATEMENTS FOR THE YEAR ENDED 31st DECEMBER 2023 22 NOTES TO THE FINANCIAL STATEMENTS Fees and Charges Type 2023 2022 Kwacha Kwacha Consent fees 22,375 49,000 Survey fees 83,000 240,993 Building & Other inspection-fees 140,200 253,690 Plans scrutiny fee 208,700 253,640 Change of Premise use 8,000 - Rent/lease of Council Properties 267,233 196,597 Application forms fees 105,220 97,760 Sketch Plan 200 - Search fees 21,600 8,125 Notice board advert fees - 28,600 Market fees 155,612 138,162 Bus station fees 73,644 38,719 Affidavit fees 1,175 1,400 Hire of hall 14,200 13,500 Body remains(Inspection fees) 1,850 - Hire of chairs 350 - Hire of grounds/stadia 13,915 11,000 Refuse disposal fees 281,556 192,770 exibitions for commercial and non commercial - 1,500 Library membership fees 3,202 2,145 Notice of marriage fees 137,203 136,930 Abattoir/meat inspection fees 70 - Registration of clubs and societies 55,910 101,910 Toilet fees 87,690 101,522 Farm produce levy 350,368 128,489 Communication mast levy 285,000 135,000 Ilegal Parking of vehicles - 1,750 Land record to Occupancy licence 650 673,358 Billboards and banners 163,108 208,000 Lease of council transport & Other council equipment - 3,100 Penalties 136,110 92,360 Ground Rent 547,828 61,792 Change of ownership of plot 234,800 399,430 Other Fees and Charges/other income 324,696 413,868 TOTAL 3,725,465 3,985,110|https://www.kafuecouncil.gov.zm/?page_id=195|Financial statements 2023|2026-09-11
document_page|kafue_2023_financial_statements_page_0024|kafue_2023_financial_statements.pdf|Financial statements 2023|24|KAFUE TOWN COUNCIL FINANCIAL STATEMENTS FOR THE YEAR ENDED 31st DECEMBER 2023 23 NOTES TO THE FINANCIAL STATEMENTS b. Land Development Charges The Council collected the following land development related charges: Charges Type 2023 2022 Kwacha Kwacha TOTAL 5,934,683 3,040,612 Service charges - Residential Plots Service charges - Industrial plots Other Charges 5,208,883 2,387,223 702,200 600,000 23,600 53,389 4. Licenses A total of K3,149,826 cash receipts was raised from issuance of various licences. 1,644,525 1,367,054 29,664 15,663 633,625 1,203,716 - - - - - 334 95,815 40,868 26,700 27,000 645,950 570,700 34,814 39,648 32,500 - 1,300 Licence Type 2023 2022 Kwacha Kwacha TOTAL 3,149,826 3,265,733 Retail licence Wholesale licence Occupancy licence 750 4,933 - Hawkers licence Peddlers licence Stall licence Liquor licence Firearm and ammunition licence Petroleum licence Restaurant licence Manufacturers Licences Dog licence Other licences|https://www.kafuecouncil.gov.zm/?page_id=195|Financial statements 2023|2026-09-11
document_page|kafue_2023_financial_statements_page_0025|kafue_2023_financial_statements.pdf|Financial statements 2023|25|KAFUE TOWN COUNCIL FINANCIAL STATEMENTS FOR THE YEAR ENDED 31st DECEMBER 2023 24 NOTES TO THE FINANCIAL STATEMENTS 5. Levies The Council generated cash receipts by charging levies as follows: Type of Levy 2023 2022 Kwacha Kwacha Livestock Levy 21,195 4,485 Bird Levy - 48 Fish Levy 59,164 167,499 Pole Levy - - Charcoal Levy - - Sand Levy 800,615 628,686 Business Levy 154,281 - Opaque Beer Levy - 3,500 Miscellaneous levies - 30,592 TOTAL 1,035,255 834,810 6. Permits The Council generated cash receipts from issuing various permits as follows: Type of Permit 2023 2022 Kwacha Kwacha Health Permit 1,746,787 1,063,831 Herbalist Permit 2,000 - Opaque beer - - Fire Certificates 1,464,638 970,825 Nursery, Pre School - - Burial Permits and Grave sites 107,685 89,790 Public permits 4,860 13,050 Extension of Business hours 7,750 14,581 Other Permits 14,870 7,250 TOTAL 3,348,590 2,159,327|https://www.kafuecouncil.gov.zm/?page_id=195|Financial statements 2023|2026-09-11
document_page|kafue_2023_financial_statements_page_0026|kafue_2023_financial_statements.pdf|Financial statements 2023|26|KAFUE TOWN COUNCIL FINANCIAL STATEMENTS FOR THE YEAR ENDED 31st DECEMBER 2023 25 NOTES TO THE FINANCIAL STATEMENTS 7. Local Government Equalization Fund a. Funding 2023 2022 Kwacha Kwacha 1st Funding(January) 1,082,623 1,137,902 2nd Funding(February) 1,082,623 1,052,327 3rd Funding(March) 1,042,070 1,080,554 4th Funding(April) 1,084,203 448,750 5th Funding(May) 1,090,501 603,576 6th Funding(July) 1,079,125 1,077,360 7th Funding(July) 1,086,787 1,088,360 8th Funding(August) 1,091,067 1,115,677 9th Funding(September) 1,091,067 1,093,820 10th Funding(October) 1,086,787 1,093,820 11th Funding(November) 1,042,699 1,047,311 12th Funding(December) 1,083,515 1,080,979 TOTAL 12,943,067 11,920,437 b. Operational Expenditure The Council applied amounts totalling K12,019,437 of LGEF receipts towards meeting operational expenses representing 87% of the total LGEF funding for the reporting period. Additionally, K1,448,279 was borrowed to meet operational costs. These expenses are included in the amounts disclosed in notes accompanying the Statement of Cash Receipts and Payments. c. Capital Expenditure The Council applied amounts totalling K568,925 of LGEF receipts towards meeting capital expenditure representing 4% of the total LGEF funding for the reporting period. This expenditure is included in the amounts disclo sed in notes accompanying the Statement of Cash Receipts and Payments.|https://www.kafuecouncil.gov.zm/?page_id=195|Financial statements 2023|2026-09-11
document_page|kafue_2023_financial_statements_page_0027|kafue_2023_financial_statements.pdf|Financial statements 2023|27|KAFUE TOWN COUNCIL FINANCIAL STATEMENTS FOR THE YEAR ENDED 31st DECEMBER 2023 26 NOTES TO THE FINANCIAL STATEMENTS 8. Constituency Development Fund The various elements constituting Statement of Cash Receipts and Payments for CDF are analysed as follows: a) CDF Funding 2023 2022 Constituency Kwacha Kwacha Kafue 28,198,221 23,739,911 Total Funding 28,198,221 23,739,911 b) Other CDF Sources of Funding 2023 2022 Constituency Kwacha Kwacha Total 797,655 321,355 Bank intrest earned 566,321 293,605 Loan repayment 231,334 27,750 Other CDF sources of funding consisted interest earned on the amounts held in CDF bank accounts. c) Infrastructure Development 2,035,071 592,583 Construction of Secondary schools - 33,290 Rehabilitation of Roads - - Construction of Police post 2,536,123 6,936 Procurement of Five HDPE 500Microns UV Treated pond Liner for fish ponds in Shantumbu - 2,960 Construction of a bus Station 2023 2022 Constituency Kwacha Kwacha TOTAL 5,327,284 1,212,831 Construction of Primary schools 73,739 316,107 Construction of Clinics/Rural Health Posts 378,243 122,491 Construction of Staff houses - - Construction of Market Shelters 6,000 32,042 Construction of Culverts/Bridges - 56,157 Drilling of a borehole 298,108 50,265 Infrastructure development works included construction of buildings, roads and drilling of a borehole.|https://www.kafuecouncil.gov.zm/?page_id=195|Financial statements 2023|2026-09-11
document_page|kafue_2023_financial_statements_page_0028|kafue_2023_financial_statements.pdf|Financial statements 2023|28|KAFUE TOWN COUNCIL FINANCIAL STATEMENTS FOR THE YEAR ENDED 31st DECEMBER 2023 27 NOTES TO THE FINANCIAL STATEMENTS d) Rehabilitation Works 2023 2022 Constituency Kwacha Kwacha Rehabilitation of primary schools - - Rehabilitation of Feeder roads 2,903,917 158,754 Total Rehabilitation payments 2,903,917 158,754 Rehabilitation works included payments towards rehabilitation of feeder roads. e) Asset Acquisition 2023 2022 Constituency Kwacha Kwacha Kafue Purchase of motor vehicles - - Equipment - - Furniture 183,820 48,750 Plant & Machinery 4,299,266 744,930 Procurement of two boats for Chisakila ward - 155,120 Branding of 2 new boarts - 5,800 Total Asset Acquisition Payments 4,483,086 954,600 f) Bursaries -Secondary Schools and Skill Development 2023 2022 Constituency Kwacha Kwacha Kafue 4,536,080 549,584 Total Asset Bursaries Payments 4,536,080 549,584 g) Empowerment Grants Youth and Women 2023 2022 Constituency Kwacha Kwacha Youth Empowerment - - Women empowerment 2,169,800 1,837,640 Community empowerment - - SMEs - - Total Empowerment Payments 2,169,800 1,837,640|https://www.kafuecouncil.gov.zm/?page_id=195|Financial statements 2023|2026-09-11
document_page|kafue_2023_financial_statements_page_0029|kafue_2023_financial_statements.pdf|Financial statements 2023|29|KAFUE TOWN COUNCIL FINANCIAL STATEMENTS FOR THE YEAR ENDED 31st DECEMBER 2023 28 NOTES TO THE FINANCIAL STATEMENTS h) Empowerment Loans Youth and Women 2023 2022 Constituency Kwacha Kwacha Kafue 5,267,800 - Total Empowerment loans Payments 5,267,800 - i) Administrative Costs Kafue Logistics for Meetings 165,933 597,188 Fuels 78,001 64,283 Monitoring of civil works 228,902 - Allowances 515,615 - Transport 32,024 - Office equipment 26,120 - Bank Charges 2023 2022 Constituency Kwacha Kwacha Total 1,597,251 774,960 179,531 1,200 Staionery 198,844 112,289 Other 172,281 - j) Other Payments 2023 2022 Constituency Kwacha Kwacha Kafue Transfer of interest earned on CDF 284,362 - k) Disaster Contingency 2023 2022 Constituency Kwacha Kwacha Kafue Others (Blown Roof) 550,105 - Total 550,105 -|https://www.kafuecouncil.gov.zm/?page_id=195|Financial statements 2023|2026-09-11
document_page|kafue_2023_financial_statements_page_0030|kafue_2023_financial_statements.pdf|Financial statements 2023|30|KAFUE TOWN COUNCIL FINANCIAL STATEMENTS FOR THE YEAR ENDED 31st DECEMBER 2023 29 NOTES TO THE FINANCIAL STATEMENTS 9. Other grants During the year, the Council did not receive any grants: Revenue Source 2023 2022 Kwacha Kwacha TOTAL 2,453,922 - Grants in Lieu of Rates 765,226 - - - Other 1,688,696 - Grants from Cooperating Partners 10. Borrowings During the period under review the Council did not make any borrowings. 11. Council Commercial Venture The Council made a surplus of K15,930 from the commercial venture during the period under review. (a) Inkanga Lodge Restaurant Sales Receipts 349,859 - Lodging receipts - - Food and beverages sales receipts - - Others 361 - Restaurant purchaes 344,020 2023 2022 Kwacha Kwacha Reciepts Total 350,220 - Payments Total 368,290 - Surplus/Deficit 15,930 - - Beer and beverages - - wages - - Others 24,270 - 33,999 - Cash at the Beginingof the year|https://www.kafuecouncil.gov.zm/?page_id=195|Financial statements 2023|2026-09-11
document_page|kafue_2023_financial_statements_page_0031|kafue_2023_financial_statements.pdf|Financial statements 2023|31|KAFUE TOWN COUNCIL FINANCIAL STATEMENTS FOR THE YEAR ENDED 31st DECEMBER 2023 30 NOTES TO THE FINANCIAL STATEMENTS 12. Other Receipts Other receipt amou nting to K68,682 includes Donations, Community contributions towards boreholes and utilised imprest. 2023 2022 Kwacha Kwacha Donations 5,460 37,600 Other Income 7,722 38,918 Retirement of Imprest 55,500 - TOTAL 68,682 76,518 13. Personal Emoluments Personal Emoluments consist of actual amounts of salaries and wages paid to staff of the Council. The Council had categories of staff that were paid as follows: Grade 2023 2022 Kwacha Kwacha Salaries Division 1 3,747,273 3,236,784 Salaries Division 2 5,579,937 3,593,366 Salaries Division 3 4,575,434 4,646,596 Wages- Division 4 8,217,024 7,742,526 Other Allowances(Settling in & Leave travel) 472,647 407,253 NAPSA - 753,379 Local authorities Superannuation Fund - 167,931 Other Contributions (Madison & Nhima) 412,432 356,529 Union Contributions - 3,500 TOTAL 23,004,746 20,907,864|https://www.kafuecouncil.gov.zm/?page_id=195|Financial statements 2023|2026-09-11
document_page|kafue_2023_financial_statements_page_0032|kafue_2023_financial_statements.pdf|Financial statements 2023|32|KAFUE TOWN COUNCIL FINANCIAL STATEMENTS FOR THE YEAR ENDED 31st DECEMBER 2023 31 NOTES TO THE FINANCIAL STATEMENTS 14. Use of Goods and Services Use of Good and services consist of expenditure incurred on administrative activities Expenditure Type 2023 2022 Kwacha Kwacha Office Running Costs 557,026 543,173 Building, Repair and Maintenance Costs 411,333 535,600 Plant, Machinery and Vehicle Running and Maintenance Cost 875,850 1,576,640 Other Administrative operating costs 1,191,652 2,304,255 Requisites 83,183 369,246 Services 6,678,436 1,085,741 Travel expenses 1,477,457 1,446,346 Training 428,301 10,524 Medical costs - - Other costs - - Registration & Subcription - 145,585 Legal Costs 1,683 50,000 TOTAL 11,704,922 8,067,111 15. Financial Charges The Council did not pay any financial charges during the year under review. 16. Social Benefits During the period under review the Council spend K6,705,880 towards Social benefits. 2023 2022 Kwacha Kwacha CDF Empowerment Grants 2,169,800 CDF Bursaries -Secondary & Skills 4,536,080 - TOTAL 6,705,880 -|https://www.kafuecouncil.gov.zm/?page_id=195|Financial statements 2023|2026-09-11
document_page|kafue_2023_financial_statements_page_0033|kafue_2023_financial_statements.pdf|Financial statements 2023|33|KAFUE TOWN COUNCIL FINANCIAL STATEMENTS FOR THE YEAR ENDED 31st DECEMBER 2023 32 NOTES TO THE FINANCIAL STATEMENTS 17. Non-financial Asset Acquisition Acquisition of assets involved the following payments: 2023 2022 Kwacha Kwacha Construction of various Infrastracture 6,011,263 1,834,405 Fixture and Fittings - - Purchase of computer perpherials and Equipments - - Office Equipments 87,170 165,818 Office Furniture 183,820 39,870 Rehabilitation Works 3,037,904 - Purchase of Computer software - 38,068 Boreholes, Pumps & Other Water Reticulation Material 298,108 1,767,000 Other Machinary and Equipments 4,299,266 954,600 TOTAL 13,917,532 4,799,761 18. Financial Assets The Council did acquire financial assets during the period under review. 2023 2022 Kwacha Kwacha Purchase of Long term investments Empowerment CDF Loans Other financial asset acquisition 1,275 - 5,267,800 - - - TOTAL 5,269,075 - 19. Loan Repayments The Council did not make any Loan repayment during the period under review:|https://www.kafuecouncil.gov.zm/?page_id=195|Financial statements 2023|2026-09-11
document_page|kafue_2023_financial_statements_page_0034|kafue_2023_financial_statements.pdf|Financial statements 2023|34|KAFUE TOWN COUNCIL FINANCIAL STATEMENTS FOR THE YEAR ENDED 31st DECEMBER 2023 33 NOTES TO THE FINANCIAL STATEMENTS 20. Other Payments Other payments amounting to K6,559,650 relate to the following items. Kwacha Kwacha Subriptions - - Legal Costs - - Staff debtors - - Zulawu 145,000 105,337 Others(Madison Insurance & NHIS) - - Domestic creditors - - Zambia Revenue Authority 60,000 - National Pension Scheme Authority 2,747 103,632 Local Authorities Superannuation Fund - - Staff creditors - - Terminal Benefits 2,002,421 1,795,187 Salary Arrears - 40,000 Leave Travel Benefits - 57,951 Other Accrued Expenses 4,349,482 3,852,687 ECZ - - TOTAL 6,559,650 5,954,794 21. Foreign Exchange Losses There was no foreign exchange transaction the year. 22. Cash Balances The Council’s Cash amounts consisted of cash on hand and demand deposits. 2023 2022 Kwacha Kwacha Cash on hand - - Demand Deposits 26,118,083 21,381,059 Cash equivalents - - TOTAL 26,118,083 21,381,059|https://www.kafuecouncil.gov.zm/?page_id=195|Financial statements 2023|2026-09-11
document_page|kafue_2023_financial_statements_page_0035|kafue_2023_financial_statements.pdf|Financial statements 2023|35|KAFUE TOWN COUNCIL FINANCIAL STATEMENTS FOR THE YEAR ENDED 31st DECEMBER 2023 34 NOTES TO THE FINANCIAL STATEMENTS a. Cash on hand The Council had no cash on hand at the end of the year. b. Demand Deposits – Bank Balances The Council had the following reconciled bank account balances as at the 31 st December 2023: Account Name Account No 2023 2022 Kwacha Kwacha District Fund A/c Zanaco -0023711300190 332,501 248,817 Salaries A/c Zanco -0023964300139 270,442 1,096,050- Capital Fund A/C Zanaco -0023712300102 2,134 473,496 Development A/C Zanaco -0246940300187 509 133,801- Investment Indo A/C Indo Zambia -027020000011 6,993 78,110 Investment Zanaco A/C Zanaco-0604210300164 15,930 33,999 Bus A/c Zanaco-0023713300111 989,836 3,219- Land agency Indo Zambia -027020000015 350 146,028 CDF Main Zanaco-0250618300115 22,112,174 20,757,821 CDF Revolving Fund Indo-0270200000026 1,263,139 741,300 Kafue Fire Zanaco-0023711300493 190,119 65,732 Chiefs Affairs A/C Zanaco-1708394500133 - 229 NRWSS Zanaco-001037783300108 46,791 400 NRWSS Community Zanaco-001711767300166 39,389 44,090 Community Radio Station Zanaco-005772776500195 12,167 24,108 Capital Indo Indo-0272020000012 828,202 - KFW Basket Zanaco-5338919300255 7,406 - TOTAL 26,118,083 21,381,059 23. Budget Adjustments and Variances a. Budget Adjustments The original budget was approved on 2 nd March, 2023 by the Minister responsible for Local Government and no adjustment were made.  Local Taxes The Council planned to generate K12,737,216 from Local taxes but only collec ted K10,227,532 resulting in a variance K2, 509,684 representing 20%. The variance was due to challenges in the valuation roll arising from data inconsistences. This made it difficult in locating properties and property owners hence most of the bills were not distributed.|https://www.kafuecouncil.gov.zm/?page_id=195|Financial statements 2023|2026-09-11
document_page|kafue_2023_financial_statements_page_0036|kafue_2023_financial_statements.pdf|Financial statements 2023|36|KAFUE TOWN COUNCIL FINANCIAL STATEMENTS FOR THE YEAR ENDED 31st DECEMBER 2023 35 NOTES TO THE FINANCIAL STATEMENTS  Fees and Charges The Council planned to collect K15,407,567 from fees and charges but collected K 9,660,148 resulting in a variance of K 5,747,419 representing 37%. The variance is mainly attributed to fees charged for upgrading from land records to occupancy licences. Since 2021 everyone was required to only acquire occupancy licences and was allowed to upgrade as was the case before, hence all fees under this budget being reflected in occupancy l icences and none land record upgrading. The other factors contributing to the adverse variances are attributed to delay in commencing the programme of charging motorists parking fees in the CBD area and low compliance levels on payment for council market stalls.  Levies The Council planned to collect K3,314,332 from levies but collected K1,035,255 resulting in a variance of K2, 279,077 representing 69%. The variance was as a result of Kafue fisheries which stopped fish farming at a large scale.  Other Grants The Council planned to collect K150,000 from other Grants but received K2, 453,922 resulting in a favorable variance of K2, 303,922 representing 1,536%.  Commercial Ventures The Council planned to generate K2, 623,019 from commercial venture but did co llect K 15,930 resulting into a variance of K 2,607,090 representing 100%. The variance is attributed to delay in operationalizing the council Commercial Ventures, which was being renovated.  Use of Goods and Services The Coun cil planned to spend K28,587 ,957 on Use of Goods and Services but spent K11,704,922 resulting in a variance of K 16,883,035 representing 59 %. This variance was attributed to the fact that the expenditure was limited to the funds available owing to the challenges highlighted in revenue above.  Non Financial Assets  The Council planned to spend K18,138,918 on Non Financial Assets but spent K 13,917,532 resulting in a variance of K 4,221,386 representing 23 %. This variance was att ributed to the length procurement procedures and limited resources for capital expenditure to be procured under own source revenue.  Social Benefits The Council planned to spend K5,531,498 on Social benefits but spent K6,705,880 resulting in a negative variance of K 1,174,382 representing 21%. This variance was attributed to the expenditure which was incurred in 2023 for the previous year’s funding.|https://www.kafuecouncil.gov.zm/?page_id=195|Financial statements 2023|2026-09-11
document_page|kafue_2023_financial_statements_page_0037|kafue_2023_financial_statements.pdf|Financial statements 2023|37|KAFUE TOWN COUNCIL FINANCIAL STATEMENTS FOR THE YEAR ENDED 31st DECEMBER 2023 36 NOTES TO THE FINANCIAL STATEMENTS  Financial Assets The Council planned to spend K3,227,785 on F inancial assets but spent K5,269,075 resulting in a negative var iance of K 2,041,290 representing 63%. This variance was attributed to the expenditure which was incurred in 2023 for the previous year’s funding. 24. Provision of Services The Town Council incurs expenditure to offering services it is mandated to provide to the residents of the district. Type of Services 2023 2022 Kwacha Kwacha Consultancy, Studies, Fees, Technical Assist Short Term - 140,244 Printing 10,024 - Official Entertainment 220,662 - Advertisement and Publicity - 42,261 Public Functions and Ceremonies 303,478 242,697 Boards, Councils and Committees expenses 140,837 195,718 Relief, Repatriation and Burial of Destitute 4,910 17,220 Community Welfare and Recreation 1,435,511 1,072,413 Land Demarcation and Survey 64,359 - Valuation of properties 657,270 705,392 Labour Day Expenses and Awards 29,782 64,299 Cycle maintenance-Regravelling ,Resealing and General Road Maintenance781,386 65,915 Conferences, Seminars and Workshops 82,950 - Waste and Refuse Collection 543,569 - Provision of fire services 90,256 - Creation of Dump sites - 40,000 Market Facility 269,280 - Establishment and Maintenance of Street Lights and Traffic lights15,324 89,613 Ward Development Fund - 3,708 Bank Charges 150,366 - Other Services 8,584,252 653,079 13,384,216 3,332,558 Note: The above amounts have been included in the various payments recognized in the Statement of Cash Receipts and Payments.|https://www.kafuecouncil.gov.zm/?page_id=195|Financial statements 2023|2026-09-11
document_page|kafue_2023_financial_statements_page_0038|kafue_2023_financial_statements.pdf|Financial statements 2023|38|KAFUE TOWN COUNCIL FINANCIAL STATEMENTS FOR THE YEAR ENDED 31st DECEMBER 2023 37 NOTES TO THE FINANCIAL STATEMENTS 25. Property, Plant and Equipment The Council had property, plant and Equipment valued at K25,768,342. Land and Buildings Plant & Machinery Motor vehicles Office Equipment Fixtures & Fittings Intangible Assets TOTAL Kwacha Kwacha Kwacha Kwacha Kwacha Kwacha Kwacha Opening balance 8210430 3847385 6657721 2010244 415159 57147 21,198,086 Additions 9,347,276 4,299,266 - 87,170 183,820 - 13,917,532 Revaluation - - - - - - - Re-classfication - - - - - - - Disposal 9,347,276- - - - - - 9,347,276- Closing balance 8,210,430 8,146,651 6,657,721 2,097,414 598,979 57,147 25,768,342 26. Investments in Other Entities The Council did not hold shares in any other entities. 27. Administered Transactions The Council did not administer any transactions on behalf other entities. 28. Related Party Disclosures The following disclosures are made in the financial statements of Kafue Town Council: a. Fringe benefits Disclosures The Council Chairperson was provided with an office and personal secretary. b. Remuneration of the Councillors The aggregate remuneration of members of the Council and the number of individuals determined on a full-time equivalent basis receiving remuneration from Kafue Town Council are: Aggregate Remuneration K720,000 Number of persons 20 None of the councillors acquired loans from the Council during the period under review nor had any outstanding loans. c. Remuneration of Senior Management The aggregate remuneration of members of the Senior Management and the number of individuals determined on a full-time equivalent basis receiving remuneration from the Local Authority are: Aggregate Remuneration K1,602,112 Number of persons 11|https://www.kafuecouncil.gov.zm/?page_id=195|Financial statements 2023|2026-09-11
document_page|kafue_2023_financial_statements_page_0039|kafue_2023_financial_statements.pdf|Financial statements 2023|39|KAFUE TOWN COUNCIL FINANCIAL STATEMENTS FOR THE YEAR ENDED 31st DECEMBER 2023 38 NOTES TO THE FINANCIAL STATEMENTS None of the members of senior management acqui red loans from the Council during the period under review nor had any outstanding loans. External Assistance 29. The Council did not receive any amounts from External Assistant during the period under review. 30. Third Party Payments Kafue Town Council did not receive any money from third parties.|https://www.kafuecouncil.gov.zm/?page_id=195|Financial statements 2023|2026-09-11
document_page|kafue_2024_financial_statements_page_0001|kafue_2024_financial_statements.pdf|Financial statements 2024|1|KAFUE TOWN COUNCIL ANNUAL FINANCIAL REPORT FOR THE YEAR ENDED 31 st DECEMBER 2024|https://www.kafuecouncil.gov.zm/?page_id=195|Financial statements 2024|2026-09-11
document_page|kafue_2024_financial_statements_page_0002|kafue_2024_financial_statements.pdf|Financial statements 2024|2|KAFUE T OWN COUNCIL ANNUAL FINANCIAL RE PO RT FO R T HE YE AR E NDE D 31st DE CE MBE R 2024 1 TABLE OF CONTENTS PAGE Report of the Council 2-6 Statement of Responsibilities for Annual Financial Statements 7 Independent Auditor’s Report 8-12 Statement of Cash Receipts and Payments 13 Statement of Comparison of Budget and Actual Amounts 14 Statement of Cash Receipts and Payments for Local Government Equalization Fund 15 Statement of Cash Receipts and Payments for Constituency Development Fund 16 Statement of Cash Receipts and Payment for Capital Grant 17 Statement of Cash Receipts and Payment for Sector Grant 18 Summary of Significant Accounting Policies 19-25 Notes to the Financial Statements 26-43|https://www.kafuecouncil.gov.zm/?page_id=195|Financial statements 2024|2026-09-11
document_page|kafue_2024_financial_statements_page_0003|kafue_2024_financial_statements.pdf|Financial statements 2024|3|KAFUE T OWN COUNCIL ANNUAL FINANCIAL RE PO RT FO R T HE YE AR E NDE D 31st DE CE MBE R 2024 2 REPORT OF THE COUNCIL The Council has the pleasure of presenting the report together with the financial statements for the year ended 31st December 2024 which disclose the sources, utilization and balances of cash for Kafue Town Council during the period under review. Background and Location of the Council The Council’s administrative office is in Kafue Estates, Kasenje Ward of Kafue District in Lusaka Province. The district lies on the outskirts of Kafue River (the second longest river in the country after the Zambezi River) from where it draws its name. The district is about 434.2 km North of Livingstone City, the tourist capital of Zambia and 45 Km south of the Nation’s capital, Lusaka. It is a transit town bordering seven (7) districts, Chilanga and Lusaka on the Northern part, Chikankata and Chirundu on the southern part, Shibuyunji on the western part and Chongwe on the eastern part. It also serves as an entry and exit town to the Republic of Zimbabwe through Chirundu and Siavonga towns. Kafue District has a total ar ea of 4,460 square kilometers (km²). The Census of Population undertaken by the Zambia Statistics Agency in 2022 revealed that the population of Kafue District had reached 219,574. The district has two (2) Chiefs namely Chiefteness Nkomesha Mukamambo the I I and Chifteness Chiyaba. The history of Kafue Town can be traced to the extension of the Rhodesian Railway line into Livingstone town from Southern Rhodesia (present day Zimbabwe) in 1905. The extension continued beyond Livingstone and Kalomo going all the way to the Copperbelt towns. The railway line reached Kafue in 1906 and proceeded north to Kabwe in the following years where it was meant to aid the transportation of lead and zinc minerals. The railway line contributed greatly to the growth of Kafue town. Most of the earlier settlers of Kafue were pastoral farmers and fishermen. Many were drawn in the emerging economy as railway workers. With the development of the railway line, large tracts of the land along the railway line were opened up for settleme nt by the British soldiers that had survived the First World War. In addition to Agricultural development, the establishment of a major railway station near Kafue River, became an important stopover to re -furbish the steam engines with water on the journey up or down the railway line. As a result, train crews, fishermen, drivers and other railway employees settled in Kafue as process of urbanization began. Kafue town continued growing such that by December 1964, Kafue Township Council was one of the twenty-three (23) local authorities in the country that constituted the membership of Local Government Association of Zambia (LGAZ), a mouth piece of local authorities. Despite this, the town was mostly considered part of Lusaka City. In 1970 Nitrogen Chemical s of Zambia was established to produce Ammonium Nitrate for making explosives which later added a sulphuric acid plant in 1983 and production of fertilizer. Kafue was home to one of the most popular textile companies in the Country, the Kafue textiles. The current civic centre housing the administrative centre of Kafue Town Council was inaugurated by Hon. Alexander Chikwanda, then Minister of Local Government, on the 23rd of April 1976. At that time, Chilanga town was part of Kafue district until 2012 when it was separated and declared a district with its own Council. The Local Administration Act No. 15 of 1980 abolished City, Municipal and Township Councils and established District Councils and therefore Kafue Township Council became Kafue District Council. This|https://www.kafuecouncil.gov.zm/?page_id=195|Financial statements 2024|2026-09-11
document_page|kafue_2024_financial_statements_page_0004|kafue_2024_financial_statements.pdf|Financial statements 2024|4|KAFUE T OWN COUNCIL ANNUAL FINANCIAL RE PO RT FO R T HE YE AR E NDE D 31st DE CE MBE R 2024 3 REPORT OF THE COUNCIL changed in 2016 when the Republican Constitution was amended resulting in change of district councils to town council, the name Kafue Town Council retains to date. The district currently boasts of the second largest Multi Fa cility Economical Zone in Zambia in the Lusaka Multi Facility Economical Zone and the largest Steel manufacturing company in Zambia, Universal Mining & Chemical Industries Ltd that owns and operates the Kafue Steel factory. The address of the registered office of Kafue Town Council (KTC) is as follows: The Civic Centre Luangwa Drive P O Box 360021 KAFUE Composition of the Council Kafue Town Council is a body corporate established under Article 152 of the Constitution of Zambia (Amendment) Act No. 2 of 2 016 and Section 6 of the Local Government Act No. 2 of 2019. As a Local Authority, the Town Council administers the Kafue Town. The Council is composed of an elected Council Chairperson, sixteen (16) elected Councillors from sixteen (16) Wards, and two (2 ) Chiefs as provided for under Article 153 (2)(c) of the Constitution of Zambia (Amendment) Act No. 2 of 2016. The current Council was elected into office in 2021 to serve a five-year term up to 202 6. The Deputy Council Chairperson was elected from among t he Councillors in 2023 for the period of two and half years.|https://www.kafuecouncil.gov.zm/?page_id=195|Financial statements 2024|2026-09-11
document_page|kafue_2024_financial_statements_page_0005|kafue_2024_financial_statements.pdf|Financial statements 2024|5|KAFUE T OWN COUNCIL ANNUAL FINANCIAL RE PO RT FO R T HE YE AR E NDE D 31st DE CE MBE R 2024 4 REPORT OF THE COUNCIL The Councillors who held office during the year to 31st December 2024 were; 1 Buumba Malambo Female Council Chairperson Not applicable 2 Luvious Maiya Malikopo Male Vice Chairperson Shikoswe 3 Katiyo D.Jones Male Councillor Chiawa 4 Ligitimate Malumbe Male Councillor Chikupi 5 Wise Mainza Male Councillor Magoma 6 John Mikaya Male Councillor Shimabala 7 Davyline Mwiinga Male Councillor Malundu 8 Borniface Chileshe Male Councillor Chifwema 9 Edwin S.Shabusale Male Councillor Kafue 10 Emmanual Moonga Miyanda Male Councillor Lukolongo 11 Modester Nyambe Male Councillor Shabusale 12 Comply Siamugala Male Councillor Chisakila 13 Kebby Sikangila Male Councillor Chisankane 14 David Sampa Male Councillor Kasenje 15 Paul Kajiye Male Councillor Chitende 16 Kelly Liwanga Male Councillor Mungu 17 Robby Berejena Male Councillor Kambale 18 Micheal Sinkala Male Councillor Matanda 19 Justine Singoyi Male Councillor Kabweza 20 Elizabeth Mulenje Female Councillor H.R.H Sr Chieftainess Nkomesha Mukamambo 21 Christine Eva Maambo Female Councillor H.R.H Sr Chieftainess Chiawa The District also has one (1) elected Member of Parliament for Kafue constituency. The Member of Parliament that held office during the year was: S/N NAME GENDER CONSTITUENCY 1 Hon.Mirriam Chonya Female Kafue The affairs of Central Government in the district are coordinated by the District Commissioner. During the year under review Mr Maurice Hikapulwe was the District Commissioner. The Council Secretariat The Secretariat of Kafue Town Council is headed by the Council Secretary. The Council Secretary and the rest of the Secretariat are appointed by the Local Government Service Commission. The Council Secretary is assisted by four (4) Chief Officers responsible for Finance, Planning, Works and Human Resource and Administration and two (2) Heads of units namely Procurement and Internal Audit Functions of the Council The main function of the Council i s the delivery of local public goods and services to the people in the District and discharge all or any of the functions set out in Article 147 (2) (c) of the Constitution of Zambia (Amendments) Act No. 2 of 2016 and First Schedule of the Local Government Act No. 2 of 2019 which include, among others, power to make By -Laws, power to make regulations, imposition of levies, fees and charges and to formulate local policies to promote, guide and regulate development in the district through various relevant departments of the Council.|https://www.kafuecouncil.gov.zm/?page_id=195|Financial statements 2024|2026-09-11
document_page|kafue_2024_financial_statements_page_0006|kafue_2024_financial_statements.pdf|Financial statements 2024|6|KAFUE T OWN COUNCIL ANNUAL FINANCIAL RE PO RT FO R T HE YE AR E NDE D 31st DE CE MBE R 2024 5 REPORT OF THE COUNCIL Financial Results 2024 2023 Kwacha Kwacha Cash Receipts 66,354,056 71,898,829 Payments 84,120,537 67,161,805 Increase in Cash and Cash Equivalents (17,766,481) 4,737,024 Key Policies Adopted During the Year There no key policies that were adopted during the year under consideration. Related Party Transactions There were no related party transactions during the financial year. Property, Plant and Equipment The Council purchased property, plant and equipment amounting to K19,729,859.The total expenditure of K19,729,859 was incurred on Non Current Assets however expe nditure amounting to K11,545,856 was related to Constituency Development Funds projects such as Schools, School Desks, Clinics and Police Station/Posts which were completed and handedover to respective Ministries. The balance of K8,184,003 was expenditure incurred on the Installation of Street Lights,Compactor,Water Bowser,office Furniture and Office Equipment which are in the custodian of the Council. Intangible Assets There were no purchases of intangible assets during the year. Employees The average number of employees at the beginning of the year was 326 and at the end of the year was 317. The total amount spent on employees’ remuneration and welfare during the year was K28,861,270.63. Health and Safety of Employees The Council is aware of its responsibilities regarding the safety and health of employees as prescribed in the Occupational Health and Safety Act No. 36 of 2010 and took appropriate measures to safeguard their safety and health. Recreation The Council during the financial yea r incurred K 1,183,719.71 towards sponsoring various sporting activities.|https://www.kafuecouncil.gov.zm/?page_id=195|Financial statements 2024|2026-09-11
document_page|kafue_2024_financial_statements_page_0007|kafue_2024_financial_statements.pdf|Financial statements 2024|7|KAFUE T OWN COUNCIL ANNUAL FINANCIAL RE PO RT FO R T HE YE AR E NDE D 31st DE CE MBE R 2024 6 REPORT OF THE COUNCIL Auditors In line with Article 250 of the Constitution of Zambia (Amendment) Act No. 2 of 2016 and Section 44(2) of the Local Government Act No. 2 of 2019, the Council is audited by the Auditor-General.|https://www.kafuecouncil.gov.zm/?page_id=195|Financial statements 2024|2026-09-11
document_page|kafue_2024_financial_statements_page_0008|kafue_2024_financial_statements.pdf|Financial statements 2024|8|KAFUE T OWN COUNCIL ANNUAL FINANCIAL RE PO RT FO R T HE YE AR E NDE D 31st DE CE MBE R 2024 7 STATEMENT OF RESPONSIBILITIES FOR ANNUAL FINANCIAL STATEMENTS The Kafue Town Council is responsible for preparing the financial statements for the year ended 31 st December 202 4 which are free from ma terial misstatement, whether due to fraud or error, and are prepared, in all material respects, in accordance with the Cash Basis International Public Sector Accounting Standard (IPSAS). In preparing the financial statements, the Council selected applicabl e policies from Local Authorities Accounting Policies (LAAPs) of October 2019 and then applied them consistently, making judgment and estimates that were reasonable and prudent. The Council is also responsible for the maintenance of adequate accounting re cords and the preparation and integrity of the annual financial statements and related information. The Auditor-General has audited the financial statements and his report is shown on pages 8 to 12. The Council accepts responsibility for the annual financ ial statements, which have been prepared using appropriate accounting policies supported by reasonable estimates, in conformity with the Cash Basis IPSAS, the requirements of the Local Government Act No. 2 of 2019, the Public Finance Management Act No.1 of 2018 and Local Authorities Accounting Policies (LAAPs) of 2019. The Council further accepts responsibility:  for the maintenance of accounting records that may be relied upon in the preparation of financial statements,  for designing, implementing and maintaining systems of internal controls relevant to the preparation and fair presentation of financial statements that are free from material misstatement, whether due to fraud or error. Nothing has come to the attention of the Council to indicate that the Kafue Town Council will not remain a going concern for at least twelve months from the date of this statement. In the opinion of the Council, proper books of accounts were maintained to support preparation of financial statements that present fairly the financial results of the Town Council for the financial year ended 31st December 2024.|https://www.kafuecouncil.gov.zm/?page_id=195|Financial statements 2024|2026-09-11
document_page|kafue_2024_financial_statements_page_0009|kafue_2024_financial_statements.pdf|Financial statements 2024|9|KAFUE T OWN COUNCIL ANNUAL FINANCIAL RE PO RT FO R T HE YE AR E NDE D 31st DE CE MBE R 2024 8 INDEPENDEDNT AUDITOR’S OPINION|https://www.kafuecouncil.gov.zm/?page_id=195|Financial statements 2024|2026-09-11
document_page|kafue_2024_financial_statements_page_0010|kafue_2024_financial_statements.pdf|Financial statements 2024|10|KAFUE T OWN COUNCIL ANNUAL FINANCIAL RE PO RT FO R T HE YE AR E NDE D 31st DE CE MBE R 2024 9 INDEPENDEDNT AUDITOR’S OPINION|https://www.kafuecouncil.gov.zm/?page_id=195|Financial statements 2024|2026-09-11
document_page|kafue_2024_financial_statements_page_0011|kafue_2024_financial_statements.pdf|Financial statements 2024|11|KAFUE T OWN COUNCIL ANNUAL FINANCIAL RE PO RT FO R T HE YE AR E NDE D 31st DE CE MBE R 2024 10 INDEPENDEDNT AUDITOR’S OPINION|https://www.kafuecouncil.gov.zm/?page_id=195|Financial statements 2024|2026-09-11
document_page|kafue_2024_financial_statements_page_0012|kafue_2024_financial_statements.pdf|Financial statements 2024|12|KAFUE T OWN COUNCIL ANNUAL FINANCIAL RE PO RT FO R T HE YE AR E NDE D 31st DE CE MBE R 2024 11 INDEPENDEDNT AUDITOR’S OPINION|https://www.kafuecouncil.gov.zm/?page_id=195|Financial statements 2024|2026-09-11
document_page|kafue_2024_financial_statements_page_0013|kafue_2024_financial_statements.pdf|Financial statements 2024|13|KAFUE T OWN COUNCIL ANNUAL FINANCIAL RE PO RT FO R T HE YE AR E NDE D 31st DE CE MBE R 2024 12 INDEPENDEDNT AUDITOR’S OPINION|https://www.kafuecouncil.gov.zm/?page_id=195|Financial statements 2024|2026-09-11
document_page|kafue_2024_financial_statements_page_0014|kafue_2024_financial_statements.pdf|Financial statements 2024|14|KAFUE T OWN COUNCIL ANNUAL FINANCIAL RE PO RT FO R T HE YE AR E NDE D 31st DE CE MBE R 2024 13 STATEMENT OF CASH RECEIPTS AND PAYMENTS FOR THE YEAR ENDED 31 st DECEMBER 2024|https://www.kafuecouncil.gov.zm/?page_id=195|Financial statements 2024|2026-09-11
document_page|kafue_2024_financial_statements_page_0015|kafue_2024_financial_statements.pdf|Financial statements 2024|15|KAFUE T OWN COUNCIL ANNUAL FINANCIAL RE PO RT FO R T HE YE AR E NDE D 31st DE CE MBE R 2024 14 Note 2024 2023 Kwacha Kwacha RECEIPTS Local taxes 2 11,784,859 10,227,532 Fees and Charges 3 7,401,320 9,660,148 Licences 4 2,316,775 3,149,826 Levies 5 2,785,989 1,035,255 Permits 6 3,224,487 3,348,590 Local Government Equalisation Fund 7 13,430,772 12,943,067 Constituency Development Fund 8 11,316,161 28,995,876 Other Grants 9 2,973,000 2,453,922 Borrowings 10 - - Commercial Venture 11 121,376 15,930 Sector Grant (Devolved Function) 12 10,618,894 Other Receipts 13 380,421 68,682 TOTAL RECEIPTS 66,354,056 71,898,829 PAYMENTS Personnel Emoluments 14 28,861,271 23,004,746 Use of goods and services 15 13,815,612 11,704,922 Financial Charges 16 - - Social benefits 17 11,996,540 6,705,880 Non-financial assets acquisition 18 19,729,859 13,917,532 Financial Assets 19 5,516,930 5,269,075 Loan Repayments 20 - - Other payments 21 4,200,324 6,559,650 TOTAL PAYMENTS 84,120,537 67,161,805 Increase/(decrease) in Cash (17,766,481) 4,737,024 Foreign Exchange Losses 22 - - Cash at beginning of the year 23 26,118,083 21,381,059 Cash at the end of the year 24 8,351,602 26,118,083|https://www.kafuecouncil.gov.zm/?page_id=195|Financial statements 2024|2026-09-11
document_page|kafue_2024_financial_statements_page_0016|kafue_2024_financial_statements.pdf|Financial statements 2024|16|KAFUE T OWN COUNCIL ANNUAL FINANCIAL RE PO RT FO R T HE YE AR E NDE D 31st DE CE MBE R 2024 15 STATEMENT OF COMPARISON OF BUDGET AND ACTUAL AMOUNTS FOR THE YEAR ENDED 31st DECEMBER 2024 Original Budget Adjustments Final Budget Actual Amounts % Performance Variance % Variance Kwacha Kwacha Kwacha Kwacha Kwacha RECEIPTS Local Taxes 12,744,716 - 12,744,716 11,784,859 92% (959,857) -8% Fees and Charges 26,009,683 (17,274,800) 8,734,883 7,401,320 85% (1,333,563) -15% Licences 1,961,834 - 1,961,834 2,316,775 118% 354,941 18% Levies 1,847,143 - 1,847,143 2,785,989 151% 938,846 51% Permits 3,166,822 - 3,166,822 3,224,487 102% 57,665 2% Local Government Equalisation Fund 14,727,797 - 14,727,797 13,430,772 91% (1,297,025) -9% Constituency Development Fund 30,635,642 - 30,635,642 11,316,161 37% (19,319,481) -63% Devolved Sector Grants 6,957,005 6,957,005 2,973,000 43% (3,984,005) -57% Other Grants 3,870,000 - 3,870,000 - 0% (3,870,000) -100% Borrowings - - 121,376 0% 121,376 0% Commercial Venture - - 10,618,894 0% 10,618,894 0% Other Receipts 168,000 - 168,000 380,421 226% 212,421 126% TOTAL RECEIPTS 102,088,642 (17,274,800) 84,813,842 66,354,056 78% (18,459,787) -22% PAYMENTS Personal Emoluments 30,126,756 - 30,126,756 28,861,271 96% 1,265,485 4% Use of Goods and Services 30,813,660 (11,100,000) 19,713,660 13,815,612 70% 5,898,048 30% Financial Charges - - - 0% - Social Benefits 8,149,081 - 8,149,081 11,996,540 0% (3,847,459) -47% Non-Financial Assets Acquisition 22,565,311 (3,124,800) 19,440,511 19,729,859 101% (289,348) -1% Financial Assets 3,492,463 - 3,492,463 5,516,930 0% (2,024,467) -58% Loan Repayments - - - 0% - Other Payments 6,941,371 (3,050,000) 3,891,371 4,200,324 108% (308,953) -8% TOTAL PAYMENTS 102,088,642 (17,274,800) 84,813,842 84,120,537 99% 693,306 1% The composition of budget adjustments and explanations of major variances are provided in Note 24|https://www.kafuecouncil.gov.zm/?page_id=195|Financial statements 2024|2026-09-11
document_page|kafue_2024_financial_statements_page_0017|kafue_2024_financial_statements.pdf|Financial statements 2024|17|KAFUE T OWN COUNCIL ANNUAL FINANCIAL RE PO RT FO R T HE YE AR E NDE D 31st DE CE MBE R 2024 16 STATEMENT OF CASH REC EIPTS AND PAYMENTS FOR THE LOCAL GOVERNMENT EQUALISATION FUND (LGEF) FOR THE YEAR ENDED 31st DECEMBER 2024 2024 2023 Kwacha Kwacha RECEIPTS Funding 7(a) 13,430,772 12,943,067 Non-LGEF (Receipts) 2,911,440 TOTAL RECEIPTS 16,342,212 12,943,067 PAYMENTS Operational Expenditure Payments: 7(b) Salaries and Wages 12,050,772 11,299,437 Terminal Benefits - - Utility bills - - Service Provision - - Goods and Services - Administrative Costs 1,380,000 - Other Costs(Councillors Allowances) 720,000 Sub-Total 13,430,772 12,019,437 Capital Expenditure Payments: 7(c) Infrastructure Development 560,618 157,247 Rehabilitation Works 128,528 408,723 Asset Acquisition - - Other Costs 155 2,955 Sub-Total 689,301 568,925 TOTAL PAYMENTS 14,120,073 12,588,361 Increase/(decrease) in cash 2,222,139 354,706 Cash at beginning of the year 828,202 473,496 Cash at the end of the year 3,050,341 828,202|https://www.kafuecouncil.gov.zm/?page_id=195|Financial statements 2024|2026-09-11
document_page|kafue_2024_financial_statements_page_0018|kafue_2024_financial_statements.pdf|Financial statements 2024|18|KAFUE T OWN COUNCIL ANNUAL FINANCIAL RE PO RT FO R T HE YE AR E NDE D 31st DE CE MBE R 2024 17 STATEMENT OF CASH RECEIPTS AND PAYMENTS FOR THE CONSTITUENCY DEVELOPMENT FUND (CDF) FOR THE YEAR ENDED 31st DECEMBER 2024 2024 2023 Kwacha Kwacha RECEIPTS Funding 8(a) 10,000,000 28,198,221 Other sources 8(b) 1,316,161 797,655 TOTAL RECEIPTS 11,316,161 28,995,876 PAYMENTS Administration 8(c) 3,091,952 1,881,613 Community Projects 8(d) 17,682,766 13,264,392 Youth, Women and Community Empowerment 8(e) 7,851,930 7,437,600 Boarding School and Skills Develop 8 (f) 5,977,110 4,536,080 TOTAL PAYMENTS 34,603,758 27,119,685 Increase/(decrease) in Cash 23,287,597- 1,876,191 Cash at beginning of the year 23,375,313 21,499,121 Cash at the end of the year 87,716 23,375,313 Note 8 explains the composition and other details relating to the various elements included in this Statement.|https://www.kafuecouncil.gov.zm/?page_id=195|Financial statements 2024|2026-09-11
document_page|kafue_2024_financial_statements_page_0019|kafue_2024_financial_statements.pdf|Financial statements 2024|19|KAFUE T OWN COUNCIL ANNUAL FINANCIAL RE PO RT FO R T HE YE AR E NDE D 31st DE CE MBE R 2024 18 STATEMENT OF CASH RECEIPTS AND PAYMENTS FOR ZDSP CAPITAL GRANT FOR YEAR ENDED 31ST DECEMBER 2024 STATEMENT OF CASH RECEIPTS AND PAYMENTS FOR THE SECTOR GRANT (DEVOLVED FUNCTION) FOR YEAR ENDED 31ST DECEMBER 2024|https://www.kafuecouncil.gov.zm/?page_id=195|Financial statements 2024|2026-09-11
document_page|kafue_2024_financial_statements_page_0020|kafue_2024_financial_statements.pdf|Financial statements 2024|20|KAFUE T OWN COUNCIL ANNUAL FINANCIAL RE PO RT FO R T HE YE AR E NDE D 31st DE CE MBE R 2024 19 SUMMARY OF SIGNIFICANT ACCOUNTING POLICIES 1. Basis of the Preparation of the Financial Statements The financial statements have been prepared in accordance with Cash Basis IPSAS, Financial Reporting under the Cash Basis of Accounting, issued by the International Public Sector Accounting Standards Board (IPSASB) and Local Authorities Accounting Policies (LAAPs).|https://www.kafuecouncil.gov.zm/?page_id=195|Financial statements 2024|2026-09-11
document_page|kafue_2024_financial_statements_page_0021|kafue_2024_financial_statements.pdf|Financial statements 2024|21|KAFUE T OWN COUNCIL ANNUAL FINANCIAL RE PO RT FO R T HE YE AR E NDE D 31st DE CE MBE R 2024 20 These financial statements have been prepared in accordance with the historical cost convention as the basis of measurement, unless specified otherwise. The accounting policies have been applied consistently throughout the period. 1.1 Migration to Accrual Basis Financial Reporting Kafue Town Council is required, under the Local Government Act No. 2 of 2019 to produce Statement of Comprehensive Income and a Statement of Financial Position. The production of these statements entails adoption and application of Accrual Ba sis of Accounting in financial reporting. However, the Act does not specify which particular accrual basis of accounting to use. In applying Cash Basis of Accounting, the Council followed guidance listed below: (a) Cash Basis IPSAS, Financial Reporting under the Cash Basis of Accounting This standard provides that public sector entities adopting Accrual Basis for the first time may apply Cash Basis IPSAS provisions as an intermediate step to assist them in the transition to Accrual Basis IPSASs. In this vein, the Council has produced these financial statements under Cash Basis IPSAS as part of its transition to Accrual Basis of Accounting. (b) Accounting Pronouncement: 20 18/3 – Applicability of International Public Sector Accounting Standards (IPSASs). This pron ouncement issued by the Zambia Institute of Chartered Accountants (ZICA) pursuant to the Accountants Act No. 13 of 2008 requires the adoption of Accrual Basis of Accounting by public entities by 31st December, 2022. The Council is preparing to adopt Accrual Basis IPSASs on 1st January 2027. (c) Treasury and Financial Management Circular No. 10 of 2019 issued by the Secretary to the Treasury pursuant to the Public Financial Management Act No. 1 of 2018. The Treasury and Financial Management Circular provides as follows: i. That in order to have a standard financial reporting framework, all Local Authorities should adopt the International Public Sector Accounting Standards (IPSASs) Cash Basis of Accounting as a first step in migration to IPSASs Accrual Basis of Accounting. SUMMARY OF SIGNIFICANT ACCOUNTING POLICIES ii. Local Authorities shall use Part 2 of Cash Basis IPSAS which requires extra disclosures called ‘Encouraged Additional Disclosures’ in Cash Basis financial statements for the years ending 31st December 2022 up to 31st December 2025.|https://www.kafuecouncil.gov.zm/?page_id=195|Financial statements 2024|2026-09-11
document_page|kafue_2024_financial_statements_page_0022|kafue_2024_financial_statements.pdf|Financial statements 2024|22|KAFUE T OWN COUNCIL ANNUAL FINANCIAL RE PO RT FO R T HE YE AR E NDE D 31st DE CE MBE R 2024 21 iii. All Local Authorities shall adopt and apply Accrual Basis IPSAS of Accounting starting 1st January 2025 by following the guidelines provided in IPSAS 33 – “First Time Adoption of Accrual Basis IPSASs”. iv. That the three (3 ) year transition period provided under IPSAS 33 should commence on 1 st January 2022 and should end on 31 st December, 2027. Thereafter, all Local Authorities shall be required to comply fully with Accrual Basis IPSASs. Based on these guidelines, the Counci l has not yet commenced production of Accrual Basis financial statements required by the Local Government Act No. 2 of 2019. However, the Council has adopted Part 2 Cash Basis IPSAS, Financial Reporting under the Cash Basis of Accounting to help it transition its financial reporting to Accrual Basis IPSASs. 1.2 Reporting Entity The Financial Statements are prepared for Kafue Town Council (KTC). The financial statements encompass the Council as specified in the Constitution of Zambia (Amendment) Act No. 2 of 2016, the Local Government Act No. 2 of 2019, and the Public Finance Management Act No. 1 of 2018. It also includes projects and activities of the Constituency Development Fund and the Local Government Equalisation Fund in the district. 1.3 Authorisation Date The financial statements were authorized for issue …………………………….. by the Ordinary/Special Council. 1.4 Revenue Revenue is recognised when cash is received. It is generated from various sources as explained below: a. Local Taxes Article 161 of the Constitution of Zambia (Amendment) Act No. 2 of 2016 authorises Kafue Town Council as a Local Authority to levy, impose, recover and retain local taxes. Further, the Local Government Act No. 2 of 2019 section 25(1) prescribes, subject to the Constitution and the Business Regulatory Act No. 3 of 2014, a system of local taxes which Local Authorities can raise by passing by -laws imposing levies on:  Leviable persons owning or occupying property or premises situated within the area of the District;  SUMMARY OF SIGNIFICANT ACCOUNTING POLICIES  Leviable persons carrying on a business, trade or occupation within the area of the District; or|https://www.kafuecouncil.gov.zm/?page_id=195|Financial statements 2024|2026-09-11
document_page|kafue_2024_financial_statements_page_0023|kafue_2024_financial_statements.pdf|Financial statements 2024|23|KAFUE T OWN COUNCIL ANNUAL FINANCIAL RE PO RT FO R T HE YE AR E NDE D 31st DE CE MBE R 2024 22  The purchase or sale of a commodity within the area of the District. b. Fees and Charges Section 27 (1) of the Local Government Act No. 2 of 2019 empowers Local Authorities, subject to the Business Regulatory Act No. 3 of 2014, to impose fees or charges payable to the Council:  For any license or permit issued under any regulation or by -law made under the Act. These may include health permits, fire certificate licences, burial permits and extension of business hours permits;  For any service or facility provided or goods or documents supplied by the local authority in pursuance of or in connection with the performance of any function of the local authority. These may include survey fees, consent fees, building inspection fees, waste collection fees and parking fees. 1.5 Expenditure Expenditure is recognized when payment is made for expenses incurred. The Council incurs expenditure relating to the d ischarge of its functions which includes expenses relating to personal emoluments, use of goods and services, social benefits and acquisition of non-financial assets. Items of a capital nature are expensed at the time of payment and such transactions are depicted in the appropriate class and heading in the financial statements. Since capital expenditure is expensed when incurred, neither depreciation nor amortization is charged on non-current assets. 1.6 Reporting on Gross Basis Transactions are reported on gross basis without netting off similar classes of receipts and payments. However, transactions may be reported on net basis when they relate to transactions the Council administers on behalf of other entities recognised in the Financial Statements 1.7 Cash in hand at the Beginning and the End of the Year Cash at the beginning and end of the year consists of cash on hand, demand deposits and cash equivalents held at such dates. Cash on hand refers to notes and coins held by the Council at the reporting da te and it includes petty cash and cash collections not yet deposited into bank accounts. Demand deposits consist of reconciled balances held in the Council’s bank accounts which it can SUMMARY OF SIGNIFICANT ACCOUNTING POLICIES|https://www.kafuecouncil.gov.zm/?page_id=195|Financial statements 2024|2026-09-11
document_page|kafue_2024_financial_statements_page_0024|kafue_2024_financial_statements.pdf|Financial statements 2024|24|KAFUE T OWN COUNCIL ANNUAL FINANCIAL RE PO RT FO R T HE YE AR E NDE D 31st DE CE MBE R 2024 23 use on demand. Cash equi valents, on the other hand, refer to short term high liquid investments that can easily be converted to known amounts of cash and are subject to insignificant risk of change in values. The Council recognises all short -term high liquid investments having maturities of three months or less as cash equivalents. 1.8 Local Government Equalization Fund Article 163(2) of the Constitution of Zambia (Amendment) Act No. 2 of 2016 provides that Parliament shall annually appropriate monies to the Local Government Equalization Fund which shall be disbursed by the Ministry responsible for finance to Local Authorities. Receipts under LGEF supplement revenue generated by the Council. The Council uses at least 20% of the funds received from the equalization fund, in any financial year, to finance capital expenditure and the balance to meet operational expenses. 1.9 Constituency Development Fund The Constituency Development Fund (CDF) was established under Article 162(1) of the Constitution of Zambia (Amendment) Act No. 2 of 2016. The fund was set up to finance micro-community projects for poverty reduction in communities and it is financed by monies appropriated by Parliament. The administration of CDF is regulated by the Constituency Development Fund Act No. 11 of 2018. The Co uncil maintains separate bank accounts for each constituency. Transfers are made from CDF into constituency bank accounts from which payments are made to finance approved CDF projects. 1.10 Other Grants These include grants in lieu of rates and support from Co operating Partners. Grants in lieu of rates are paid by the Government to the Council to cover property rates of Government properties in the district. Support from Cooperating Partners may consist of cash receipts under bilateral and multilateral agreements. 1.11 Sector Grants These includes grants from Devolved functions of the Central Government to the Sub National Level among them; Primary care services (Ministry of Health), Pontoons, Ferries, Jetties and Piers, Harbours, Community sport, Vehicle Licensing (Ministry of Transport & Logistics), Cultural matters (Ministry of Tourism) District Archives (Ministry of Home Affairs), Veterinary Services (Ministry of Fisheries and Livestock) 1.12 Presentation Currency The presentation currency is Zambian Kwacha. SUMMARY OF SIGNIFICANT ACCOUNTING POLICIES 1.13 Foreign Currencies|https://www.kafuecouncil.gov.zm/?page_id=195|Financial statements 2024|2026-09-11
document_page|kafue_2024_financial_statements_page_0025|kafue_2024_financial_statements.pdf|Financial statements 2024|25|KAFUE T OWN COUNCIL ANNUAL FINANCIAL RE PO RT FO R T HE YE AR E NDE D 31st DE CE MBE R 2024 24 Transactions in other currencies are converted into Zambian Kwacha using the ruling Bank exchange rates at the time of payment. Balances expressed in foreign currencies at the year -end are translated into Kwacha at the ruling rate then. The resulting difference from the conversion and translation are charged to the Statement of Cash Receipts and Payments. 2 Borrowings Borrowings comprise actual cash inflows received from financial institutions, bilateral and multilateral institutions. 3 Budgets and Actual Amounts A final budget includes all adjustments (supplementary and re -allocations) made to the original approved budget during the year. Supplementary budgets consist of addi tional provisions beyond what was originally approved while re -allocations are approved budget variations. The approved budget is developed on the same accounting and classification basis, and for the same period as for the financial statements. All material differences between final budgets and actual amounts are explained in the notes to the annual financial statements. Budget differences of 20% and above are considered materia 4 Encouraged Disclosures of Accrual Type of Items During the year, the Council adopted Part 2 of Cash Basis IPSAS which provides extra Accrual Basis type of disclosures called Encouraged Additional Disclosures as follows: i. Property, Plant and Equipment These are assets that have useful economic lives or service potential of more th an one year. They are recorded and disclosed at either cost or valuation. Valuations are conducted by the Government Valuation Department and the Council’s own Valuation staff. Where valuation has been undertaken, the applicable valuation bases are as follows:  Land Current Value  Buildings Cost or Market Value  Plant and Equipment Cost ii. Investments in Other Entities The Council discloses the following details about its investments in other entities: (a) Name of the entity (b) Principal activity of the entity (c) Percentage of shareholding in the entity (d) Receipts in form of dividends and other returns on the investments SUMMARY OF SIGNIFICANT ACCOUNTING POLICIES iii. Administered Transactions Administered transactions are cash flows resulting from transactions administered by the Council as an agent of Central Government and any of its agencies. All cash collected in|https://www.kafuecouncil.gov.zm/?page_id=195|Financial statements 2024|2026-09-11
document_page|kafue_2024_financial_statements_page_0026|kafue_2024_financial_statements.pdf|Financial statements 2024|26|KAFUE T OWN COUNCIL ANNUAL FINANCIAL RE PO RT FO R T HE YE AR E NDE D 31st DE CE MBE R 2024 25 this manner is deposited into an account of the Central Government or its appropriate agent and such accounts are not controlled by the Council. The Council deems as part of cash under its control any collections made and administered by the Council on behalf of the Central Government but are allowed to be deposited in any of its bank accounts prior to its transfer to the Central Government or any of its agents. iv. Related Party Transactions A related party is one that has the ability to control the Council or exercise significant influence over the Council in making financial and operating decisions. The related party entity is also any entity that is subject to common control with the Council. Related parties include: (a) Entities that directly or indirectly through one or more intermediaries, control or are controlled by the Council; (b) Associates being entities over which the Council has significant influence (c) Individuals that have significant influence over the Council, and close members of the family of any such individual; (d) Key management personnel and close members of the family of key management personnel; and (e) Entities in which a substantial ownership inte rest is held, directly or indirectly, by any person described in (c) or (d), or over which such a person is able to exercise significant influence. The key management personnel of the Council are: (a) the Mayor/Chairperson, elected councillors, co -opted members of the Audit and Procurement Committees, Chiefs who are part of the Council representing other Chiefs in the district, and (b) The Principal Officers and Chief Officers. Spouses, children and grandchildren, grandparents, brothers, sisters, parents in law, brothers in law, and sisters in law of key management personnel are related parties to the Local Authority The Council discloses the nature of the related party relationship as well as information about those transactions and outstanding balances as a no te to the financial statements. Such transactions may include remuneration, loans and contracts awarded to key management personnel and their close relatives. SUMMARY OF SIGNIFICANT ACCOUNTING POLICIES v. External Assistance|https://www.kafuecouncil.gov.zm/?page_id=195|Financial statements 2024|2026-09-11
document_page|kafue_2024_financial_statements_page_0027|kafue_2024_financial_statements.pdf|Financial statements 2024|27|KAFUE T OWN COUNCIL ANNUAL FINANCIAL RE PO RT FO R T HE YE AR E NDE D 31st DE CE MBE R 2024 26 External assistance comprises loans and grants from multilateral and bilateral agencies provided under agreements specifying the purposes for which the assistance will be utilized. Kafue Town Council discloses total external assistance received in cash during the period, total exter nal assistance paid by the agencies for the benefit of the council, external assistance received in form of loans and grants, their classifications, purposes for which it was received and undrawn balances. vi. Payments to Third Parties Third party payments also known as direct payments are those that are made by third parties to construct or acquire property, plant and equipment and or pay for services on behalf of Kafue Town Council. These do not constitute cash receipts and payments by the Council. They include payments for goods and services made by multilateral and bilateral aid agencies and non -governmental organizations and are included in the disclosures of external assistance. NOTES TO THE FINANCIAL STATEMENTS 2. Local Taxes|https://www.kafuecouncil.gov.zm/?page_id=195|Financial statements 2024|2026-09-11
document_page|kafue_2024_financial_statements_page_0028|kafue_2024_financial_statements.pdf|Financial statements 2024|28|KAFUE T OWN COUNCIL ANNUAL FINANCIAL RE PO RT FO R T HE YE AR E NDE D 31st DE CE MBE R 2024 27 During the year, the Council generated local tax cash receipts as follows: Local Tax Type 2024 2023 Kwacha Kwacha Residential Rates 3,883,905 2,989,187 Industrial / Commercial Rates 7,685,478 7,089,982 Mining Rates - Personal Levy 215,476 148,363 - - TOTAL 11,784,859 10,227,532 The Council relied on the 2017 -2021 Valuation Roll to determine the property rates receivable. As at 31st December 2024 the updated 2022 Valuation Roll had not yet been approved. 3. Fees and Charges The Council generated cash receipts in form of fees and charges arising from offering various services as follows. 2024 2023 Kwacha Kwacha Fees and charges 4,057,727 3,725,465 Land Development Charges 3,343,593 5,934,683 Total 7,401,320 9,660,148 a. Fees and charges The Council generated the following fees: NOTES TO THE FINANCIAL STATEMENTS|https://www.kafuecouncil.gov.zm/?page_id=195|Financial statements 2024|2026-09-11
document_page|kafue_2024_financial_statements_page_0029|kafue_2024_financial_statements.pdf|Financial statements 2024|29|KAFUE T OWN COUNCIL ANNUAL FINANCIAL RE PO RT FO R T HE YE AR E NDE D 31st DE CE MBE R 2024 28 Fees and Charges Type 2024 2023 Kwacha Kwacha Consent fees 10,000 22,375 Survey fees 129,500 83,000 Building & Other inspection-fees 372,393 140,200 Plans scrutiny fee 325,600 208,700 Change of Premise use 8,000 Rent/lease of Council Properties 117,410 267,233 Application forms fees 91,268 105,220 Sketch Plan 200 Search fees 10,375 21,600 Notice board advert fees 126,150 - Market fees 181,091 155,612 Bus station fees 102,783 73,644 Affidavit fees 1,175 Hire of hall 24,000 14,200 Body remains(Inspection fees) 1,850 Hire of chairs 350 Hire of grounds/stadia 7,000 13,915 Recommendation fees 3,900 Refuse disposal fees 315,390 281,556 exibitions for commercial and non commercial 500 - Library membership fees 3,202 3,202 Franchise fees 24,000 Notice of marriage fees 125,650 137,203 Abattoir/meat inspection fees 70 Registration of clubs and societies 64,750 55,910 Toilet fees 42,030 87,690 Farm produce levy 128,197 350,368 Communication mast levy 240,000 285,000 Ilegal Parking of vehicles 5,002 - Land record to Occupancy licence 650 Billboards and banners 279,840 163,108 Lease of council transport & Other council equipment 357,800 - Extract of Council minutes 2,500 Penalties 78,801 136,110 Ground Rent 547,828 Site rent 237,812 Change of ownership of plot 234,800 Other Fees and Charges/other income 650,784 324,696 TOTAL 4,057,727 3,725,465 NOTES TO THE FINANCIAL STATEMENTS|https://www.kafuecouncil.gov.zm/?page_id=195|Financial statements 2024|2026-09-11
document_page|kafue_2024_financial_statements_page_0030|kafue_2024_financial_statements.pdf|Financial statements 2024|30|KAFUE T OWN COUNCIL ANNUAL FINANCIAL RE PO RT FO R T HE YE AR E NDE D 31st DE CE MBE R 2024 29 b. Land Development Charges The Council collected the following land development related charges: Charges Type 2024 2023 Kwacha Kwacha Service charges - Residential Plots 2,137,647 5,208,883 Service charges - Industrial plots 702,200 Land Application Charges 5,200 Change of ownership 201,575 Land regularisation 999,171 Other Charges 23,600 TOTAL 3,343,593 5,934,683 4. Licenses A total of K2,316,775 cash receipts was raised from issuance of various licences. Licence Type 2024 2023 Kwacha Kwacha Retail licence 282,571 1,644,525 Wholesale licence 29,664 Occupancy licence 633,950 633,625 Hawkers licence - Peddlers licence - Stall licence - Liquor licence 192,022 95,815 Firearm and ammunition licence 34,600 26,700 Petroleum licence 791,250 645,950 Restaurant licence 34,814 Manufacturers Licences 32,500 Dog licence 200 1,300 Other licences 382,182 4,933 TOTAL 2,316,775 3,149,826 NOTES TO THE FINANCIAL STATEMENTS|https://www.kafuecouncil.gov.zm/?page_id=195|Financial statements 2024|2026-09-11
document_page|kafue_2024_financial_statements_page_0031|kafue_2024_financial_statements.pdf|Financial statements 2024|31|KAFUE T OWN COUNCIL ANNUAL FINANCIAL RE PO RT FO R T HE YE AR E NDE D 31st DE CE MBE R 2024 30 5. Levies The Council generated cash receipts by charging levies as follows: Type of Levy 2024 2023 Kwacha Kwacha Livestock Levy 10,617 21,195 Bird Levy - Fish Levy 120,382 59,164 Pole Levy - Charcoal Levy - Sand Levy 452,741 800,615 Quarry levy 252,363 Trading (Wholesale) Business Levy 92,480 Retail Merchants consumable business 921,952 Retail Merchants non-consumable business 173,252 Trading (Retail) chain stores and superm 32,221 Manufacturing 134,832 Micro - finance and money lenders 8,000 Commercial Banks 24,000 Hospitality 143,224 Profession Occupation 404,015 Car Wash 2,578 Filling Station 13,333 - Business Levy 154,281 TOTAL 2,785,989 1,035,255 6. Permits The Council generated cash receipts from issuing various permits as follows: Type of Permit 2024 2023 Kwacha Kwacha Health Permit 1,691,830 1,746,787 Herbalist Permit 2,000 Transportation of meat products 6,707 Opaque beer 2,000 - Fire Certificates 1,355,700 1,464,638 Nursery, Pre School - Burial Permits and Grave sites 123,450 107,685 Public permits 4,860 Extension of Business hours 7,950 7,750 Other Permits 36,850 14,870 TOTAL 3,224,487 3,348,590 NOTES TO THE FINANCIAL STATEMENTS|https://www.kafuecouncil.gov.zm/?page_id=195|Financial statements 2024|2026-09-11
document_page|kafue_2024_financial_statements_page_0032|kafue_2024_financial_statements.pdf|Financial statements 2024|32|KAFUE T OWN COUNCIL ANNUAL FINANCIAL RE PO RT FO R T HE YE AR E NDE D 31st DE CE MBE R 2024 31 7. Local Government Equalization Fund a. Funding 2024 2023 Kwacha Kwacha 1st Funding(January) 1,106,796 1,082,623 2nd Funding(February) 1,137,919 1,082,623 3rd Funding(March) 1,108,376 1,042,070 4th Funding(April) 1,128,400 1,084,203 5th Funding(May) 1,139,554 1,090,501 6th Funding(July) 1,095,666 1,079,125 7th Funding(July) 1,099,626 1,086,787 8th Funding(August) 1,128,695 1,091,067 9th Funding(September) 1,128,955 1,091,067 10th Funding(October) 1,133,346 1,086,787 11th Funding(November) 1,130,882 1,042,699 12th Funding(December) 1,092,557 1,083,515 TOTAL 13,430,772 12,943,067 b. Operational Expenditure The Council applied amounts totalling K13,430,772 of LGEF receipts towards meeting operational expenses representing 100% of the total LGEF funding for the reporting period. These expenses are included in the amounts disclosed in notes accompanying the Statement of Cash Receipts and Payments. c. Capital Expenditure The Council did not inc ur any expenditure of LGEF receipts towards meeting capital expenditure for the reporting period. 8. Constituency Development Fund The various elements constituting Statement of Cash Receipts and Payments for CDF are analysed as follows: a) CDF Funding 2024 2023 Constituency Kwacha Kwacha Kafue 10,000,000 28,198,221 Other 1,316,161 Total Funding 11,316,161 28,198,221 NOTES TO THE FINANCIAL STATEMENTS|https://www.kafuecouncil.gov.zm/?page_id=195|Financial statements 2024|2026-09-11
document_page|kafue_2024_financial_statements_page_0033|kafue_2024_financial_statements.pdf|Financial statements 2024|33|KAFUE T OWN COUNCIL ANNUAL FINANCIAL RE PO RT FO R T HE YE AR E NDE D 31st DE CE MBE R 2024 32 (b) Other CDF Sources of Funding 2024 2023 Constituency Kwacha Kwacha Bank intrest earned 1,067,971 566,321 Loan repayment 248,190 231,334 Total 1,316,161 797,655 Other CDF sources of funding consist ed interest earned on the amounts held in CDF bank accounts. (c) Administration Constituency Kwacha Kwacha Kafue 3,091,952 1,597,251 3,091,952 1,597,251 Administration expenses includes. monitoring projects, Office Equipment and Supplies, Ward Development Committee (WDC) support, Capacity building and Communication (d) Community Projects 2024 2023 Constituency Kwacha Kwacha Kafue 17,682,766 13,264,392 TOTAL 17,682,766 13,264,392 Infrastructure development works included procurement of assets such as earth moving equipment and school desks , rehabilitation of roads , construction of Bridges, buildings such as schools, Clinics, Market Shelters, police stations and Installation Street Lights. NOTES TO THE FINANCIAL STATEMENTS|https://www.kafuecouncil.gov.zm/?page_id=195|Financial statements 2024|2026-09-11
document_page|kafue_2024_financial_statements_page_0034|kafue_2024_financial_statements.pdf|Financial statements 2024|34|KAFUE T OWN COUNCIL ANNUAL FINANCIAL RE PO RT FO R T HE YE AR E NDE D 31st DE CE MBE R 2024 33 ( e ) Youth, Women and Community Empowerment 2024 2023 Constituency Kwacha Kwacha Kafue 7,851,930 7,437,600 Total 7,851,930 7,437,600 The Youth, Women and Community Empowerment includes grants and loans. f) Bursaries -Secondary Schools and Skill Development 2024 2023 Constituency Kwacha Kwacha Kafue 5,977,110 4,536,080 Total Asset Bursaries Payments 5,977,110 4,536,080 The costs include boarding school fees and skills development costs. 9. Other grants During the year, the Counc il received G rants Amounting to K 2,973,000.00.as Capital Grant from the World Bank under the Devolution Support Program and Grant in Lieu of Rates. Revenue Source 2024 2023 Kwacha Kwacha Grants in Lieu of Rates 278,264 765,226 Grants from Cooperating Partners 2,694,736 - Other - 1,688,696 TOTAL 2,973,000 2,453,922 NOTES TO THE FINANCIAL STATEMENTS 10. Borrowings|https://www.kafuecouncil.gov.zm/?page_id=195|Financial statements 2024|2026-09-11
document_page|kafue_2024_financial_statements_page_0035|kafue_2024_financial_statements.pdf|Financial statements 2024|35|KAFUE T OWN COUNCIL ANNUAL FINANCIAL RE PO RT FO R T HE YE AR E NDE D 31st DE CE MBE R 2024 34 During the period under review the Council did not borrow. 11. Council Commercial Venture The C ouncil made a surplus of K121,376 from the commercial venture during the period under review. (a) Inkanga Lodge 2024 2023 Kwacha Kwacha Reciepts Restaurant Sales Receipts 700,873 349,859 Lodging receipts - - Food and beverages sales receipts - - Others - 361 Total 700,873 350,220 Payments Restaurant purchases 549,365 344,020 Beer and beverages - - wages - - Others 46,061 24,270 Total 595,426 368,290 Increase/(Decrease) in Cash 105,447 (18,070) Cash at the Beginingof the year 15,930 33,999 Surplus/Deficit 121,376 15,930 12 (a ) Sector Grants (devolved Functions) The Council received Grants totalling K 10,618,894 in its bank account from Treasury for the Devolved Functions of the Central Government broken down as follows; Sector Grants (Devolved Functions) 2024 2023 Kwacha Kwacha Primary Health Care Services 1,661,740 Pontoons, Ferries,Jetties and Piers 87,973 Community Sport 215,517 Cultural Affairs 7,112 District Archives Veterinary Services 60,231 Vehicle Licensing 1,715,472 Harbours Others 6,870,849 Total 10,618,894 NOTES TO THE FINANCIAL STATEMENTS 12 (b) Other Receipts|https://www.kafuecouncil.gov.zm/?page_id=195|Financial statements 2024|2026-09-11
document_page|kafue_2024_financial_statements_page_0036|kafue_2024_financial_statements.pdf|Financial statements 2024|36|KAFUE T OWN COUNCIL ANNUAL FINANCIAL RE PO RT FO R T HE YE AR E NDE D 31st DE CE MBE R 2024 35 2024 2023 Kwacha Kwacha Farm Visit 4,843 Farm Registration 634 Stock Movement 17,512 Vessel Registration 89,276 Hire Of Dredger 435,572 TOTAL 547,837 - Sector Grants (Devolved Functions) 2024 2023 Kwacha Kwacha Primary Health Care Services 1,256,097 Pontoons, Ferries,Jetties and Piers 120,371 Community Sport 215,717 Cultural Affairs District Archives Veterinary Services 25,366 Vehicle Licensing 1,110,229 Harbours 0 Others 4,145,757 Total 6,873,537 NOTES TO THE FINANCIAL STATEMENTS 12. Other Receipts|https://www.kafuecouncil.gov.zm/?page_id=195|Financial statements 2024|2026-09-11
document_page|kafue_2024_financial_statements_page_0037|kafue_2024_financial_statements.pdf|Financial statements 2024|37|KAFUE T OWN COUNCIL ANNUAL FINANCIAL RE PO RT FO R T HE YE AR E NDE D 31st DE CE MBE R 2024 36 Other receipt amounting to K380,421.42 Electoral Commission of Zambia (ECZ) activities funding, Community contributions towards maintenance of boreholes, Commission and utilised imprest. 2024 2023 Kwacha Kwacha ECZ Activities Funding 216,443 - Borehore Community Contribution 101,500 - RTSA Commission 29,229 - ZRA Commission 25,863 - Donations - 5,460 Other Income 4,417 7,722 Retirement of Imprest 2,970 55,500 TOTAL 380,421.42 68,682 13. Personal Emoluments Personal Emoluments consist of actual amounts of salaries and wages paid to staff of the Council. The Council had categories of staff that were paid as follow NOTES TO THE FINANCIAL STATEMENTS 14. Use of Goods and Services|https://www.kafuecouncil.gov.zm/?page_id=195|Financial statements 2024|2026-09-11
document_page|kafue_2024_financial_statements_page_0038|kafue_2024_financial_statements.pdf|Financial statements 2024|38|KAFUE T OWN COUNCIL ANNUAL FINANCIAL RE PO RT FO R T HE YE AR E NDE D 31st DE CE MBE R 2024 37 Use of Good and services consist of expenditure incurred on administrative activities Expenditure Type 2024 2023 Kwacha Kwacha Office Running Costs 770,553 557,026 Building, Repair and Maintenance Costs 375,742 411,333 Plant, Machinery and Vehicle Running and Maintenance Cost 1,928,760 875,850 Other Administrative operating costs 231,150 1,191,652 Requisites 142,359 83,183 Services 7,307,134 6,678,436 Travel expenses 1,676,772 1,477,457 Training 1,326,010 428,301 Medical costs - Other costs - Registration & Subcription - Legal Costs 57,131.74 1,683 TOTAL 13,815,612 11,704,922 15. Financial Charges The Council did not pay any financial charges during the year under review. 16. Social Benefits During the period under review the Council spend K11,996,540 towards Social benefits. 2024 2023 Kwacha Kwacha CDF Empowerment Grants 2,335,000 2,169,800 CDF Bursaries -Secondary & Skills 5,977,110 4,536,080 Cash for Work 3,684,430 - TOTAL 11,996,540 6,705,880 NOTES TO THE FINANCIAL STATEMENTS 17. Non-financial Asset Acquisition|https://www.kafuecouncil.gov.zm/?page_id=195|Financial statements 2024|2026-09-11
document_page|kafue_2024_financial_statements_page_0039|kafue_2024_financial_statements.pdf|Financial statements 2024|39|KAFUE T OWN COUNCIL ANNUAL FINANCIAL RE PO RT FO R T HE YE AR E NDE D 31st DE CE MBE R 2024 38 Acquisition of assets involved the following payments: 2024 2023 Kwacha Kwacha Construction of various Infrastracture 9,534,476 6,011,263 Installation of Street Lights 821,268 - Purchase of computer perpherials and Equipments - Office Equipments 172,160 87,170 Office Furniture 3,289,945 183,820 Rehabilitation Works 1,653,138 3,037,904 Purchase of Computer software - Boreholes, Pumps & Other Water Reticulation Material 28,517 298,108 Other Machinary and Equipments 4,230,356 4,299,266 TOTAL 19,729,859 13,917,532 18. Financial Assets The Council did acquire financial assets during the period under review. 2024 2023 Kwacha Kwacha Purchase of Long term investments - 1,275 Empowerment CDF Loans 5,516,930 5,267,800 Other financial asset acquisition - - TOTAL 5,516,930 5,269,075 19. Loan Repayments The Council did not make any Loan repayment during the period under review: NOTES TO THE FINANCIAL STATEMENTS|https://www.kafuecouncil.gov.zm/?page_id=195|Financial statements 2024|2026-09-11
document_page|kafue_2024_financial_statements_page_0040|kafue_2024_financial_statements.pdf|Financial statements 2024|40|KAFUE T OWN COUNCIL ANNUAL FINANCIAL RE PO RT FO R T HE YE AR E NDE D 31st DE CE MBE R 2024 39 20. Other Payments Other payments amounting to K6,559,650 relate to the following items. 2024 2023 Kwacha Kwacha Subriptions - - Legal Costs - - Staff debtors - - Zulawu - 145,000 Others(Madison Insurance & NHIS) - - Domestic creditors - - Zambia Revenue Authority 60,000 60,000 National Pension Scheme Authority 24,355 2,747 Local Authorities Superannuation Fund - - Staff creditors - - Terminal Benefits 1,041,479 2,002,421 Salary Arrears - - Leave Travel Benefits 231,834 - Other Accrued Expenses 2,842,656 4,349,482 TOTAL 4,200,324 6,559,650 21. Foreign Exchange Losses There was no foreign exchange transaction the year. 22. Cash Balances The Council’s Cash amounts consisted of cash on hand and demand deposits. 2024 2023 Kwacha Kwacha Cash on hand - - Demand Deposits 8,351,602 26,118,083 Cash equivalents - - TOTAL 8,351,602 26,118,083 a. Cash on hand The Council had no cash on hand at the end of the year. NOTES TO THE FINANCIAL STATEMENTS b. Demand Deposits – Bank Balances|https://www.kafuecouncil.gov.zm/?page_id=195|Financial statements 2024|2026-09-11
document_page|kafue_2024_financial_statements_page_0041|kafue_2024_financial_statements.pdf|Financial statements 2024|41|KAFUE T OWN COUNCIL ANNUAL FINANCIAL RE PO RT FO R T HE YE AR E NDE D 31st DE CE MBE R 2024 40 The Council had the following reconciled bank account balances as at the 31 st December 2024: Account Name Account No 2024 2023 Kwacha Kwacha District Fund A/c Zanaco -0023711300190 49,286 332,501 Sale of Houses (Salaries) A/cZanco -0023964300139 306,988 270,442 Capital Fund A/C Zanaco -0023712300102 9,146 2,134 Development A/C Zanaco -0246940300187 2,478- 509 Investment Indo A/C Indo Zambia -027020000011 1,158 6,993 Investment Zanaco A/C Zanaco-0604210300164 121,376 15,930 Bus A/c Zanaco-0023713300111 218,179 989,836 Land agency Indo Zambia -027020000015 350 350 CDF Main Zanaco-0250618300115 25,827 22,112,174 CDF Revolving Fund Indo-0270200000026 61,889 1,263,139 Kafue Fire Zanaco-0023711300493 79,930 190,119 Chiefs Affairs A/C Zanaco-1708394500133 - - NRWSS Zanaco-001037783300108 3,827 46,791 NRWSS Community Zanaco-001711767300166 79,483 39,389 Community Radio Station Zanaco-005772776500195 4,420 12,167 Capital Indo Indo-0272020000012 3,050,341 828,202.48 Grant Sector Indo- 4,293,194 - KFW Basket Zanaco-5338919300255 7,403 7,406 Electroal Commision of ZambiaZanaco-0611272300187 41,283 TOTAL 8,351,602 26,118,083 23. Budget Adjustments and Variances a. Budget Adjustments The original budget was approved on 2 nd March, 2024 by the Minister responsible for Local Government and Rural Development. Subsequent approved adjustments to the budget consisted of approved reduction of K17,274,800 and the approved budget reallocations are as follows; NOTES TO THE FINANCIAL STATEMENTS|https://www.kafuecouncil.gov.zm/?page_id=195|Financial statements 2024|2026-09-11
document_page|kafue_2024_financial_statements_page_0042|kafue_2024_financial_statements.pdf|Financial statements 2024|42|KAFUE T OWN COUNCIL ANNUAL FINANCIAL RE PO RT FO R T HE YE AR E NDE D 31st DE CE MBE R 2024 41 Original Budget Adjustments Final Budget Kwacha Kwacha Kwacha RECEIPTS Local taxes 12,744,716 - 12,744,716 Fees and Charges 26,009,683 (17,274,800) 8,734,883 Licences 1,961,834 - 1,961,834 Levies 1,847,143 - 1,847,143 Permits 3,166,822 - 3,166,822 Local Government Equalisation Fund 14,727,797 - 14,727,797 Constituency Development Fund 30,635,642 - 30,635,642 Sector Grants (Delvoved Function) 6,957,005 6,957,005 Other Grants 3,870,000 - 3,870,000 Borrowings - - Commercial Venture - - Other Receipts 168,000 - 168,000 TOTAL RECEIPTS 102,088,642 (17,274,800) 84,813,842 PAYMENTS Personal Emoluments 30,126,756 - 30,126,756 Use of Goods and Services 30,813,660 (11,100,000) 19,713,660 Financial Charges - - Social Benefits 8,149,081 - 8,149,081 Non-Financial Assets Acquisition 22,565,311 (3,124,800) 19,440,511 Financial Assets 3,492,463 - 3,492,463 Loan Repayments - - Other Payments 6,941,371 (3,050,000) 3,891,371 TOTAL PAYMENTS 102,088,642 (17,274,800) 84,813,842  Constitutency Development Fund The Council planned to receive K30,635,642 from Constituency Development Fund but only received K10,000,000 resulting in a nagetive variance of K20,635,642 representing 67%.  Other Receipts The Council planned to collect K168,000 from other receipts but collected K 1,696,582 resulting in a favourable variance of K 1,528,582 representing 910%. The variance is mainly attributed to the interest earned from the Constituency Dev elopment Fund accounts and funding for Voter registration under the Electroal Commission of Zambia. NOTES TO THE FINANCIAL STATEMENTS|https://www.kafuecouncil.gov.zm/?page_id=195|Financial statements 2024|2026-09-11
document_page|kafue_2024_financial_statements_page_0043|kafue_2024_financial_statements.pdf|Financial statements 2024|43|KAFUE T OWN COUNCIL ANNUAL FINANCIAL RE PO RT FO R T HE YE AR E NDE D 31st DE CE MBE R 2024 42  Levies The Council planned to collect K1,847,143 from levies but collected K2,785,989 resulting in a favourable variance of K938,846 representing 51 %. The variance was as a result of intensified enforcement by the Revenue Task Force.  Other Grants The Cou ncil planned to collect K3,870,000 from other Grants but received K 2,973,000 resulting in a negative variance of K 897,000 representing 23%.  Sector Grant The Council planned to receive K6,957,005 from Sector Grants but did receive K 10,618,894 resulting into a favourable variance of K 3,661,889 representing 53%.  Use of Goods and Services The Coun cil planned to s pend K19,713,660 on Use of Goods and Services but spent K13,870,074 resulting in a favourable variance of K5,843,586 representing 30 %. This variance was attributed to the fact that the expenditure was limited to the funds available owing to the challenges highlighted in revenue above.  Financial Assets The Coun cil planned to spend K 3,492,463 on Financial Assets but spent K 5,516,930 resulting in a negative variance of K 2,024,467 representing 58%. This variance was attributed to the Loan disbursement from the Loan repayment.  Social Benefits The Cou ncil planned to spend K8,149,081 on Social benefits but spent K 11,996,540 resulting in a negative variance of K3,847,459 representing 47%. This variance was attributed to the expend iture which was incurred on cash for work which was not bud geted for in the year 2024 NOTES TO THE FINANCIAL STATEMENTS|https://www.kafuecouncil.gov.zm/?page_id=195|Financial statements 2024|2026-09-11
document_page|kafue_2024_financial_statements_page_0044|kafue_2024_financial_statements.pdf|Financial statements 2024|44|KAFUE T OWN COUNCIL ANNUAL FINANCIAL RE PO RT FO R T HE YE AR E NDE D 31st DE CE MBE R 2024 43 24. Provision of Services The Town Council incurs expenditure to offering services it is mandated to provide to the residents of the district. Type of Services 2024 2023 Kwacha Kwacha Consultancy, Studies, Fees, Technical Assist Short Term - - Printing 10,024 Official Entertainment 504,475 220,662 Advertisement and Publicity 30,281 - Public Functions and Ceremonies 319,506 303,478 Boards, Councils and Committees expenses 212,924 140,837 Relief, Repatriation and Burial of Destitute 12,829 4,910 Community Welfare and Recreation 1,183,720 1,435,511 Land Demarcation and Survey 22,885 64,359 Valuation of properties 281,477 657,270 Labour Day Expenses and Awards 42,960 29,782 Cycle maintenance-Regravelling ,Resealing and General Road Maintenance 781,386 Conferences, Seminars and Workshops 82,950 Waste and Refuse Collection 401,446 543,569 Provision of fire services 348,951 90,256 Creation of Dump sites - Market Facility 269,280 Establishment and Maintenance of Street Lights and Traffic lights63,488 15,324 Ward Development Fund 124,858 - Bank Charges 271,721 150,366 Other Services 3,190,715 8,584,252 7,012,237 13,384,216 Note: The above amounts have been included in the various payments recognized in the Statement of Cash Receipts and Payments. 25. Property, Plant and Equipment The Council had property, plant and Equipment valued at K33,952,346. Land and Buildings Plant & Machinery Motor vehicles Office Equipment Fixtures & Fittings Intangible Assets TOTAL Kwacha Kwacha Kwacha Kwacha Kwacha Kwacha Kwacha Opening balance 8,210,430 8,146,651 6,657,721 2,097,414 598,979 57,147 25,768,342 Additions 11,187,614 4,230,356 - 172,160 4,139,729 - 19,729,859 Revaluation - - - - - - - Re-classfication - - - - - - - Disposal 8,293,878)( - - - 3,251,978)( - 11,545,856)( Closing balance 11,104,166 12,377,007 6,657,721 2,269,574 1,486,730 57,147 33,952,346 NOTES TO THE FINANCIAL STATEMENTS|https://www.kafuecouncil.gov.zm/?page_id=195|Financial statements 2024|2026-09-11
document_page|kafue_2024_financial_statements_page_0045|kafue_2024_financial_statements.pdf|Financial statements 2024|45|KAFUE T OWN COUNCIL ANNUAL FINANCIAL RE PO RT FO R T HE YE AR E NDE D 31st DE CE MBE R 2024 44 26. Investments in Other Entities The Council did not hold shares in any other entities. 27. Administered Transactions The Council did not administer any transactions on behalf other entities. 28. Related Party Disclosures The following disclosures are made in the financial statements of Kafue Town Council: a. Fringe benefits Disclosures The Council Chairperson was provided with an office and personal secretary. b. Remuneration of the Councillors The agg regate remuneration of members of the Council and the number of individuals determined on a full-time equivalent basis receiving remuneration from Kafue Town Council are: Aggregate Remuneration K1440,000 Number of persons 20 None of the council lors acquired loans from the Council during the period under review nor had any outstanding loans. c. Remuneration of Senior Management The aggregate remuneration of members of the Senior Management and the number of individuals determined on a full-time equivalent basis receiving remuneration from the Local Authority are: Aggregate Remuneration K1,602,112 Number of persons 11 None of the members of senior management acquired loans from the Council during the period under review nor had any outstanding loans. External Assistance 29. The Council did not receive any amounts from External Assistant during the period under review. 30. Third Party Payments Kafue Town Council did not receive any money from third parties.|https://www.kafuecouncil.gov.zm/?page_id=195|Financial statements 2024|2026-09-11
document_page|kafue_2026_budget_performance_page_0001|kafue_2026_budget_performance.pdf|Budget performance report June 2026|1||https://www.kafuecouncil.gov.zm/?page_id=195|Budget performance report June 2026|2026-09-11
document_page|kafue_2026_budget_performance_page_0002|kafue_2026_budget_performance.pdf|Budget performance report June 2026|2||https://www.kafuecouncil.gov.zm/?page_id=195|Budget performance report June 2026|2026-09-11
document_page|kafue_2026_budget_performance_page_0003|kafue_2026_budget_performance.pdf|Budget performance report June 2026|3||https://www.kafuecouncil.gov.zm/?page_id=195|Budget performance report June 2026|2026-09-11
document_page|kafue_idp_2024_2034_page_0001|kafue_idp_2024_2034.pdf|Integrated Development Plan 2024-2034|1|KAFUE INTEGRATED DEVELOPMENT PLAN 2024 – 2034 CNS URBAN CONSULTANTS [Course title] [Date] VISION • AN INCLUSIVE, INDUSTRIALIZED, AND DIVERSIFIED GREEN ECONOMY OFFERING AN IMPROVED QUALITY OF LIFE BY 2034|https://www.kafuecouncil.gov.zm/?page_id=195|Integrated Development Plan 2024-2034|2026-09-11
document_page|kafue_idp_2024_2034_page_0002|kafue_idp_2024_2034.pdf|Integrated Development Plan 2024-2034|2|ii KAFUE DISTRICT P.O Box 360021 Website: https://www.kafuecouncil.gov.zm Email: kafuetc@gmail.com Republic of Zambia MINISTRY OF LOCAL GOVERNMENT AND RURAL DEVELOPMENT|https://www.kafuecouncil.gov.zm/?page_id=195|Integrated Development Plan 2024-2034|2026-09-11
document_page|kafue_idp_2024_2034_page_0003|kafue_idp_2024_2034.pdf|Integrated Development Plan 2024-2034|3|iii FOREWORD DR MALAMBO BUUMBA Council Chairperson Our people desire to see a Local Government institution, the sphere of government that is closest to them, that is capable of spearheading development interventions on for and on behalf of the general community. Aptly, the C onstitution of Zambia has thus recognized the pivotal role played by the Local Government structures, by assigning designated functions that are to be per- formed by them. Among these functions, include the undertaking of development planning for the District. Accordingly, the Urban and Regional Planning Act, No.3, of 2015 of the Laws of Zambia, requires that six (6) months after Council is elected, the process of preparing an Inte- grated Development Plan (IDP) should be initiated. Thus, the Kafue Town Cou ncil, along with partner institutions has therefore embarked on this process with great enthusiasm. We aim to exploit all the resources at our disposal to address the critical service delivery and development challenges that our District continually faces. As the Council Chairperson for Kafue, I have committed myself to establish a culture of open communication with all stakeholders during the preparation, drafting and development process of the IDP to engage with the residents, stakeholders, interest g roups, our partners and everyone that desires to see Kafue become a beautiful, planned and successful town. The IDP has provided an opportunity to enter into mutually beneficial partnerships with the ultimate benefits accruing to the people of Kafue Town. The comprehensive public consultation that underpinned the IDP|https://www.kafuecouncil.gov.zm/?page_id=195|Integrated Development Plan 2024-2034|2026-09-11
document_page|kafue_idp_2024_2034_page_0004|kafue_idp_2024_2034.pdf|Integrated Development Plan 2024-2034|4|iv preparation, participation and stakeholder engagements affirm the values we seek to promote as a town. These values are in line with the founding principles and fundamental beliefs of our ancestors and represent the perfect union within which our national values achieved. It was very exciting to witness how communities took charge of their own development path and participated earnestly in the various consultation platforms that culminated in th e formulation of the IDP Vision of “AN INCLUSIVE, INDUSTRIALIZED, AND DIVERSIFIED GREEN ECONOMY OFFERING AN IMPROVED QUALITY OF LIFE BY 2030. We seek no more than a District that plans as a way of life and a people that have a shared vision for the future. Personally, I am curious to see what we can become when we work together, pull in the same direction, talk to each other and value each other through mutual respect and dedication to duty. Our initial efforts will pivot resource allocation on high impac t interventions in order to achieve quick wins toward the realization of the set vision. As a Local Authority, we aspire to become an inclusive institution which will inspire innovation and collaborative efforts across all sectors of our landscape as articulated through the IDP programing. Through the IDP, Kafue Town Council bears primary responsibility to establish a conducive en- vironment that will facilitate inclusive economic growth and development. Therefore, I am excit- ed at the prospect of increased employment opportunities, broadened local tax base and im- proved revenue premised on the successful implementation of the identified catalytic projects. Without doubt, Kafue is poised to be an investment destination of choice, with its unique tourism potential, a diversified local economy and a viable social services delivery system that would cater to the most vulnerable in our communities. The IDP process is a collective effort by all relevant stakeholders which include the general pub- lic, traditiona l leadership, business associations, ward development committees, private sector representatives, and the donor agencies. Therefore, I wish to express my sincere gratitude to all the citizens and organizations that participated tirelessly in the formulation of this IDP. In the same vein, I would like to thank my fellow Councilors, the District Commissioner and the Heads of Government Departments, the Council Secretary and the Management Team who worked diligently on this assignment. We have achieved th e first milestone in a long and inte-|https://www.kafuecouncil.gov.zm/?page_id=195|Integrated Development Plan 2024-2034|2026-09-11
document_page|kafue_idp_2024_2034_page_0005|kafue_idp_2024_2034.pdf|Integrated Development Plan 2024-2034|5|v grated working relationship between Kafue Town Council, Central Government agencies, the private sector and the community. Lastly, I aspire to see Kafue Town being the envy of other Districts and leading the way towards strengthening the working relationship between the local government systems and the sector players, on the one hand, and the residents and community groups, on the other. We will succeed and be stronger than ever before! THE COUNCIL CHAIRPERSON BUUMBA MALAMBO|https://www.kafuecouncil.gov.zm/?page_id=195|Integrated Development Plan 2024-2034|2026-09-11
document_page|kafue_idp_2024_2034_page_0006|kafue_idp_2024_2034.pdf|Integrated Development Plan 2024-2034|6|vi EXECUTIVE SUMMARY MR BUPE MUTANYA Council Secretary On June 7, 2017, the Council passed a resolution to prepare an IDP for Kafue Town. The Inte- grated Development Plan (IDP) is the principal planning and strategic instrument of a Local Au- thority that gives effect to its spatial development mandate as provided for in the Urban and Re- gional Planning Act, No.3, of 2015 of the Laws of Zambia (the Act). Integrated planning as a strategic process premised on logical review of current economic, so cial and environmental sta- tus of development of a locality, as a basis to optimize the allocation of finite resources, across the time of the plan and geography of the District. The nature of integrated planning is that a va- riety of stakeholders must part icipate in plan making while fostering partnerships between and across District stakeholders. Externally, an IDP focuses on identifying and prioritizing the most critical developmental chal- lenges of the community and organizing the internal governance a nd institutional structures in order to address those challenges. The IDP is a ten (10) year plan that clarifies the Vision, strate- gic objectives of the District. A reviewed every five (5) years in order to align with the provi- sions of the Act, as well as the planning cycles at national level. The vision of the District being for “ an inclusive, industrialized, and diversified green econ- omy offering an improved quality of life by 2030”, is anchored on the following action areas: i. Resilient Public Infrastructure; ii. Sustainable land use practices;|https://www.kafuecouncil.gov.zm/?page_id=195|Integrated Development Plan 2024-2034|2026-09-11
document_page|kafue_idp_2024_2034_page_0007|kafue_idp_2024_2034.pdf|Integrated Development Plan 2024-2034|7|vii iii. Smart and integrated agricultural practices; iv. Accessible renewable energy solutions v. Robust social protection and social asset accumulation vi. Diversified economy through tourism promotion Informed by the various developmental challenges the Kafue IDP has seven (7) development ob- jectives as follows: 1. Promote manufacturing and employment creation by 2034 2. Enhance agricultural productivity in the District by 2034 3. Improve transportation Infrastructure by 2034 4. Promote investments in Tourism by 2034 5. Promote investments in alternative sources of energy by 2034 6. Enhance human development through Health and education by 2034 7. Promote civic participation and social development by 2034 Accordingly, the IDP will guide and inform all planning and budgeting processes through the Medium-Term Expenditure Framework ( MTEF). A key outcome is the integration of pro- grammes and projects across sectors in order to maximize the impact thereof on the livelihoods of the community. The fo cus of the IDP is 10years, a period beyond the 5 -year horizon of the term of office of Council. This enables long term planning of key sectors integrated with a Spa- tial Development Framework that provides guidelines for land use management system. To achieve the stated vision the IDP is development under four related parts: Part One comprises an introduction and background to the District outlining the location of the District, Human settlements existing; the various land uses and relating land tenure. A further outline is presented covering topography, geology, vegetation, followed by an analysis on pov- erty levels, and the institutional arrangement within the District. Part Two and Three analyses population dynamics and thematic areas comprising economic , and socio-cultural sectors of the District. In addition, the section summarizes the various com- munity level issues identified through various consultative meetings. Part Four details the Development Framework, thus articulating the District vision and the de- velopment Objectives, and Strategies as aligned with the Eighth National Developmental Plan (8NDP), the Vision 2030, and other related policy documents. Part Four also outlines the Im- plementation plan.|https://www.kafuecouncil.gov.zm/?page_id=195|Integrated Development Plan 2024-2034|2026-09-11
document_page|kafue_idp_2024_2034_page_0008|kafue_idp_2024_2034.pdf|Integrated Development Plan 2024-2034|8|viii Part Five outlines the institutional framework that would facilitate the implementation of strate- gies and programs toward the achievement of the development objectives. The part concludes with a Monitoring and Evaluation framework. Following approval of the IDP, the MTEF budget will be fiscally li nked to the IDP through ser- vice delivery targets, Implementation Plan and Capital Investment Plan. Overall, achieving the District vision requires commitment to an enabling institutional culture. Thus, the District will foster a cooperative working enviro nment among various sector players, and stakeholders, while holding to values of transparency, ethical leadership, stewardship and teamwork. For its part, the Kafue Town Council will aim to continually improve its internal culture to be more citizen fo- cused and responsive to the needs of the community through public participation and open chan- nels of communication, while maintaining a value for money business approach. COUNCIL SECRETARY BUPE MUTANYA|https://www.kafuecouncil.gov.zm/?page_id=195|Integrated Development Plan 2024-2034|2026-09-11
document_page|kafue_idp_2024_2034_page_0009|kafue_idp_2024_2034.pdf|Integrated Development Plan 2024-2034|9|ix SPECIAL ACKNOWLEDGEMENTS FROM THE DISTRICT COMMISSIONER MAURICE HIKAPULWE District Commissioner The process of formulating the Integrated Development Plan (IDP) in the District provided a platform to enhance the coordination of various service mechanisms towards a unified set of local development objectives. IDPs are not only a legal requirement but are a prerequisite tool to sustainable and meaningful socio-economic development. The preparation of this key policy document is in line with the Government policy of leaving no one behind. T he process allowed for the understanding of the nature and scope of the developmental challenges in the District. It is noteworthy that all public sector departments played a role in the entire process of formulating the document. That the central and p rovincial government agencies cooperated with the District team is evidence of capacity development, a vital ingredient in the decentralization process. Further, the process provided for platforms that allowed all citizens to make submissions with respect to the experienced developmental challenges, as well as the envisaged solutions. More importantly, the strengthened local participation reinforces partnerships between local residents/actors, local and central Government. As District Commissioner, I am enthusiastic to witness the completion of the IDP, which focuses on Kafue becoming an industrialized and diversified green economy. Doubtlessly, the vision resonates with the overall development aspirations of the residents of the District. Lastly, I am confident that the effective implementation of strategies, as tabulated in the IDP, will|https://www.kafuecouncil.gov.zm/?page_id=195|Integrated Development Plan 2024-2034|2026-09-11
document_page|kafue_idp_2024_2034_page_0010|kafue_idp_2024_2034.pdf|Integrated Development Plan 2024-2034|10|x impact positively on the development trajectory of the District. I therefore thank all the players who worked tirelessly toward the formulation of the plan. DISTRICT COMMISSIONER MAURICE HIKAPULWE|https://www.kafuecouncil.gov.zm/?page_id=195|Integrated Development Plan 2024-2034|2026-09-11
document_page|kafue_idp_2024_2034_page_0011|kafue_idp_2024_2034.pdf|Integrated Development Plan 2024-2034|11|viii TABLE OF CONTENTS FOREWORD.......................................................................................................................... iii EXECUTIVE SUMMARY ..................................................................................................... vi SPECIAL ACKNOWLEDGEMENTS FROM THE DISTRICT COMMISSIONER ..... ix LIST OF ACRONYMS ........................................................................................................ xvii PART ONE: INTRODUCTION AND BACKGROUND ..................................................... 1 1.0 Introduction and Background .......................................................................................... 1 1.1 Methodology .................................................................................................................... 2 1.2 Organization of the Report ............................................................................................... 2 1.3 About Kafue District ........................................................................................................ 3 1.3.1 Human Settlements .................................................................................................. 6 1.3.2. Land Tenure and Uses .............................................................................................. 9 1.3.3 Land Uses ................................................................................................................ 12 1.3.4 Poverty Levels ......................................................................................................... 14 1.3.5 Topography .............................................................................................................. 14 1.3.6 Geology .................................................................................................................. 15 1.3.7 Vegetation and Wildlife ........................................................................................... 16 1.3.8 Hydrology and Drainage ......................................................................................... 16 1.3.11 Institutional arrangement ....................................................................................... 17 PART TWO: THE PLANNING SURVEY AND ISSUES REPORT ................................ 19 2.0 Demographic Analysis ..................................................................................................... 19 2.1 Kafue District Population and population growth.......................................................... 19 2.1.2 Population Distribution by Residence (Urban / Rural population) ......................... 21 2.1.3 Population Growth rate ............................................................................................ 21 2.1. 4 Population Distribution by Density ........................................................................ 22 2.1. 5 Population Distribution by Sex............................................................................... 23 2.6.1 Population distribution by age group....................................................................... 24 2.2 Population Characteristics .............................................................................................. 25 2.2.1 Dependency ratios ................................................................................................... 25 2.2.2 Mobility and Migration ........................................................................................... 25|https://www.kafuecouncil.gov.zm/?page_id=195|Integrated Development Plan 2024-2034|2026-09-11
document_page|kafue_idp_2024_2034_page_0012|kafue_idp_2024_2034.pdf|Integrated Development Plan 2024-2034|12|ix 2.2.3 Employment............................................................................................................. 25 2.2. 4 Life Expectancy ...................................................................................................... 26 2.2. 5 Fertility Rates ......................................................................................................... 27 2.3 Population Projections and Likely Characteristics......................................................... 27 2.4 The Impact of the Continuation of Existing Population Trends on Land Use and Spatial Development Patterns .......................................................................................................... 29 3.0 Sector Analysis ................................................................................................................. 29 3.1 Introduction .................................................................................................................... 29 3.2 Energy Sector ................................................................................................................. 30 3.2.1 Key Government Priorities Being and To Be Implemented At A Local Level ...... 30 3.2.2 Description Of The Existing State Of Development ............................................... 30 3.2.3 Issues Arising From the Public Participation Process ............................................. 32 3.2.4 Impact of Changes Anticipated Over the Next Ten Years ...................................... 33 3.1.5 The Impact of the Continuation Of Existing Trends on Land Use and Population Distribution Patterns ......................................................................................................... 33 3.1.6 Environment and Climate Change Analysis ............................................................ 33 3.1.7 Issues Arising Relating to Gender Groups and Vulnerable Groups ........................ 34 3.2.8 Summary of the sector ............................................................................................. 34 3.1.9 Consideration of The Underlying Factors Contributing To The Issues Identified .. 35 3.3 Transport Sector ............................................................................................................. 35 3.3.1 Key Government Priorities Being and To Be Implemented At A Local Level ...... 35 3.2.2 Description of the Existing State Of Development ................................................. 35 3.2.3 Issues Arising From The Public Participation Process ............................................ 36 3.2.4 Impact of Changes Anticipated Over The Next Ten Years ..................................... 36 3.2.5 The Impact of the Continuation Of Existing Trends on Land Use and Population Distribution Patterns ......................................................................................................... 37 3.2. 7 Issues Arising Relating to Gender Groups and Vulnerable Groups ....................... 38 3.2.8 Summary .................................................................................................................. 38 3.3. Forestry and Environment ............................................................................................. 39 3.3.1 Key Government Priorities Being and To Be Implemented At A Local Level ...... 39 3.3.2. Description of the Existing State Of Development ................................................ 39|https://www.kafuecouncil.gov.zm/?page_id=195|Integrated Development Plan 2024-2034|2026-09-11
document_page|kafue_idp_2024_2034_page_0013|kafue_idp_2024_2034.pdf|Integrated Development Plan 2024-2034|13|x 3.3.3 Issues Arising From the Public Participation Process ............................................. 40 3.3.4 Impact of Changes Anticipated Over the Next Ten Years ...................................... 40 3.3.5 The Impact of the Continuation of Existing Trends on Land Use and Population Distribution Patterns ......................................................................................................... 41 3.3.6 Environment and Climate Change Analysis ............................................................ 41 3.3.7 Issues relating to gender and vulnerable Groups ..................................................... 43 3.3.8 Summary of the Sector ............................................................................................ 43 3.3.9 Consideration of the underlying Factors Contributing to the issues identified ....... 43 3.4. Solid Waste management .............................................................................................. 44 3.4.1 Key Government Priorities Being and To Be Implemented.................................... 44 3.4.2 Description of the Existing State Of Development ................................................. 44 3.4.3 Issues Arising From the Public Participation Process ............................................. 44 3.4.4 Impact of Changes Anticipated Over The Next Ten Years ..................................... 44 3.4.8 Summary of the Sector ............................................................................................ 45 3.5 Water and Sanitation ...................................................................................................... 45 3.5.1 Key Government Priorities Being and To Be Implemented At A Local Level ...... 45 3.5.2 Description of the Existing State Of Development ................................................. 45 3.5.3 Issues arising from the public participation process ................................................ 45 3.5.5 The impact of continuation if existing trends on Land Use and Population Distribution Patterns ......................................................................................................... 46 3.5.7 Issues relating to gender and vulnerable Groups ..................................................... 47 3.5.8 Summary of the Sector ............................................................................................ 47 3.6 Tourism Sector ............................................................................................................... 48 3.6.1 Key Government Priorities Being And To Be Implemented At A Local Level ..... 48 3.6.2 Description Of The Existing State Of Development ............................................... 48 3.6.3 Issues Arising from the Public Participation Process .............................................. 50 3.6.4 Impact Of Changes Anticipated Over The Next Ten Years .................................... 50 3.6. Summary ..................................................................................................................... 50 3.7 Health Sector .................................................................................................................. 51 3.7.1 Key Government Priorities Being And To Be Implemented At A Local Level ..... 51|https://www.kafuecouncil.gov.zm/?page_id=195|Integrated Development Plan 2024-2034|2026-09-11
document_page|kafue_idp_2024_2034_page_0014|kafue_idp_2024_2034.pdf|Integrated Development Plan 2024-2034|14|xi 3.7.2 Description of the Existing State Of Development ................................................. 51 3.7.3 Issues Arising From the Public Participation Process ............................................. 52 3.7.4 Impact Of Changes Anticipated Over The Next Ten Years .................................... 53 3.7.5 The Impact of the Continuation Of Existing Trends on Land Use and Population Distribution Patterns ......................................................................................................... 54 3.7.7 Issues Arising Relating to Gender Groups and Vulnerable Groups ........................ 54 3.7.8 Summary .................................................................................................................. 54 3.8 Education Sector ............................................................................................................ 54 3.8.1 Key Government Priorities Being And To Be Implemented At A Local Level ..... 54 3.8.2 Description Of The Existing State Of Development ............................................... 55 3.8.3 Issues Arising From the Public Participation Process ............................................. 58 3.8.4 Impact of Changes Anticipated Over The Next Ten Years ..................................... 58 3.8.5 The Impact of the Continuation Of Existing Trends on Land Use and Population Distribution Patterns ......................................................................................................... 60 3.8.7 Issues Arising Relating to Gender Groups and Vulnerable Groups ........................ 61 3.8.8 Summary .................................................................................................................. 61 3.8.9 Consideration of The Underlying Factors Contributing To The Issues Identified .. 61 3.9 Agriculture Sector .......................................................................................................... 62 3.9.1 Key Government Priorities Being and To Be Implemented At A Local Level ...... 62 3.9.2 Description Of The Existing State Of Development ............................................... 62 3.9.3 Issues Arising From the Public Participation Process ............................................. 64 3.9.4 Impact of Changes Anticipated Over The Next Ten Years ..................................... 64 3.9.5 The Impact of the Continuation Of Existing Trends on Land Use and Population Distribution Patterns ......................................................................................................... 65 3.9.6 Environment and Climate Change Analysis ............................................................ 65 3.9.7 Issues Arising Relating to Gender Groups and Vulnerable Groups ........................ 66 3.9.8 Summary .................................................................................................................. 66 3.9.9 Consideration Of The Underlying Factors Contributing To The Issues Identified . 66 3.10 Economic Sector –Trade and Commerce ..................................................................... 66 3.10.1 Key Government Priorities Being and To Be Implemented At A Local Level .... 66 3.10.2 Description of The Existing State Of Development .............................................. 66|https://www.kafuecouncil.gov.zm/?page_id=195|Integrated Development Plan 2024-2034|2026-09-11
document_page|kafue_idp_2024_2034_page_0015|kafue_idp_2024_2034.pdf|Integrated Development Plan 2024-2034|15|xii 3.10.3 Issues Arising From the Public Participation Process ........................................... 68 3.10.4 Impact of Changes Anticipated Over The Next Ten Years ................................... 68 3.10.5 The Impact of the Continuation Of Existing Trends on Land Use and Population Distribution Patterns ......................................................................................................... 69 3.10.6 Environment and Climate Change Analysis .......................................................... 69 3.9 Trade and Commerce ..................................................................................................... 70 3.11 Housing Development and Land Use Sector ............................................................... 70 3.11.1 Key Government Priorities Being and To Be Implemented At A Local Level .... 70 3.11.2 Description of the Existing State Of Development ............................................... 71 3.11.3 Issues Arising From the Public Participation Process ........................................... 71 3.11.4 Impact of Changes Anticipated Over The Next Ten Years ................................... 72 3.11.5 Population Change – Future Demand for Services and Facilities ......................... 72 3.11.6 The Impact of the Continuation of Existing Trends on Land Use and Population Distribution Patterns ......................................................................................................... 72 3.11.7 Environment and Climate Change Analysis .......................................................... 73 3.11.8 Issues Arising Relating to Gender Groups and Vulnerable Groups ...................... 73 3.11.9 Summary ................................................................................................................ 73 3.12 Information and Communication, Technology (ICT) .................................................. 74 3.12.1 Key Government Priorities Being and To Be Implemented At A Local Level .... 74 3.12.2 Description of The Existing State Of Development .............................................. 74 3.12.2 Issues Arising From The Public Participation Process .............................................. 75 3.12.3 Impact Of Changes Anticipated Over The Next Ten Years ....................................... 75 3.12.4 Population Change – Future Demand for Services and Facilities ......................... 75 3.12.5 The Impact of the Continuation of Existing Trends on Land Use and Population Distribution Patterns ......................................................................................................... 75 3.12.6 Environment and Climate Change Analysis .......................................................... 76 3.12.7 Issues Arising Relating to Gender Groups and Vulnerable Groups ...................... 76 3.12.8 Summary ................................................................................................................ 76 3.12.9 Consideration of the Underlying Factors Contributing To the Issues Identified 77 3.13 Analysis of Other community services (Security, Recreational spaces, cemetery and|https://www.kafuecouncil.gov.zm/?page_id=195|Integrated Development Plan 2024-2034|2026-09-11
document_page|kafue_idp_2024_2034_page_0016|kafue_idp_2024_2034.pdf|Integrated Development Plan 2024-2034|16|xiii social protection ................................................................................................................... 77 3.13.1 Security .................................................................................................................. 77 3.13.2 Recreation and Open Spaces ................................................................................. 77 3.13.3 Social Protection .................................................................................................... 78 3.13.3 Cemetery ................................................................................................................ 79 3.14 Consideration of the Underlying Factors Contributing To the Issues Identified – Other Community Social Services) ................................................................................................ 79 3.14.1 Population growth.................................................................................................. 79 3.14.2 Climate change and impact on the environment ................................................. 80 3.14.3 Land degradation and pollution ............................................................................. 80 3.14.4 Spatial distribution of Basic Services .................................................................... 80 3.14.5 Service Quality and Diversification ...................................................................... 80 3.14.6 Cultural and Social Practices ................................................................................. 81 3.15 Summary – Core Issues ................................................................................................ 81 PART 4: KAFUE DEVELOPMENT FRAMEWORK ....................................................... 85 4.0 Introduction ................................................................................................................. 85 4.1 Development Framework .......................................................................................... 85 4.1.1 Role of the Development Framework ..................................................................... 86 4.1 Vision ........................................................................................................................ 87 4.1.1 Development Policies .............................................................................................. 87 4.2 Development Objectives, Priorities and Strategies ........................................................ 87 4.2.1 Developmental Priorities ......................................................................................... 88 4.3. Development Strategies ................................................................................................. 89 4.3.1 Promote manufacturing and employment creation .................................................. 89 4.3.2. Enhance agricultural productivity in the District by 2034 ..................................... 89 4.3.3 Improve transportation Infrastructure ...................................................................... 90 4.3.4 Promote investments in Tourism ............................................................................. 90 4.3.5 Promote investments in alternative sources of energy ............................................ 91 4.3.6 Enhance human development through Health and education ................................. 91 4.3.7 Promote Civic participation and social development .............................................. 91|https://www.kafuecouncil.gov.zm/?page_id=195|Integrated Development Plan 2024-2034|2026-09-11
document_page|kafue_idp_2024_2034_page_0017|kafue_idp_2024_2034.pdf|Integrated Development Plan 2024-2034|17|xiv 4.4 Development Scenarios .................................................................................................. 92 4.4.1 Scenario 1: A productive and growing economy - value addition is the economy . 92 4.4.2 Scenario 2: Social Development.............................................................................. 97 4.4.3 Scenario 3: Human Settlements ............................................................................... 98 4.4.4 Selection of Scenarios ........................................................................................ 99 4.5 Land Use Policies and Proposals ................................................................................. 101 4.5.1 Environmental, Social and Economic Aspects of Development ........................... 101 4.5.2 Protection Zones, Environmental Sensitivity, Cultural and Historical Importance ........................................................................................................................................ 102 4.5.3 Protection of National and Regional Interests ....................................................... 102 4.5.4 Informal Settlements.............................................................................................. 102 4.5.5 Areas under Traditional Authorities ...................................................................... 103 PART 4: IMPLEMENTATION PLAN .............................................................................. 104 PART5: CAPITAL INVESTMENT PLAN ........................................................................ 135 5.1 Financial Plan ............................................................................................................... 166 5.1.1 Revenue Collection Efficiency of the Kafue Town Council ................................. 166 Assessment of current and potential revenue streams ........................................................ 166 Own Sources of Revenue (OSR) ........................................................................................ 166 External Sources of Revenues for Implementation ............................................................ 166 Assessment of the Revenue Base 2021 - 2025 ................................................................... 167 Main Factors affecting Revenue Collection and Management .......................................... 168 Programme For the Preparation Of Local Area Plans And Other Detailed Planning Activities ............................................................................................................................ 168 6.0 MONITORING AND EV ALUATION .................................................................... 169 6.1 Institutional Arrangements ........................................................................................... 170 6.2 Monitoring and Evaluation Strategic Plan ................................................................... 170 ACKNOWLEDGMENTS ................................................................................................... 197|https://www.kafuecouncil.gov.zm/?page_id=195|Integrated Development Plan 2024-2034|2026-09-11
document_page|kafue_idp_2024_2034_page_0018|kafue_idp_2024_2034.pdf|Integrated Development Plan 2024-2034|18|xv LIST OF FIGURES Figure 1: Location Map for Kafue District ................................................................................ 3 Figure 2: Reconnect Connections .............................................................................................. 4 Figure 3 Human settlement ....................................................................................................... 5 Figure 4: Customary Boundaries ............................................................................................... 8 Figure 5: Land use in Urban Areas .......................................................................................... 10 Figure 6: Land Use Zonning .................................................................................................... 11 Figure 7: Slope MAP .............................................................................................................. 12 Figure 8: Kafue District Drainage System .............................................................................. 14 Figure 9: Population By Ward ................................................................................................. 16 Figure 10: Lusaka Population trend ........................................................................................ 17 Figure 11: Kafue Ward Population Distribution ...................................................................... 17 Figure 12: Population Growth ................................................................................................. 18 Figure 13: Population Pyramid ................................................................................................ 19 Figure 14: Kafue Population Map............................................................................................ 20 Figure 15: Kafue District Employment ................................................................................... 21 Figure 16: Projected Population............................................................................................... 23 Figure 17: Energy Demand ...................................................................................................... 26 Figure 18: Energy Source ....................................................................................................... 26 Figure 19: Township Roads ..................................................................................................... 29 Figure 20: Transport Infrastructure .......................................................................................... 30 Figure 21: Kafue Vegetation and Wildlife ............................................................................... 32 Figure 22: Climate Change Impact Analysis .......................................................................... 34 Figure 23: District Water Resources ........................................................................................ 37 Figure 24: Water supply and Demand ..................................................................................... 37 Figure 25: Sanitation Coverage .............................................................................................. 38 Figure 26: Tourism and Cultural sites ..................................................................................... 39 Figure 27: Health Factilities .................................................................................................... 40 Figure 28: District Eductional Factilities ................................................................................ 44 Figure 29: Kafue District Progress ......................................................................................... 45 Figure 30: Kafue District Crop and Livestock ........................................................................ 50 Figure 31: Active Labour Force in Agriculture........................................................................ 50 Figure 32: Production Trends .................................................................................................. 51 Figure 33: Summary of economic Contribution by employment ........................................... 53 Figure 34: Other community Factilities .................................................................................. 61|https://www.kafuecouncil.gov.zm/?page_id=195|Integrated Development Plan 2024-2034|2026-09-11
document_page|kafue_idp_2024_2034_page_0019|kafue_idp_2024_2034.pdf|Integrated Development Plan 2024-2034|19|xvi Figure 35: Spatail analysis of Issues ....................................................................................... 71 Figure 36: Scenerio 1 .............................................................................................................. 74 Figure 37: Scenerio 2 ............................................................................................................... 75 Figure 38: Scenerio 3 ............................................................................................................... 76 Figure 39:Selected Scenerio 1 ................................................................................................ 77 LIST OF TABLES Table 1: Land Use by area (Kafue Matanda , kasenje and shabusale ) .................................... 11 Table 2: Poverty Analysis ........................................................................................................ 12 Table 3: Kafue Population Distribution By Residence ............................................................ 18 Table 4: Population Distribution By Sex 1990-2019 ............................................................... 19 Table 5: Age Dependency Ratios By Lusaka and Rural/ urban 1990, 2000 and 2021 ............ 21 Table 6: Life Expectancy ......................................................................................................... 22 Table 7 Projected Population and Population Density ............................................................. 23 Table 8: Sources of energy ....................................................................................................... 25 Table 9: Summary of Climate Change Impacts in Kafue District ........................................... 33 Table 10 : Kafue Health Service Assessment .......................................................................... 42 Table 11: Number of schools ................................................................................................... 44 Table 12: CSO Projection ........................................................................................................ 46 Table 13: Primary School Demand and Supply Assessment ................................................... 47 Table 14: Budget Expenditure and Sources of Income ...................................................... 16726 Table 15: Analysis of Policies affecting Preparation of IDP ............................................... 2004 Table 16: International Conventions and treaties ratified by Zambia ................................ 21061|https://www.kafuecouncil.gov.zm/?page_id=195|Integrated Development Plan 2024-2034|2026-09-11
document_page|kafue_idp_2024_2034_page_0020|kafue_idp_2024_2034.pdf|Integrated Development Plan 2024-2034|20|xvii LIST OF ACRONYMS 8NDP Eighth National Development Plan AIDS Acquired Immune-Deficiency Syndrome CSEN Children with Special Education Needs CSO Central Statistics office ECE Early Childhood Education FDI Foreign Direct Investment FISP Farmer Input Support Programme GMA Game Management Area HIV Human Immune-Deficiency Virus HRH Her Royal Highness ICT Information and Communication Technology IDP Integrated Development Plan LWSC Lusaka Water and Sewerage Company MFEZ Multi-Facility Economic Zone MLG Ministry of Local Government MoGE Ministry of General Education MOH Ministry of Health MSMEs Micro, Small and Medium Enterprises NCZ Nitrogen Chemicals of Zambia NPF National Performance Framework PPP Public-Private Partnership PSIR Planning Survey and Issues Report R&D Research and Development SDF Spatial Development Framework SDGs Sustainable Development Goals TAZARA Tanzania-Zambia Railways UMCL Universal Mining Chemicals Limited WDC Ward Development Committee ZESCO Zambia Electricity Supply Corporation Limited ZILMIS Zambia Integrated Land Management Information System|https://www.kafuecouncil.gov.zm/?page_id=195|Integrated Development Plan 2024-2034|2026-09-11
document_page|kafue_idp_2024_2034_page_0021|kafue_idp_2024_2034.pdf|Integrated Development Plan 2024-2034|21|xviii|https://www.kafuecouncil.gov.zm/?page_id=195|Integrated Development Plan 2024-2034|2026-09-11
document_page|kafue_idp_2024_2034_page_0022|kafue_idp_2024_2034.pdf|Integrated Development Plan 2024-2034|22|1 PART ONE: INTRODUCTION AND BACKGROUND 1.0 Introduction and Background The Urban and Regional Planning Act No 3 of 2015 of the Laws of Zambia requires that all Districts in Zambia must have an Integrated Development Plan (IDP) as its principal planning instrument. In effect, every Local Authority must prepare an IDP to guide development planning and management for a period of ten (10) years, reviewed every five (5) years. An IDP is a legal requirement under the URP Act No 3 of 2015. Section 19 (3) of the aforesaid act states: “An Integrated Development Plan shall be the principal planning instrument to guide and inform all planning and development in the area of the Local Authority and all planning decisions of a planning authority”. This IDP covers the entire Kafue District. The data utilised in the preparation of the IDP was generated from desk reviews and the feedback recorded through public consultations conducted in all the wards in Kafue District, through the District Development Coordinating Committee (DDCC) and stakeholder consultations with the business community, traditional authorities and civil society organisations. Empirical data, which included spatial data, pol icies and laws that might affect the preparation and implementation of an IDP were identified, while action plans drawn regarding who would be the source of the information resource, where and when the collection of the data would be executed. The IDP process was developed in line with the guidelines provided by Ministry of Local Government (MLG) as indicated below: 1. Preliminary Step - Preparation of Planning Programme: This stage provided for the development of goals and objectives for the planning p rocess, structure of the planning process and management and detailed budget and a strategy for public participation for the IDP was also formulated. 2. Undertaking the Planning Survey and preparing the Issues Report: Data was col- lected and analysed to und erstand the level of existing development and conditions within the District. Core issues, problems and their causes were thus identified. Existing resources in the District were also assessed and mapped. 3. Preparation of the Development Framework: At this stage, the identified core issues and the community priority issues were synthesized to develop a 10 -year vision state-|https://www.kafuecouncil.gov.zm/?page_id=195|Integrated Development Plan 2024-2034|2026-09-11
document_page|kafue_idp_2024_2034_page_0023|kafue_idp_2024_2034.pdf|Integrated Development Plan 2024-2034|23|2 ment, incorporating goals, objectives and strategies of the IDP. Priority projects to be implemented were then identified. 4. Preparation of the Spatial Development Framework : During this stage, alternative land use scenarios and settlement strategies for the IDP area were formulated. A selec- tion of the preferred spatial development scenario was thereafter made. 5. Preparation of the Implementation Programme: The District development vision, ob- jectives, and strategies when then formulated to incorporate a Capital investment plan, and the Local Authority Financial Plan. 6. Approval and Implementation: Kafue Town Council presented the District IDP to the Full Council for consideration and adoption. Further, the drafting process took account of the international and national development obligations including the New Urban Agenda, Africa Agenda 2063, Sustainable Development Goals (SDG), and the Eighth National Development Plan (2022 -2026) in order to align the development objectives to the prevailing frameworks. 1.1 Methodology The methodology for conducting the Planning Survey and Issues Report (PSIR) is provided for in the IDP Guidelines iss ued by the Ministry of Local Government. To complete the PSIR, the following steps must be undertaken: 1) Review of existing plans, policies and strategies; 2) Review of empirical and spatial data for sectors and cross cutting thematic areas; 3) Demographic analysis; 4) Population projections; 5) Summary of consultation with stakeholder organizations; 6) Summary of community consultations; 7) Collection of missing spatial data and new data; 8) Assessment of future demand for services; 9) Assessment of the quality of service provision; 10) Spatial analysis; and, 11) Cross cutting analysis, incorporating climate change vulnerability assessment. The Ward Development Committees (WDCs), District Development Coordinating Committees (DDCCs), Traditional leaders, business associations and the sector ministries were the main source of data during consultations. 1.2 Organization of the Report This report is organized in Five (5) parts. Part one gives the introduction and background focusing on the study area in t erms of location, topography, hydrology, geology, wildlife and vegetation and climate as well as institutional arrangements among others. . Part two proceeds with the planning survey and identifies issues from the sectorial and thematic|https://www.kafuecouncil.gov.zm/?page_id=195|Integrated Development Plan 2024-2034|2026-09-11
document_page|kafue_idp_2024_2034_page_0024|kafue_idp_2024_2034.pdf|Integrated Development Plan 2024-2034|24|3 analysis. The anal ysis covers spatial data, future demand for services, quality of service provision as well as the cross -cutting issues (Climate changes, gender, youth), which are presented under the broad themes and sectors. Core issues are thus identified along with the outline of development needs. Part three details the development framework for the IDP. Part four schemes the implementation programme including the C apital investment plan, financial Plan, programme for the preparation of Local Area Plans. The Monitor ing and Evaluation Framework concluded the report. 1.3 About Kafue District Kafue District is one of the six (6) Districts in Lusaka Province with an area of approximately 4,471 square kilometres. Traversed by the Kafue River, from which it draws its name, and the Zambezi River, the District lies between the heights of 339 metres above sea level, to the south, and 1455 metres above sea level, to the north. It is located 40 kilometers south of Lusaka city, the capital of Zambia. It is the southernmos t District, and is bordered in the north by all the five Districts in the province, namely Lusaka, Chilanga, Chongwe, Rufunsa and Luangwa. To the south, it is bound by the Kafue River which forms the provincial boundary between Lusaka Province, and Southe rn Province. Across the Kafue River, the neighbouring Districts in Southern Province are Mazabuka, Chirundu and Chikankata Districts. In the south -east, the District is bound by the Zambezi River, which forms part of the international boundary with Zimbabw e. To the eastern border, it is bound by the Chongwe River. Figure 1 shows the Location Map for Kafue District in Lusaka Province in the context of the whole country.|https://www.kafuecouncil.gov.zm/?page_id=195|Integrated Development Plan 2024-2034|2026-09-11
document_page|kafue_idp_2024_2034_page_0025|kafue_idp_2024_2034.pdf|Integrated Development Plan 2024-2034|25|4 Figure 1: Location Map for Kafue District Source: Kafue Town Council, Planning Department (2024) A significant portion of the District land mass on the eastern sector, representing three wards (Kambale, Chitende and Chiyaba Wards) is covered by the Chiawa Game Management Area with an area of approximately 2 424.24 squares kilometers. (See Figure 2, below) This land is generally in its pristine state. Its undulating landscapes form part of the lower Zambezi River valley, with its low rainfall and hot sub -tropical climate. The landscapes host African wild a nimals, which together with the riverine vegetation, typically lends the area to international tourism.|https://www.kafuecouncil.gov.zm/?page_id=195|Integrated Development Plan 2024-2034|2026-09-11
document_page|kafue_idp_2024_2034_page_0026|kafue_idp_2024_2034.pdf|Integrated Development Plan 2024-2034|26|5 To the Western sector (Chikupili and Magoba Wards), the landscape is moderated by the low lying swampy terrain of the Kafue flats, which benefit farming and fisheries production. Drawing on urban primacy (a relationship of a small town to a city with a larger population and concentration of economic activity), the proximity of the to the more urbanised Lusaka city significantly affects character and function of the Kafue town centre and its distant peripheral areas close to the city. This relationship manifests in the high traffic flow in between the two areas, where by workers and shoppers commute in between towns. Further, the peripheral areas (Ch isankane Ward) take on the residential character of the neighbouring low-density area (Chalala and New Kasama neighbourhoods) in the city. Figure 2: Regional Connectivity Source: Kafue Town Council, Planning Department (2024) As a logistic node, Kafue District is dissected into the Eastern and Western sectors by the Great North Road, which linking Chirundu and Kazungula border towns to Lusaka (Fig. 2). Further is also a major railway station linking Livingstone to Lusaka City. Therefore the town has significance as part of the Zambia’s trade corridor nodes with countries in the Southern African region.|https://www.kafuecouncil.gov.zm/?page_id=195|Integrated Development Plan 2024-2034|2026-09-11
document_page|kafue_idp_2024_2034_page_0027|kafue_idp_2024_2034.pdf|Integrated Development Plan 2024-2034|27|6 1.3.1 Human Settlements The settlement patterns in the District may be characterised in geographic and functional clusters, i.e. Kafue Core urban, Shantumbu Suburban, and Chiawa Eco-tourism The first is the Kafue Core urban Area which comprises the four urban Wards namely Kafue, Matanda, Shabusale, and Kasenje. It represents the most densely populated area with access to local I ndustrial and Commercial employment centres, as well the Kafue River channel to the south. Further, the eastern edge of the area dominated by the water intake, treatment and pipeline infrastructure for Lusaka city. However, the expansion prospects of th e settlement is restricted by the iconic hilly terrain to the east, as well as the swampy plains to the west. The second cluster is the Shantumbu sub-urban Housing/Industrial area , comprising the Chisankane Ward. It is the closest to Lusaka CBD (8 -20 kilometers) and forms part of the city’s southern urban expansion. It exhibits moderate to low density single family housing, arising from land use change of what used to be agricultural small holdings. Significantly, it hosts the Lusaka South Multi-facility Economic zone which has high value export industries. Due to the strong urban influence, this cluster may has high prospect for population and settlement expansion. Nevertheless, land management in the southern part of Chisankane Ward is still adminis tered under customary authority. Due to this factor, the area was characterised by informal land conversions for housing development, in response to residential land demand. The third cluster is the Chiawa eco-Tourism Area encompassing Kambale, Chite nde and Chiyaba Wards. This area falls within the Chiawa Game Management Area (GMA), on the northern bank of the Zambezi River channel. It is generally rural in character, and significant for nature based tourism development. A number of tourism lodging facilities had been established over the past decades as employment centres. Considering its primary function and location, prospects for the future expansion over the plan period would be moderated by the conservation factors of the GMA and the Zambezi and Kafue River ecological systems.|https://www.kafuecouncil.gov.zm/?page_id=195|Integrated Development Plan 2024-2034|2026-09-11
document_page|kafue_idp_2024_2034_page_0028|kafue_idp_2024_2034.pdf|Integrated Development Plan 2024-2034|28|7 Figure 3: Human Settlements Source: Kafue Town Council, Planning Department (2024)|https://www.kafuecouncil.gov.zm/?page_id=195|Integrated Development Plan 2024-2034|2026-09-11
document_page|kafue_idp_2024_2034_page_0029|kafue_idp_2024_2034.pdf|Integrated Development Plan 2024-2034|29|8 Figure 3.1: Human Settlements Core urban settlement in 2009: Google historical image,2022 Source: Core urban settlement in 2021 (marginal expansion to the eastern edge): Google historical image, 2022|https://www.kafuecouncil.gov.zm/?page_id=195|Integrated Development Plan 2024-2034|2026-09-11
document_page|kafue_idp_2024_2034_page_0030|kafue_idp_2024_2034.pdf|Integrated Development Plan 2024-2034|30|9 Source: Chisankane Ward Peri-urban urban settlement in 2009: Google historical image,2022 Source: Chisankane Ward Peri-urban urban settlement in 2022: land use conversion spurred by expanding Lusaka south residential/industrial zone. Google historical image,2022 1.3.2. Land Tenure and Uses Like the rest of the country, land tenure in the District falls under two (2) main categories, namely state land (Leasehold Tenure) and Traditional land (customary tenure).|https://www.kafuecouncil.gov.zm/?page_id=195|Integrated Development Plan 2024-2034|2026-09-11
document_page|kafue_idp_2024_2034_page_0031|kafue_idp_2024_2034.pdf|Integrated Development Plan 2024-2034|31|10 1.3.2.1 State Land Generally, State land is zoned and planned by the state through local authorities. State land is subject to planning, property rent and rating laws. O nly three (3) wards, namely Kafue, Matanda and Kasenje (Township) in Kafue District can be described as being fully within state land. Figure 4: Customary Boundaries Source: Kafue Town Council, Planning Department (2024) As at 2019, Kafue District had 35,434 properties under State leasehold tenure, out of which 30,174 had certificates of title, and a further 4046 and 1214 with letters of offer and lease re- spectively (Ministry of Lands, 2019). Considering the pattern of development, it can be con- cluded that a larger proportion of these properties fall within the three development clusters (Kafue core, Chisankane, and Chiyaba). The rest of the territory fall either under customary tenure or the unregulated informal tenure. 1.3.2.2 Traditional Land Principally, there are two chiefdoms, namely Senior Chieftainess Nkomeshya Mukamambo II and Senior Chieftainess Chiyaba Customary (Fig 2.2). Land in this category is administered through the traditional channels and is not fully documented in terms of indiv idual land|https://www.kafuecouncil.gov.zm/?page_id=195|Integrated Development Plan 2024-2034|2026-09-11
document_page|kafue_idp_2024_2034_page_0032|kafue_idp_2024_2034.pdf|Integrated Development Plan 2024-2034|32|11 rights. As a result, customary land is considered insecure tenure for households, as they are unable to use their land assets as collateral to access financing for agricultural or other eco- nomic ventures. Thus, save for the areas undergoing si gnificant land conversions (in - migration), as the case is in Chiyaba (private resort and agricultural holdings), and Chi- sankane (private residence and small agricultural holdings), the rural wards tend to stagnate in settlement expansion. 1.3.2.3 Informal land This form of tenure is basically unregulated. These settlements often occupy or invade state land, and are synonymous with peri-urban settlements. Infrastructure services are often lack- ing, which poses additional living environmental cost. A vivid example of these settlements is the Kalundu view, which dominates the hilly landscape at the northern end of the town. It is estimated that unplanned settlements occupy about 17 percent of the core town land area (Fig 4.1 and Table 1). Four settlements exist within the town area namely: i) Zambia Compound ii) Soloboni Compound iii) Kalundu view Compound iv) Chawama Compound Figure 4.1: Kalundu view Settlement at the Rail/Road crossing Source: Google image,2022|https://www.kafuecouncil.gov.zm/?page_id=195|Integrated Development Plan 2024-2034|2026-09-11
document_page|kafue_idp_2024_2034_page_0033|kafue_idp_2024_2034.pdf|Integrated Development Plan 2024-2034|33|12 1.3.3 Land Uses Within the urban Core area, land uses are varied, and mainly comprise the following categories: 1) Residential; 2) Commercial; 3) Mining; 5) Industrial; 6) Administration; The maps below show the dominant land use classification by Ward, within the urban area (Figure 3), and the rest of the District (Figure 4). Almost 52 percent of the township land is occupied by residential development and about 17 percent consists of unplanned settlements. Demand for land with access to municipal services such as water and electricity has resulted in the conversion of open and green spaces to residential and commercial use, underscoring institutional weakness in development control systems. The town centre is expanding in the northern and eastward direction (albeit this would be restricted by Zambezi escarpment mountain ranges). As shown in Figure 5, the town has two distinguished growth nuclei – one in the North -west and the second one in the South. Source: Kafue Town Council, Planning Department (2024) Figure 5: Land use Zoning- urban wards|https://www.kafuecouncil.gov.zm/?page_id=195|Integrated Development Plan 2024-2034|2026-09-11
document_page|kafue_idp_2024_2034_page_0034|kafue_idp_2024_2034.pdf|Integrated Development Plan 2024-2034|34|13 Figure 6: Land Use Zoning Source: Kafue Town Council, Planning Department (2024) Table 1 below summarises the land use allocations for the urban wards and provides indicative ratios of the areas. It also reflects part of the properties that are on leasehold tenure. Table 1: Land Use by area (Kafue Matanda , Kasenje and Shabusale ) No. Land Uses Description Area (metre square) Percentage 1 B Commercial 485634 2.929 2 O Open Space 1038365 6.263 3 A Administration 95820 0.578 4 F Industrial 2290213 13.814 5 G Public 631535 3.809 6 M Mining 353048 2.129 7 R Residential 8718853 52.590 8 RSC Squatter Compound 2891294 17.439 9 X Utility 74267 0.448 10 U Undeveloped Undertermined Undertermined AG Agriculture Undertermined Undertermined Total 16579028 100|https://www.kafuecouncil.gov.zm/?page_id=195|Integrated Development Plan 2024-2034|2026-09-11
document_page|kafue_idp_2024_2034_page_0035|kafue_idp_2024_2034.pdf|Integrated Development Plan 2024-2034|35|14 1.3.4 Poverty Levels According to Micro -Level Estimates of Poverty in Zambia (2015), shown in Table 3 below, pertaining to poverty and inequality levels of Kafue District, the incidence of poverty in Kafue is about 60 percent, implying a high number of people are cons idered as living in poverty or below $1.25 per day. District-level estimates of the poverty headcount ratio (P0), poverty gap (P1) and squared poverty gap (P2) are detailed in Table 2 Table 2: Poverty Analysis Source: World Bank, 2015. It can be said that most of rural Kafue is in relative poverty, most of the people lack the minimum amount of income in order to maintain the average standard of living in the society. Agriculture has been the way of life for people in rural areas. However, with climate change affecting the productivity of agriculture in District, it c an be concluded that most household have limited incomes. This has subsequently affected their quality of life. Other factors that have contributed to poverty are low education levels, poor infrastructure, and general unemployment of the youth age populat ion. Poverty levels in urban areas are lower than the rural areas. 1.3.5 Topography The topography of the District is dissected by many rivers and streams with steep sloped river/stream valleys. The main geo -physical features of Kafue District are the highland/hilly, in the north, and lowland/flat land areas, in the south and west. The highland area, with a high point elevation of 1455metres above sea level covers the northern and North -eastern part of the District. The Namafuwa, Musoka and Mphande hills are the highest points in the northeast direction. From the hills, the land surface falls rapidly, with slopes of about 30 percent until reaching lowland areas including the Kafue Flats and Chiawa area in the western and south -eastern part of the District respectively. The District has an average altitude of 980metres above sea level with urban built up settlement below 1100 metres. (See Figure 7, for the elevation and District slope). District P0 95% confi- dence interval P1 95% confi- dence interval P2 95% confi- dence Interval Kafue (502) 0.605 0.570 – 0.641 0.256 0.232 – 0.279 0.136 0.119 – 0.154|https://www.kafuecouncil.gov.zm/?page_id=195|Integrated Development Plan 2024-2034|2026-09-11
document_page|kafue_idp_2024_2034_page_0036|kafue_idp_2024_2034.pdf|Integrated Development Plan 2024-2034|36|15 Figure 7: Slope Map Source: Kafue Town Council, Planning Department (2024) 1.3.6 Geology The geology of the District can be classified into three main soil types, namely lithosol, luvisol, and vertisol. The District is mostly covered by the lithosol soil that is relatively predominant and co nsists of partially weathered rock fragments. The luvisol soil covers the south-east of the District and larger portions of the western part of Kafue. These are generally fertile and are useful for agriculture. The vertisol soils accounts for a relatively small portion|https://www.kafuecouncil.gov.zm/?page_id=195|Integrated Development Plan 2024-2034|2026-09-11
document_page|kafue_idp_2024_2034_page_0037|kafue_idp_2024_2034.pdf|Integrated Development Plan 2024-2034|37|16 Figure 6: Kafue District Drainage System on the far west of Kafue District. These soils have a high content of expansive clay materials thereby forming deep cracks in drier seasons. 1.3.7 Vegetation and Wildlife Most of Kafue is an undulating mosaic of Miombo woodlands and dambos, w ithin which are patches of Munga woodland, and bands of riparian forest and thickets along the larger rivers . In the extreme northwest part of the Blue Lagoon National park are the permanently wet Busanga Swamps, surrounded by adjacent floodplains. However the District has faced massive deforestation which is evident in central to the western part of the District due to mainly agriculture expansion settlement encroachments and urbanization. The local forests (Mpande Hill and Kafue) have also not been spared from deforestation. Chiawa Game Management Area has also been affected by deforestation. 1.3.8 Hydrology and Drainage The main river systems in Kafue District are the Kafue River, Zambezi River, Mapompo River, Mapepe, Makwisi, Chiyaba River and Mufundesh i River, as shown in Figure 6 below. A number of streams in a number of wards are also noticeable, both perennial and seasonal streams. The District has a small number of wetlands mostly along the Kafue River and Zambezi River which serve as the main areas for vegetable production. Source: Kafue Town Council, Planning Department (2024)|https://www.kafuecouncil.gov.zm/?page_id=195|Integrated Development Plan 2024-2034|2026-09-11
document_page|kafue_idp_2024_2034_page_0038|kafue_idp_2024_2034.pdf|Integrated Development Plan 2024-2034|38|17 1.3.11 Institutional arrangement Kafue District has two (2) distinct institutions namely the traditional leadership and the state. In terms of the state, Kafue District administration is headed by a District Commissioner who has overall responsibility for all government business. He is supported by heads of Government departments that represent various sector ministries. All local authorities in Zambia deriv e their powers from the Local Government Act No: 2 of 2019 of the Laws of Zambia. Furthermore, the Constitution of Zambia has established devolved functions of the local authorities. The Council Secretary is the Chief Executive Officer for the Town Council. The Council Chairperson, elected by the electorates in Kafue is the Political Head of the District and presides over all Council business in accordance with the Constitution of Zambia. Some of the delegated functions of the Council include: a) Control of Markets and Bus Stops b) Formulating By-Laws within its area of jurisdiction c) Promoting Local Economic Development of the District d) Promoting social infrastructure and services e) Waste Management and Environmental cleanliness Further, in 2014, Cabinet Circular No. 10 of 2014 delegated additional functions to Local Au- thorities in line with the Decentralisation Policy. These functions include: a) Primary and Early Childhood education as well as Adult Literacy b) Primary Health Care c) Social Welfare and Community Development Services d) Agricultural extension Services e) Community Management of HIV/AIDS and TB programmes f) Community Sports and Youth Development Regarding customary authority, the District has two (2) traditional authorities namely Her Royal Highness Senior Chieftainess Nkhomeshya Mukamambo II of the Busoli Royal Establishment and Her Royal Highness Chieftainess Chiyaba of the Goba speaking people. Within village communities, the authority of the chief is represented by the Headmen/women as well as chiefs’ advisors, whominterfaced with the people on matters on cultural and social matters. Changes in laws at the national level had granted more powers to sub District strict structures, i.e, Ward Development Committees, (WDCs) in order to facilitate the initiation and management of development programes at grassroots level. The WDCs, which were|https://www.kafuecouncil.gov.zm/?page_id=195|Integrated Development Plan 2024-2034|2026-09-11
document_page|kafue_idp_2024_2034_page_0039|kafue_idp_2024_2034.pdf|Integrated Development Plan 2024-2034|39|18 apolitical in structure, promised to leverage on diverse potentials of the Ward to foster common understanding and promote resource pooling among the customary, elected lea ders, and community members.|https://www.kafuecouncil.gov.zm/?page_id=195|Integrated Development Plan 2024-2034|2026-09-11
document_page|kafue_idp_2024_2034_page_0040|kafue_idp_2024_2034.pdf|Integrated Development Plan 2024-2034|40|19 PART TWO: THE PLANNING SURVEY AND ISSUES REPORT 2.0 Demographic Analysis The section outlines details of population dynamics in the District and includes total population, growth rate, the gender breakdown, age distribution, rural and urban population, dependency ratios, population density and poverty analysis. 2.1 Kafue District Population and population growth According to ZamStats (2022), the population for Kafue District is 219, 574. The District has sixteen (18) wards. The most populated wards are Chisankane and Shabusale as shown in Figure 9 due to the fact that they are located in the settled planned area that is close to the Central Business Area (CBD) of the District and Lusaka for Chis akane ward . In addition, their proximity to the Great North Road (T2) is another factor that has attracted and retained the population in these wards. The least populated wards are Chitende and Chisakila, which are the sparsely populated settlements in the low Zambezi in Chiawa game mamangement area. In comparison to other Districts in Lusaka Province (See Figure 10), the population of Kafue District is second to only Lusaka City and accounted for 10 percent of the total provincial population size1. Luangwa District is the least populated with less than 30,000 people. Figure 9: Population By Ward Source: Zambia Statistics Agency, 2022 1 Note that this data includes Chilanga, which was established as a District in 2012. With this consideration, Chongwe has the second highest population in the province.|https://www.kafuecouncil.gov.zm/?page_id=195|Integrated Development Plan 2024-2034|2026-09-11
document_page|kafue_idp_2024_2034_page_0041|kafue_idp_2024_2034.pdf|Integrated Development Plan 2024-2034|41|20 Figure 10: Lusaka Province Population Trends 1990 – 2010 Source: 2000 and 2010 Censuses of Population and Housing Figure 11: Kafue wards population Distribution Source: Generated by Kafue IDP Team 2024|https://www.kafuecouncil.gov.zm/?page_id=195|Integrated Development Plan 2024-2034|2026-09-11
document_page|kafue_idp_2024_2034_page_0042|kafue_idp_2024_2034.pdf|Integrated Development Plan 2024-2034|42|21 2.1.2 Population Distribution by Residence (Urban / Rural population) There are more people living in the rural areas of Kafue District than the urban areas. According to CSO (2010), an estimated 59.9 percent of the population in Kafue was considered rural and about 40.1 percent being urban as shown in Table 3. From these figures, it can be noted that there are more people living in the rural areas of Kafue District than the urban areas. Kafue District has the second largest proportion of the population considered urban in Lusaka Province after Lusaka City that has nearly 84.7 percent of the urban population. This has implications for present and future burden of providing of municipal services such as water, refuse collection, roads, transportation networks and transport stations as well as energy infrastructure services. Table 3: Kafue Population Distribution By Urban /Rural Residence Population Kafue Lusaka Province National Number Percent Number Percent Number Percent Urban 48,249 40.1 1,854,309 84.7 5,173450 39.5 Rural 72,166 59.9 336,318 15.3 7,919,216 60.5 Source: 2010 Census of Population and Housing 2.1.3 Population Growth rate The annual population growth rate for Kafue is 3.2 percent from the 10 -year period of 2010 to 2020 (Census, 2010). From Figure 10 below, it can be seen that between the periods 1980 to 1990, the annual population growth for Kafue District dropped fr om an average 11.6 percent to 4.8 percent, corresponding to the 1990 -2000 structural adjustment era. In this privatization era, local industries including textile and chemical fertilisers experienced closure or slowed operations. Thus the early decades o f 2000s experienced slowed population increase from 4.8 percent (1990), to 3.2 percent in 2019. Generally this trend may be attributed to stronger migratory influence toward Lusaka city, for the active age group 15 – 34 years, in search of employment and education career development. Notably, the high growth rates experienced in the in the 1980s appear unlikely in the next two decades up to 2040.|https://www.kafuecouncil.gov.zm/?page_id=195|Integrated Development Plan 2024-2034|2026-09-11
document_page|kafue_idp_2024_2034_page_0043|kafue_idp_2024_2034.pdf|Integrated Development Plan 2024-2034|43|22 Figure 12: Population Growth Rates (1980-2019) Source: Census 2010; Population and Demographic Projections, 2011-2035 2.1. 4 Population Distribution by Density The density of population is a useful indicator of the intensity of human settlements and scale of the development challenges that the local and District authorities may require to address. High population densities place additional strain on the delivery of basic public services. On the other hand, low population densities tend to increase the unit cost of provision of municipal services. Kafue has population of density of 37 people per square kilometre. This density for Kafue District is higher than the national population density of 24 people per sq. km (CSO, 2018), but lower than the provincial estimate which stands at 100.1 per square kilometre. The figure below, shows the number of people living per square kilometer in the District. Kasenje Ward has the highest population density followed by Shabusale, Matanda, Mungu and Kafue respectively. The least densely populated wards are Chikupi and Magoba.|https://www.kafuecouncil.gov.zm/?page_id=195|Integrated Development Plan 2024-2034|2026-09-11
document_page|kafue_idp_2024_2034_page_0044|kafue_idp_2024_2034.pdf|Integrated Development Plan 2024-2034|44|23 Figure 13: Kafue District Population Density Map Source: Generated by Kafue IDP Team 2024 2.1. 5 Population Distribution by Sex The proportion of male to female population indicate that there are marginally more males than females in Kafue District and by 2035, the trends would not change significantly. Table 4, below highlight population distribution by sex in Kafue District. Table 4: Population Distribution By Sex 1990-2019 Source: Census 2010; Population and Demographic Projections, 2011-2035 Year Male percent Female percent Total 1990 59, 668 51 57, 686 49 117, 354 2000 77,001 51 73, 216 49 150, 217 2010 123, 201 50 121,427 50 244, 628 2015 147,289 51 140,758 49 288, 047 2019 168, 432 50 167,151 50 335, 583|https://www.kafuecouncil.gov.zm/?page_id=195|Integrated Development Plan 2024-2034|2026-09-11
document_page|kafue_idp_2024_2034_page_0045|kafue_idp_2024_2034.pdf|Integrated Development Plan 2024-2034|45|24 2.6.1 Population distribution by age group The pyramid below highlights population distribution for the year 2019 in the District between both sexes as well as the different age groups. Th e population has been distributed with 4 year age groups. The largest population age group ranged from 0 -4 years and least ranging from 70 -80 years. In addition, out of the total population, the youth age group comprise over 45 percent, while those in the age cohort above 64 years consist of less than 10 percent. Figure 14 below summarises the population profile represented by the pyramid. Source: 2010 Census of Population and Housing A consideration of the primary school age (0 -14 years, at 43 percen t of the population), sug- gests that the District was grappling with school age child dependency. Further when the late school age population is added to the analysis the under 30 year cohort of the population con- stitute 70 percent of the population. Therefore during the plan period that the District would require to increase capacity to pro- vide primary community services including early and primary schools, health facilities and recreation. In addition, a younger population implies an increasing need for skills and tertiary education as well as employment creation to develop and retain human capital. Figure 14: Kafue Population Pyramid- 2019 Projected|https://www.kafuecouncil.gov.zm/?page_id=195|Integrated Development Plan 2024-2034|2026-09-11
document_page|kafue_idp_2024_2034_page_0046|kafue_idp_2024_2034.pdf|Integrated Development Plan 2024-2034|46|25 2.2 Population Characteristics 2.2.1 Dependency ratios In 1990, total dependency ratio (0 -14 and above 65 years age in relation to the 15 -64 cohort) for Zambia was 82.4 percent. From Table 5 below, for Lusaka and its rural region, including Kafue, it can be concluded that there has been a general reduction trend on dependency ratio. Overall, for the productive population (16 – 55years), the decline is si gnificant, as it may imply a trend of lessening burden on household incomes. Table 5: Age Dependency Ratios (Lusaka and Rural/ Urban) 1990, 2000 and 2021 Rural/Urban 1990 2000 2010 Child Dependency Ratio 80.4 76.7 69.7 Aged Dependency Ratio 2 2.6 2.8 Overall Dependency Ratio 82.4 79.3 72.5 Source: 1990, 2000 and 2010 Censuses of Population and Housing 2.2.2 Mobility and Migration According to the 2010 Census of Migration and Urbanisation (CSO, 2010), Kafue recorded in-migration of 55.6 percent (126,391) against 8.2 percent (18,741) in terms of outmigration. The net migration stood at 47.3 percent (107,650). The rate can be attributed to moving in of the commuting population to the suburb areas that are closer to Lusaka city (Chisankane Ward), or situated along the Great North Road axis (Malundu Ward). 2.2.3 Employment Kafue has both formal and informal employment. Employment data at Kafue District labour office (2019) indicates that there were 38, 787 (67 percent Male ; 33 percent Female) in for- mal employment in the District. Agriculture was the main sector accounting for 29 percent of the labour force, followed by Fishing (15 percent), Trading (8 percent) and Manufacturing (6 percent). The Tourism and Mining sectors employed the least number of people. Figure 13 below depicts the numerical employment status by gender comparison. From the chart there were two (02) Males em- ployed for every employed Female. Therefore, given the 50 percent sex ratio in the popula- tion distribution (2019), the intensity of unemployment was higher for the Female population. Overall the employment was skewed towards agriculture and fisheries sectors. Thus, efforts to expand value chains in these sectors can absorb the unemployed labour. Fu rther, in view of bulging youth cohort, the informal sector was an important preoccupation especially in the|https://www.kafuecouncil.gov.zm/?page_id=195|Integrated Development Plan 2024-2034|2026-09-11
document_page|kafue_idp_2024_2034_page_0047|kafue_idp_2024_2034.pdf|Integrated Development Plan 2024-2034|47|26 core urban area, where opportunities for informal Trade and Personal Services were generally high. Figure 15: Kafue District Employment 2019 Source: Kafue District Labour Office, 2019 2.2. 4 Life Expectancy The average life expectancy for both men and women of Kafue District in 2010 stood at 58 years, higher than the national (51.6 years) and provincial (54.6 years) averages, as shown in Table 6. It was is projected to increase to 62 years (men) and 63 years (women) by 2035, owing to expected improvement in access to health care and improved detection of diseases, as well as household income. It would remain higher than the national avera ge projected to increase to 59 years. Table 6: Life Expectancy Year Kafue Lusaka Province National Life Expectancy (Males) 56.7 50.9 52.2 Life Expectancy (Females) 59.3 52.2 56.9 Source: Census 2010|https://www.kafuecouncil.gov.zm/?page_id=195|Integrated Development Plan 2024-2034|2026-09-11
document_page|kafue_idp_2024_2034_page_0048|kafue_idp_2024_2034.pdf|Integrated Development Plan 2024-2034|48|27 2.2. 5 Fertility Rates The 2010 Census of Population and Housing shows that the fertility rate for Kafue District (4.8 percent) was higher than the provincial average (4.6 percent), but lower than the national average (5.5 percent). This rate was likely to decline due to va rious factors including delayed child bearing, improved access to family planning services, and as the population became more urbanised. The total fertility rate for Lusaka declined from 6.0 in 1990 to 4.6 in 2000 and remained the same in 2010. It must b e noted, however, that fertility rate in the rural areas remains relatively higher than in urban areas. 2.3 Population Projections and Likely Characteristics Kafue has a population growth rate of 3.2 percent. According to the Ministry of Local Government (2019), the District was among Zambia’s towns that were experiencing rapid urbanization. In general, proximity to Lusaka, and ease of commuting to the city center were important factors influencing this growth. Lusaka Province had the highest population size in Zambia with estimated population of 2.7million with population growth rate of 3.8 percent. Figure 16 below indicates the population growth and projection from 2010 to 2035 for Kafue District. The population would expand to 482,410 (or 96,482 ho useholds from 67.117 households in 2020), at 44 percent in the decade between 2020 and 2030. By 2035, it would expand to 513,572, or 102,714 households. Assuming constant rural /urban ratio (60/40 percent, in 2010), the majority of these households would still be spread in the rural wards.|https://www.kafuecouncil.gov.zm/?page_id=195|Integrated Development Plan 2024-2034|2026-09-11
document_page|kafue_idp_2024_2034_page_0049|kafue_idp_2024_2034.pdf|Integrated Development Plan 2024-2034|49|28 Figure 16: Kafue District Population Projections 2010 - 2035 Source: Zambia Population and Demographic Projections, 2011-2035 Table 7 Projected Population and Population Density for 2025 S/N Ward Projected Population Density (Pop/Km2) 1 Kasenje2 95581 4918.66 2 Shabusale 69209 2039.20 3 Mungu 32129 304.74 4 Shimabalai 29432 536.06 5 Matanda 24857 601.62 6 Malundu 21170 105.93 7 Chisankane 20728 130.74 8 Kafue 18327 421.64 9 Chifwema34 12122 13.47 10 Chiyaba 12102 9.08 11 Kambale 11729 40.91 2 After the Delimitation exercise of 2019 the ward was delimited into two wards (Kasenje and Shikoswe wards) 3 The ward has been delimited into two (Shimabala and Kabweza wards) 4 Created in 2016|https://www.kafuecouncil.gov.zm/?page_id=195|Integrated Development Plan 2024-2034|2026-09-11
document_page|kafue_idp_2024_2034_page_0050|kafue_idp_2024_2034.pdf|Integrated Development Plan 2024-2034|50|29 12 Lukolongo 11593 95.42 13 Chitende 10331 30.90 14 Chisakila 10215 26.45 15 Magoba 2424 13.07 16 Chikupi 2372 6.97 TOTAL 384, 321 Source: Zamstat – 2019 From Table 7 above, it can be deduced it can be deduced that significant growth can be expected in the urban wards (Kasanje, Shabusale, Mungu) and those along the Lusaka -Kafue transport corridor (Shimabala, Lukolongo, Malundu, Chisankane). As a consequence, it can be inferred that, over the period of the plan, there would be a likelihood of increased pressure for settlement land and infrastructure services within the core urban area, while spatial gaps in services would persist in the rural settlements. 2.4 The Impact of the Con tinuation of Existing Population Trends on Land Use and Spatial Development Patterns The anticipated impact of the population trend is that the wards in the Core urban area and the Lusaka-Kafue corridor would experience growth in population more than the rest of the wards. The pattern of growth may likely increase demand for land and social and services in the same corridor. Already, a trend of land conversion of agricultural land in favour of residential development was noticeable in the fringe areas of the District. In addition, these urbanising areas are likely to attract services and ultimately employment concentration in the same belt. From this background, the strategy to establish and reinforce economic clusters in the District would potentially meet the need for a more balanced settlement development pattern. 3.0 Sector Analysis 3.1 Introduction This section analyses the status and outlook of key sectors including energy, transportation, solid waste management, Water and sanitation, touris m, health, education, agriculture, forest|https://www.kafuecouncil.gov.zm/?page_id=195|Integrated Development Plan 2024-2034|2026-09-11
document_page|kafue_idp_2024_2034_page_0051|kafue_idp_2024_2034.pdf|Integrated Development Plan 2024-2034|51|30 and the environment, housing development and Land use, communication and access to internet and analysis of other Community Social services, Housing and land use development, and many other sectors matters. The thematic analysis focuses on a number of elementary issues that include, level of service delivery, issues arising from the public participation process, Impact of Changes Anticipated Over the Next Ten Years The Impact of the Continuation Of Existing Trends on Land Use and Population Distribution Patterns, Environment and Climate Change Analysis, Issues Arising Relating to Gender Groups and Vulnerable Groups. The chapter equally provides a Summary of each sector reviewed and does further look at factors contributing to issues identified in the sector. 3.2 Energy Sector 3.2.1 Key Government Priorities Being and To Be Implemented At A Local Level Government has intensified the provision of alternative energy sources within the Country. At District level, the promotion of investment in alternative energy sources like solar energy is receiving much attention from the Local Authority. In the recent past the Local Authority has facilitated the established of two additional solar plants within Kafue west of the District. This is inclusive of the existing solar farms that are housed in the MFEZ Zone. 3.2.2 Description of the Existing State Of Development In 2017, electricity net consumption for Zambia was 12.38 billion kilowatt at National Level. Though Zambia electricity net consumption fluctuated substantially in recent years, it tended to increase through 1998 - 2017 period ending at 12.38 billion kilowatt hours in 2017. At the local level the major sources of energy in the District are charcoal, electricity an d firewood. More than 60% of population use charcoal or firewood as energy for cooking because these two sources of energy can be easily accessed than electricity and are perceived to be cheaper. The Table 8 below summarises the source of energy by househo lds and population in Kafue. According to the results below, majority of the households uses candles for lighting purposes (19,484) followed by households using Electricity (17,951) while the least households uses Gas as a source of energy. Table 8: Sources of energy ENERGY TYPE NUMBER District Population 227, 466 Housing Units 44, 556 Electricity|https://www.kafuecouncil.gov.zm/?page_id=195|Integrated Development Plan 2024-2034|2026-09-11
document_page|kafue_idp_2024_2034_page_0052|kafue_idp_2024_2034.pdf|Integrated Development Plan 2024-2034|52|31 Source : ZESCO 2018 Households 17,951 Population 93,111 Gas Households 50 Population 232 Wood Households 176 Population 793 Candle Households 19,484 Population 96,257 Paraffin Households 2,120 Population 11,406 Solar Households 832 Population 4,718 Bio Fuel Households 69 Population 379 Diesel Households 485 Population 2,658 None Households 181 Population 796 Other Households 3,208 Population 17,116|https://www.kafuecouncil.gov.zm/?page_id=195|Integrated Development Plan 2024-2034|2026-09-11
document_page|kafue_idp_2024_2034_page_0053|kafue_idp_2024_2034.pdf|Integrated Development Plan 2024-2034|53|32 Figure 17: Energy Demand Source : ZESCO 2018 Figure 18: Energy Sources Source : ZESCO 2018 3.2.3 Issues Arising From the Public Participation Process Kafue District currently consumes less than 1Megwatt (MW) of power per day and about 1.8 megawatt at peak hours. The main consumers of power in Kafue District are households, commercial buildings, commercial farmers and industries. The projected demand for power by 2030 will be around 6MW, an increase that will be as result of the increase in industrial and mining activities around the establishment of industries and the expansion of commercial farming activities in the District. Currently, over 40% of power consumed in t he District is used by industries and followed by commercial farms at 25% and the rest is shared among|https://www.kafuecouncil.gov.zm/?page_id=195|Integrated Development Plan 2024-2034|2026-09-11
document_page|kafue_idp_2024_2034_page_0054|kafue_idp_2024_2034.pdf|Integrated Development Plan 2024-2034|54|33 residential housing, commercial businesses, administrative offices, schools and health facilities. 3.2.4 Impact of Changes Anticipated Over the Next Ten Years The diagram above illustrates major sources of energy in the District; Charcoal is most used source of energy and accounts for 49%. Electricity comes second, which amounts to 47% of total energy sources in the District and followed by wood. The oth ers source such as paraffin and candles are used for righting purposes. Gas and other sources contribute to contribute less than 1% of energy sources. By 2030, the energy demand for Kafue is projected to grow to 3MW at off peak and 5MW at peak. The proportion of people using firewood and charcoal for domestic energy remains high at about 65%. The percentage of households burning fuels through cars and engines is low. The Consumption of charcoal is higher than electricity .Given the project increase in population these levels are subject to increase, hence negatively affecting the environment if connections to the National gird are not scaled up or if households don’t invest in sustainable alternative sources of energy. It is anticipated that in the years to, cover if the situation is not well managed the forest cover in the District will reduce significantly. 3.1.5 The Impact of the Continuation of Existing Trends on Land Use and Population Distribution Patterns Charcoal consumption is expected to double by 2030 and fuel wood consumption used for charcoal production is estimated to be 544.8 million m 3 and 46.1 million tons, respectively. This situation is likely to also occur the majority of wards in the District if an investment in alternative sources of en ergy is not done. In The wards of the District traditional charcoal production has been a growing concern due to its threat of deforestation, land degradation, and climate change impacts. Its use from 54 to 71% in both urban and rural areas. This rapid increase in Charcoal production as both an important economic activity and source of energy is impacting negatively on land cover as most of the trees harvested are not replanted. 3.1.6 Environment and Climate Change Analysis With a few households connected in the main gird the level of consumption of charcoal is estimated to increase in the District. This will result in increased deforestation. Recently level of deforestation at a result of clearance of land for farming activities and charcoal burning has been on the increase in the District. This is negatively affecting the environment within the District. This affects not only loss of trees but also changes to the climatically conditions of the District.|https://www.kafuecouncil.gov.zm/?page_id=195|Integrated Development Plan 2024-2034|2026-09-11
document_page|kafue_idp_2024_2034_page_0055|kafue_idp_2024_2034.pdf|Integrated Development Plan 2024-2034|55|34 3.1.7 Issues Arising Relating to Gender Groups and Vulnerable Groups Among the issues arising from lack of electricity in the rural wards is the inability of women and youths to engage in economically productivity activities at household level. Lack of ac- cess to electricity has a huge negative impact on ho useholds and communities because inade- quate energy infrastructure causes the marginalization of entire villages or cities. At the same time, energy poverty in the rural wards of the District strongly affects the individual’s living and social conditions and undermines educational and business opportunities. Women in these areas, were responsible for a household’s energy supply, and hence suffer the greatest impact of energy poverty . Evidence of this can be found in observable conse- quences such as health or physical drudgery, as well as in terms of social inequality and lim- ited personal empowerment 3.2.8 Summary of the sector Modern and reliable energy is essential for economic development and women’s empower- ment. Time saved from wood and fuel collection cou ld be effectively used for new business opportunities. Furthermore, women who have access to electricity and are exposed to several information channels, i.e. TV or formal education, are also more likely to be externally em- ployed. This is not the case in t he District. As women contribute to the household’s income , they also benefit from personal empowerment, increase their bargaining and decision making power domestically and improve their social status outside the home. In this way, women’s economic and pe rsonal empowerment results in higher social influence and greater political awareness. Both of these aspects are necessary to overcome the traditional gender-based divi- sion of labor. While access to modern energy generally has clear and positive effects on females’ employment and empowerment, it might initially decrease income generation opportunities. Firewood collection and sales represent a source of income for women that would disappear in the case of technological advancement and a switch to modern ene rgy. However, electrification is also responsible for increasing efficiency and automation in dif- ferent sectors, including agriculture, where women are traditionally employed. Electricity demand in Zambia has been increasing at the annual rate of 3 – 4 %, mainly owing to mining sector and agricultural sector. Structurally, future demand growth will depend on mining company demand. Copper ore production may be affected by international market conditions. If the market price declines, Zambia could lose its c ompetitive edge. Power demand could then also decline, a trend which has historical precedence. Thus, power demand in the mining sector is strongly affected by copper price on the international market and by price volatility. By 2030, the Zambian government plans to increase the electrification ratio from the current 3.1% to 50% in rural areas, 48% to 90% in urban areas, and to reach the nationwide target ratio of 60% by 2030. These increases will be additionally piled up in|https://www.kafuecouncil.gov.zm/?page_id=195|Integrated Development Plan 2024-2034|2026-09-11
document_page|kafue_idp_2024_2034_page_0056|kafue_idp_2024_2034.pdf|Integrated Development Plan 2024-2034|56|35 future demand; but the increases will be determined by restriction in actual supply rather than by potential demand. Figure xx Electricity Demand for Zambia 2005 – 2020. 3.1.9 Consideration of The Underlying Factors Contributing To The Issues Identified A number of wards are disadvantag ed in the District in terms of access to electricity, this is because of the high cost of providing this service in low populated remote places with difficult terrains and low consumption results in rural electricity schemes that are usually more costly to implement than urban schemes. In addition, low rural incomes also rise the challenge of affordability. Although, where electricity replaces other commercial fuels and the long distance means greater electricity Loses and more expensive customer support an d equipment maintenance. Despite this rural electrification one of the programs currently running in the District has claimed to have substantial benefits, promoting production and better health and education for Households. 3.3 Transport Sector 3.3.1 Key Government Priorities Being and To Be Implemented At A Local Level The country has a national transport policy which was approved in 2019. The Policy aims at enhancing the facilitator role of the transport sector in social and economic development of the public and private sectors. It seeks to promote private sector involvement in infrastructure development and service provision under a regulated environment. Further, it focuses on promoting integrated modal transportation of goods and passengers, enhan cing cost efficiency in transport service provision; ensuring optimal maintenance and rehabilitation of existing transport infrastructure; promoting regional corridor competitiveness and promoting safe transport infrastructure and services. At District level the Local Authority in partnership with central Government has invested in undertaking road works that are meant to improve access in all the wards of the District. 3.2.2 Description of the Existing State Of Development The major road cutting across K afue District is the Great North Road , running between Livingstone and beyond Lusaka and it connects Zambia and the rest of Southern Africa (Zimbabwe , Botswana, Namibia and South Africa).The District is also crossed by the railway line which runs between the Copperbelt Province through Lusaka to Livingstone and beyond to Sothern Africa. In terms of air transport, the District has two small airfields which can only accommodate small aircrafts. , The major rivers, namely Kafue and Zambezi can be used as a means of transport. However currently, the two rivers are utilised mainly for boat cruises by tourism businesses. The street networks in the township is extensive, but in a very poor condition. The rural parts|https://www.kafuecouncil.gov.zm/?page_id=195|Integrated Development Plan 2024-2034|2026-09-11
document_page|kafue_idp_2024_2034_page_0057|kafue_idp_2024_2034.pdf|Integrated Development Plan 2024-2034|57|36 of the District has a network of a number o f gravel and earth roads which are passable, but equally in poor conditon. The Township Road layouts are shown in figure 19 below. Figure 19: Township Roads Source: Generated by Kafue IDP Team 2024 3.2.3 Issues Arising From the Public Participation Process Kafue is growing rapidly at an annual rate of 3.2% and yet provision of transportation infrastructure has not matched the growth. At the District level, the rate of investments in transport infrastructure is lower than the demand largely due to lack of clearly defined infrastructure targets, own financial resources and approved spatial plans to ensure that the investments in transport is implemented accordingly. Only about 3% of the District has approved spatial plans made up mainly of six (6) wards na mely Kafue, Kasenje, Chisankane, Chifwema, Shabusale and Matanda. The majority of the residents of Kafue live in unplanned settlements on the fringes of the urban wards (Kafue, Matanda, Kasenje and Shabusale) and in rural areas extending as far as 65km fro m the civic centre. The existence of several spatial layouts (of only a few selected areas) that have not been merged and updated poses a risk to infrastructure planning, resulting in development inequalities between urban and rural wards. 3.2.4 Impact of Changes Anticipated Over the Next Ten Years Current efforts to provide road infrastructure have been limited to only a few urban wards (Chisankane, Kafue, Matanda, Kasenje and Shabusale) which have had some of their roads upgraded to bituminous standards with the rest of the District experiencing minimal to no infrastructure at all. Some roads in rural wards such as Lower Zambezi, Kafue East and West|https://www.kafuecouncil.gov.zm/?page_id=195|Integrated Development Plan 2024-2034|2026-09-11
document_page|kafue_idp_2024_2034_page_0058|kafue_idp_2024_2034.pdf|Integrated Development Plan 2024-2034|58|37 were recently graded to improve accessibility. It has also been noted that infrastructure provision in the District is adhoc and irregular and has focused mostly on maintenance, not upgrading or creation of new transport routes despite the vast resource potentials in the District. The rapidly changing nature of wards closer to Lusaka such as Shimabala, Lukolongo, Chifwema, Malundu and Chisankane, which are on traditional land have experienced regular changes in land use from agriculture to industrial, commercial and residential making it even more difficult for the council to provide transport infrastructure. Other factors affecting the provision of infrastructure are the high number of land disputes, unplanned settlements and high frequency of subdivisions on previously planned lots especially in Chisankane and Shimabala Wards. 3.2.5 The Impact of the Continuation Of Existing Trends on Land Use and Population Distribution Patterns The demand for transportation services in Kafue District is increasing due to population growth and urbanisation. Its proximity to Lusaka makes the District attractive for commercial, housing and industrial developments that have driven land conversions from traditional to leasehold and subdivisions of planned lots. Several roads will need to be upgraded and new roads opened. There will be a need for a well -planned intercity bus terminus to coordinate public transport systems and also need to consider alternative transportation such as waterways along the Kafue River to Chirundu and Luangwa and Feira through the Zambezi River. The existing railway will need to be upgraded and maintai ned to reduce traffic congestion caused by heavy trucks that pass through the main town Centre. In order to stimulate its tourism sector, the District will need to build an airport to attract international visitors and other local tourists. Kafue has a hig h potential for tourism in the Lower Zambezi.|https://www.kafuecouncil.gov.zm/?page_id=195|Integrated Development Plan 2024-2034|2026-09-11
document_page|kafue_idp_2024_2034_page_0059|kafue_idp_2024_2034.pdf|Integrated Development Plan 2024-2034|59|38 Figure 20: Transport Infrastructure Source: Generated by Kafue IDP Team 2024 The figure 20 above shows the priority roads that need to be upgraded and maintained in the District. By 2030, the District will r equire more roads to accommodate the growing population and rapidly expanding urban areas especially in Kafue East and West as well as the central areas in Shimabala and Malundu wards. The District equally faces the challenges of connectivity between and within the existing wards. 3.2. 7 Issues Arising Relating to Gender Groups and Vulnerable Groups In the rural areas of the District, no established transport system exists this has made mobility for the rural urban a challenge. The majority of them have to either walk or use bicycle to undertake economic activities. The District is equally not well connected with road infrastructure making it difficult to move from one Ward or location to another. The only established model of transport in motorized transpo rt, and rail transport which is also not efficient. The District does not have an airport, the existing airstrips are held in private hands for mostly those in agriculture and tourism. This implies that the poor are further marginalised by lack of a well-established transport system. 3.2.8 Summary From the public participation processes it was evident that an improved transport infrastructure with Intelligent Transport Systems (ITS) is critical for the District to improve|https://www.kafuecouncil.gov.zm/?page_id=195|Integrated Development Plan 2024-2034|2026-09-11
document_page|kafue_idp_2024_2034_page_0060|kafue_idp_2024_2034.pdf|Integrated Development Plan 2024-2034|60|39 connectivity. Further, the District needs to utilize the existing transport infrastructure such as rail, air and waterways by creating an integrated multimodal transport system to improve transport efficiency. . 3.3. Forestry and Environment 3.3.1 Key Government Priorities Being and To Be Implemented At A Local Level The Government recognises the importance of sustainable use of forestry and forestry product as important resources for the creation of employment, without however compromising the environmental standards. As such, the govern ment has put in place a number of measures to enhance sustainable forest exploitation for economic development as well environmental protection. Some of the policies include afforestation, community based natural resource managements systems and many other s. These measures include the promotion of sustainable harvesting of wood and production of charcoal in order to reduce deforestation. This has been done in Chief Chiawa where some areas have been zoned for restricted harvesting. The other key priority is to increase the participation of the private sector in the development of the forestry industry in order to enhance the contribution of the sector to the growth of the economy. Another intervention is the empowerment of local communities and traditional leaders in order to ensure adequate protection and management of forests. This has been actualised by the formation of community based forest protection teams in Chiawa area of the District. 3.3.2. Description of the Existing State Of Development Among the services being provided for through the Forestry sector includes but not limited to: Beekeeping Development, Forest Protection and Management, Tree Planting and Licensing on the usage of Forestry Products by way of issuance of permits to the members of the general public. Other services include Nursery Establishment and general Forestry Extension work. The District is losing more forest cover largely due to demand for land agricultural expansion as well as human settlements. Other activities that are cont ributing to deforestation include the high demand for charcoal and to certain extent timber production, though the latter is not for commercial production purposes. Most of the deforestation has been taking place in the north eastern part of the District in areas that include Nankanga, Kafue and Mpande Hills Forest Reserves. The other areas affected by deforestation include the central part of the District (core township), extending to the western part of the District and the Chiawa Game Management Area.|https://www.kafuecouncil.gov.zm/?page_id=195|Integrated Development Plan 2024-2034|2026-09-11
document_page|kafue_idp_2024_2034_page_0061|kafue_idp_2024_2034.pdf|Integrated Development Plan 2024-2034|61|40 Figure 21: Kafue forestry and Wildlife Source: Generated by Kafue IDP Team 2024 3.3.3 Issues Arising From the Public Participation Process Forestry has been used unsustainably in the District. As a result, the community reported that a number of streams in both urban and rural areas had dried up as a result of human activities. The community equally indicated a loss of tree cover in various wards as well as increased flooding as a result of the loss of forest cover and fires. The key reason for the use of forestry products such as fire wood included the lack of electricity from the grid as well as unemployment. 3.3.4 Impact of Changes Anticipated Over the Next Ten Years Climate change impacts regional water availability through the spatial and temporal redistribution of available water reso urces. Since 2016, it was noted that c limate change is making it significantly harder for local people to support their livelihoods, access safe water, fight hunger and live healthy. The rate at which the natural environment is deteriorating is alarming pa rticularly in Lukolongo, Chifwema, Chisankane, Chitende and Chiyaba Wards. Trees (forests) covering an area in extent of over 4000 hectares have been cut down to pave way for commercial farms, for domestic energy, construction and small scale mining particularly sand mining. The rainfall pattern has changed dramatically since the late 1970s to 2018 with the rainy season reducing to a paltry 2 months of irregular rainfall. Much of Kafue District lies in the 800 – 1200mm rainfall zone and yet received less th an 600mm of rainfall in 2018 resulting in crop failure among most scale farmers. In the late 1970s to 1990s, the rainy season would run for 5months (November to April) and in the last four years which|https://www.kafuecouncil.gov.zm/?page_id=195|Integrated Development Plan 2024-2034|2026-09-11
document_page|kafue_idp_2024_2034_page_0062|kafue_idp_2024_2034.pdf|Integrated Development Plan 2024-2034|62|41 have also been the warmest on record (December to Febru ary). The Lower Zambezi with over 1 million plant and animal species faces the highest effects of climate change that threatens wildlife, humans and land degradation. It is evidently clear that land degradation and deforestation have been the major contrib utors of local climate change in Kafue District. As one of the fastest growing urban centers, the District is experiencing many pressures particularly land conversions to meet the growing demand for modern affordable housing, industries and commercial farm s. The risks posed by climate change across the District are similar. The changing rainfall pattern leading to droughts that cause crop failures and heat waves that cause extensive health problems are becoming more common in the lower Zambezi. Water resources have become more erratic in areas that lie further away from rivers and dams have also dried up and unable to get filled during the rainy season due to low rainfall experience. This has put pressure on households to find alternative drinking water for their animals and for irrigating their vegetable gardens. A total of seven (7) potential impacts primary were identified when analysing the impacts of climate change. Table 9: Summary of Climate Change Impacts in Kafue District Climate Change Impact # Wards Coverage Increased risks to livestock 12 100% Decreased water quality in ecosystem due to droughts 12 80% Increased migration to urban and peri-urban areas 16 50% Increased impacts on environment due to land-use change 8 60% Increased risk of crop failures 13 100% Loss of Priority Wetlands and River ecosystems 13 100% Increased impacts on threatened ecosystems 8 100% Source: Generated by Kafue IDP Team 2024 3.3.5 The Impact of the Continuation of Existing Trends on Land Use and Population Distribution Patterns 3.3.6 Environment and Climate Change Analysis It is evidently clear that land degradation and deforestation have been the major contributors of local climate change in Kafue District. As one of the fastest growing u rban centers, the District is experiencing many pressures particularly land conversions to meet the growing demand for modern affordable housing, industries and commercial farms. Water resources have become more erratic in areas that lie further away from rivers and dams have also dried|https://www.kafuecouncil.gov.zm/?page_id=195|Integrated Development Plan 2024-2034|2026-09-11
document_page|kafue_idp_2024_2034_page_0063|kafue_idp_2024_2034.pdf|Integrated Development Plan 2024-2034|63|42 Figure 22: Kafue District Climate Change Impact analysis up and unable to get filled during the rainy season due to low rainfall experience. As a result of the above climate change impacts, we have seen most communities going into charcoal production as an alternative source of li velihood. This instead put more pressure on the available forest resources in the District leading to the loss trees especially mopane tree species as is the case with wards in chiawa area. The continuation of the current trends of development where forest and agriculture land is being converted to settlement use will result into reduced land for agriculture, which in turn will lead into increased poverties for the communities that rely on subsistence farming. Other attendant challenges will be erratic water resources as a result of the destruction of sources of water such as the underground aquifer around the multi -facility economic zone in Chifwema and Chisankane areas. Water resources will become more erratic in areas that lie further away from rivers and more dams will dry up and will be unable to get filled during the rainy season due to low rainfall. In the Chiawa area, it is expected that there will be an increase in human animal conflicts, and reduced income from the tourism sector. In the Kafue plains, increase human settlements will result in overfishing on the reviver, thus depleting fish stock and resulting in increased rural poverties. Source: Generated by Kafue IDP Team, 2024|https://www.kafuecouncil.gov.zm/?page_id=195|Integrated Development Plan 2024-2034|2026-09-11
document_page|kafue_idp_2024_2034_page_0064|kafue_idp_2024_2034.pdf|Integrated Development Plan 2024-2034|64|43 3.3.7 Issues relating to gender and vulnerable Groups Climate c hange has increased inequalities among and within communities in the District. Over half of the population facing hunger and majority of children at risk of malnutrition live in the rural wards of the District and are more likely to depend on government fo od assistance. The CSO (2010) indicates that extreme poverty is three times higher in the rural areas of Kafue than the urban areas and that unemployment is highest among adults than young people. This data is still valid based on what was observed and thr ough public consultations. Additionally, the number of people living in extreme poverty increased from 36% in 1990 to 48.6% in 2010 and the numbers could be more by the end of 2020. The pace of poverty is accelerating and climate change is the major driver . The impacts of environmental deterioration are taking a toll on communities and women are affected more followed by young people. It was observed that temperatures in the lower Zambezi in 2019 reached a high of 37 to 42 Degrees Celsius in October. The lo wer Zambezi has also experienced more frequent droughts which are causing increased food insecurity and crippling the livelihood options. 3.3.8 Summary of the Sector The forestry sector in Kafue District has faced significant challenges, especially deforestation. The main drivers of deforestation have been clearing land for agriculture, human settlements, industrial development and charcoal production and demand for fuel wood. This scenario has contributed to the excision of some portions of the protected forest reserves such as Mpande Forest N0; 320 and Kafue local forests. Further there has been indiscriminate cutting down of trees even in other open areas dotted around the District. This indirectly has contributed to climate change being witnessed even a ffecting the livelihoods of the people. However the new Forests Act No 4 of 2015 together with the National Forestry Policy of 2014 has come up with measures that will help protect this very important natural resource 3.3.9 Consideration of the underlying Factors Contributing to the issues identified Most communities consulted cited the following Thas the leading drivers of poverty in Kafue District: unemployment, lack of access to skills and training, lack of viable business opportunities, land disputes and displacements, poor agricultural systems and human -wildlife conflicts. Proximity of the District to Lusaka has brought high demand for housing, agricultural farm plots and the general demand for charcoal and fire wood. Also the persistence drought in the District especially in areas such as Chiawa has made people turn to charcoal production as the alternative source of livelihood hence escalating the deforestation|https://www.kafuecouncil.gov.zm/?page_id=195|Integrated Development Plan 2024-2034|2026-09-11
document_page|kafue_idp_2024_2034_page_0065|kafue_idp_2024_2034.pdf|Integrated Development Plan 2024-2034|65|44 levels in the District. 3.4. Solid Waste management 3.4.1 Key Government Priorities Being and To Be Implemented The Solid waste regulation and management act of 2018 provides for the sustainable regulation and management of solid waste; general and self -service solid waste services; the incorporation of solid waste management companies and de fine their statutory functions; the licensing and functions of solid waste service providers, operators and self -service solid waste providers and provide for their functions; the regulation, operation, maintenance and construction of landfills and other d isposal facilities; the setting and approval of tariffs for management of solid waste and provision of solid waste services; and matters connected with, or incidental to, the foregoing. To ensure this act is operational at a local level , the District has been zoned into different solid waste management zones, which are serviced by waste collectors on a weekly basis. 3.4.2 Description of the Existing State Of Development Kafue District currently has limited mechanisms to facilitate solid waste collection an d disposal. The District has one (1) designated disposal site located north of Kafue town, near the T2 Road. Most solid waste at household level is disposed of through rubbish pits. Communities also dump their rubbish on road sides, a practice that has se rious effects on the environment. The poor waste disposal practices at household level may result in the contamination of underground water through seepage as well as contamination of streams and rivers through surface run-off during the rainy seasons. 3.4.3 Issues Arising From the Public Participation Process  Poor waste management practises by local  Lack of know-how in the disposal of waste  The size of the dump site was another challenge  Non servicing of areas in the rural parts of the District 3.4.4 Impact of Changes Anticipated Over the Next Ten Years The population of Kafue is growing rapidly and the level of urbanisation is also high. It is anticipated that both historical as well as newly generated solid waste will grow exponentially. If not well m anaged, solid waste will pose very serious environmental challenges such as contamination of the underground water through seepage as well as pollution of the water courses through surface run -off. Kafue Town will therefore need additional dumpsites and de signated waste collection sites in all the wards with the urban|https://www.kafuecouncil.gov.zm/?page_id=195|Integrated Development Plan 2024-2034|2026-09-11
document_page|kafue_idp_2024_2034_page_0066|kafue_idp_2024_2034.pdf|Integrated Development Plan 2024-2034|66|45 wards taking a leading role in order to manage the solid waste sustainably. On the other hand, there is urgent need to build the capacity of Kafue Town Council to manage solid waste by creating a waste management department and equipping it with the necessary plant and equipment 3.4.8 Summary of the Sector Solid waste management is a challenge as the Kafue Town Council does not have the capacity to collect all the waste in the District resulting in waste accumulation particularly in the urban wards. The main type of waste generated in Kafue town is domestic waste from residential and trading places with plastic bags and bottles being the leading type of waste. A tendency to dump waste in open s paces and in the road reserves was observed in Kafue Estates (Community 7), a high density area. Kafue estates lacks waste collection facilities despite its urban character, history as a planned area and its high population density. On the other hand, indi scriminate dumping of waste in the rural wards was attributed to illegal dumping of waste by operators mainly from Lusaka City. 3.5 Water and Sanitation 3.5.1 Key Government Priorities Being and To Be Implemented At A Local Level A number of government priorities are being implemented in the District these include:  Increasing access to water and sanitation throughout the District, for water the Local Authority has partnered with a number of local and international organisation to drill bore halls in various part of the District. 3.5.2 Description of the Existing State Of Development The main sources of water supply in the District are piped water, boreholes, river , streams , kiosks and shallow wells. Lusaka Water and Sewerage Company (LWSC) is the main provider of urban piped water in the District.. Areas serviced by LWSC are Kafue Town, Kafue Estates, Soloboni, Shikoswe, Zambia and Chawama Compounds. In these urban areas, 17% of the population use communal taps, 13% with piped water within the house and 14 % piped water outside the house (Census 2010) as shown in figure 15 below. Further, Kafue had 44, 556 households out of which 26.1% were connected to protected boreholes, mainly private water points. Twelve (12) rural wards are not supplied by LWSC and m ain sources of water are boreholes, streams, rivers and wells. The total number of boreholes in the District is 11, 674 (Kafue Town Council – Water and sanitation Unit, 2019). 3.5.3 Issues arising from the public participation process While there has be en a general improvement in access to basic water services, access to safe|https://www.kafuecouncil.gov.zm/?page_id=195|Integrated Development Plan 2024-2034|2026-09-11
document_page|kafue_idp_2024_2034_page_0067|kafue_idp_2024_2034.pdf|Integrated Development Plan 2024-2034|67|46 drinking water remains a challenge particularly in the twelve (12) rural wards of Kafue largely due to low investments in water supply, risks of climate change that is resulting in loss of wetlands and ecosystems as well as population increase. The projected number of households in 2019 was 65, 734 and 94, 495 by 2030. Figure 23: Kafue Water Resources Source: Generated by Kafue IDP Team, 2024 3.5.5 The impact of continuation if existing trends on Land Use and Population Distribution Patterns The demand of water in the District is influenced by the increase in population and despite this fact the equipment and machinery used to serve the population has no t been upgraded from the time it was put in place in the 1990s, hence most of the newly built up areas rely on boreholes with own storage tanks. Figure 18 shows the water resources in the District. Water supply is also affected by increasing operational an d maintenance costs. In 2019, the daily|https://www.kafuecouncil.gov.zm/?page_id=195|Integrated Development Plan 2024-2034|2026-09-11
document_page|kafue_idp_2024_2034_page_0068|kafue_idp_2024_2034.pdf|Integrated Development Plan 2024-2034|68|47 storage capacity of LWSC was increased to 450,000cubic meters per day although much of this water is for supply to Lusaka City. Future demand for water supplied by the LWSCo will increase marginally by around 5% due to the increase in private water supply and s chemes. Below is the projected supply an d demand by 2035. Figure 24: Water Supply and Demand Source: Generated by Kafue IDP Team, 2024 3.5.7 Issues relating to gender and vulnerable Groups An investment in water supply has not matched the increase in population based on public consultations and observations in the communities. This has resulted in women and children spending more time fetching water from communal boreholes as oppo sed to investing time in productive activity. 3.5.8 Summary of the Sector The proportion of population served with improved sanitation in Zambia increased from 26.3 % in 2001 to 31.1 % in 2015 growing at an average annual rate of 1.22%. Rapid development in the newly built up areas of Kafue (Chisankane/Chalala/Lusaka South, Shimabala, Chifwema, Malundu, Lukolongo) has increased the use of on -site sanitation. The LWSC has inadequate capacity to service these areas. Figure 20 below shows that there are more people with a pit latrine in the District than any other sanitation facility. It was observed that there has been inadequate sanitation investments in District which could be attributed to the major cause of infectious diseases such as cholera, typhoi d and dysentery.|https://www.kafuecouncil.gov.zm/?page_id=195|Integrated Development Plan 2024-2034|2026-09-11
document_page|kafue_idp_2024_2034_page_0069|kafue_idp_2024_2034.pdf|Integrated Development Plan 2024-2034|69|48 Sanitation Coverage Figure 25: Sanitation Coverage Source: Census 2010 3.6 Tourism Sector 3.6.1 Key Government Priorities Being and To Be Implemented At A Local Level 3.6.2 Description of the Existing State Of Development One of the key pillars of the Vision 2030 is diversification from mining to tourism and agri- culture. Kafue District will focus its attention to create local employment opportunities and promote economic growth and development. Local reserves, Conservation areas and p rotect- ed areas, local forests, cultural sites and national parks will enhance the tourism potential of the District. The number of tourism arrivals in Zambia increased from 362,000 in 1998 to 1.08 million in 2017 growing at an average annual rate of 6.83 %. Less than 1% of the tourists visited Kafue as their destination. The major tourist attractions include the Lower Zambezi National Park, Chiawa Game Management Area (GMA) and Lusaka South National Park which offer a variety of wildlife and accommodates a number of tourist operators. Two Game Ranches, Chikupi Game Ranch and Kafue Fisheries Game Ranch (Lechwe Lodge), a wildlife sanctuary established in Chiawa GMA called Zambezia farm. Kafue Township has over 56 accommodation premises categorised as guest houses and lodges, 40 of which are located in the Lower Zambezi. This translates to about 450 bed spaces. The eastern part of the District (Chisankane and Chifwema) has over 15 accommodation sites to cater for international tourists.|https://www.kafuecouncil.gov.zm/?page_id=195|Integrated Development Plan 2024-2034|2026-09-11
document_page|kafue_idp_2024_2034_page_0070|kafue_idp_2024_2034.pdf|Integrated Development Plan 2024-2034|70|49 Figure 26: Tourism and Cultural Sites Source: Generated by Kafue IDP Team, 2024 There are two major traditional ceremonies that take place in the District, namely the Chakwela Makumbi Ceremony celebrated by the Soli speaking people under HRH Senior Chieftainess Nkhomeshya a nd the Kailala traditional ceremony of the Goba people of the Lower Zambezi under HRH Chieftainess Chiyaba. The Chakwela Makumbi Ceremony which attracts 428 headmen in the Busoli Royal establishment and takes place every year in August and celebrates the coming of a new farming seson. The Kailala Traditional Ceremony has not been held since 2007. The District has a number of attractive cultural sites which if properly preserved, advertised and documented could attract tourist and provide gainful employment to local people. Some of the key cultural sites in the District include: a) The old Chief Palace in Chiawa Ward; b) Ibwe Inunka in Chitende Ward; c) Natural Caves in Shimabala ward; d) Beit Building Kafue Ward; e) Dombola Moye; e) Pre -colonial gunpowder m aking site; f) Fufumwe/Chongwe falls; g) Shrines; h) Nyamatani, Chisomoka, Chipapula and Malulu springs; i) Fossil site along leopards hill road; and j) Council Lodge (Colonial home for the District Commission- er).|https://www.kafuecouncil.gov.zm/?page_id=195|Integrated Development Plan 2024-2034|2026-09-11
document_page|kafue_idp_2024_2034_page_0071|kafue_idp_2024_2034.pdf|Integrated Development Plan 2024-2034|71|50 3.6.3 Issues Arising from the Public Participation Process Most local people interviewed don’t take part of investment in tourism due to limited access to financial resources. Despite the huge potential especially in chiawa area of the District. It was also evident that the majority of the local do make a number of artefacts that are sold as tourism products yet these products are not well marketed locally and international. 3.6.4 Impact Of Changes Anticipated Over The Next Ten Years The District has a potential for supporting its tourism develo pment through site seeing by lo- cal and international tourists. None of the above mentioned sites are currently under the na- tional heritage conservation commission control and therefore remain unprotected and are threatened by the growth in private property rights. Due to the fact that the cultural sites have not been well documented and properly preserved, local people are currently not benefitting from the existence of these sites. For example in the Lower Zambezi, the local people could benefit from tours to the old palace and the caves for local employment opportunities that can be packaged together with information about the lodges and the Lower Zambezi national park. The continued change of land for tourism in an unsustainable way may continue to af- fect the environment negatively 3.6. Summary Tourism has become a source of income in the District and the expected upturn in overall economic growth with success in stabilizing prices is likely to promote further increases in international and local tourism. Kafue District is a host to a number of natural features and infrastructure that are critical in the growth of this particular sector at District and international level. Tourism development in Kafue District is based on the two critical factors 1. Change or modification of the area, which should motivate tourists who are the key players in the field of tourism. 2. existence/Presence of nature feature that can be harnessed When developing a tourist destination in any area, the expectations and satisfa ction of the tourist should be the basis on which the new development should be built, and the government should be an active participant in the development of the area. The need to strengthen local participation in tourism development needs to be activate d to ensure local can benefit from the growth of this sector.|https://www.kafuecouncil.gov.zm/?page_id=195|Integrated Development Plan 2024-2034|2026-09-11
document_page|kafue_idp_2024_2034_page_0072|kafue_idp_2024_2034.pdf|Integrated Development Plan 2024-2034|72|51 3.7 Health Sector 3.7.1 Key Government Priorities Being And To Be Implemented At A Local Level The vision of the government is to bring health care close to the family. Under this vision, government priorities being and to implement in the District are as follows: In ensuring adherence to government policy at local level the following are being undertaken:  Undertaking of vacation programs  Ensuring equitable distribution of health care costs among different income groups.  Maintaining high standards of health care delivery services within the various medical centres  Enhancing Rural and Remote Medical Intervention Training  Increasing Healthcare Workforce Training and Resources for Preventing Diseases and Early Deaths  Construction And Completion Of Health Infrastructure  Reduce Patient- Personnel Ratio  Increase financing towards epidemic and pandemic preparedness and response to the public health emergencies of international concerns such as COVID-19. 3.7.2 Description of the Existing State Of Development Kafue District has one Level 1 Hospital, namely Kafue General Hospital and 36 health centres. A sizeable proportion of the population covers long distances to access health facilities. Women, y outh and the aged are the most affected. Figure 2 7 shows the health facilities in Kafue District.|https://www.kafuecouncil.gov.zm/?page_id=195|Integrated Development Plan 2024-2034|2026-09-11
document_page|kafue_idp_2024_2034_page_0073|kafue_idp_2024_2034.pdf|Integrated Development Plan 2024-2034|73|52 Figure 27: Health Facilities in Kafue District Source: Generated by Kafue IDP Team, 2024 In 2019 Kafue had 359 health personnel. In terms of hea lth indicators, the District recorded four (4) TB related deaths. Kafue has an estimated 11, 588 clients on ART. Mortality rates for under 5 stood at 2.64 and 0.59 for persons above the age of 5. The most common cause of death is Respiratory infection, pneumonia with 5 in every 1000 people. 3.7.3 Issues Arising From the Public Participation Process Most of the issues coming from the public participation with regards to health were around the following:  Need to improve the existing health infrastructure  Upgrading of health post in most wards  Provision of water and electricity  Reducing of distance between clinic  Constructions of mortuaries  Accommodation for health staff in rural wards|https://www.kafuecouncil.gov.zm/?page_id=195|Integrated Development Plan 2024-2034|2026-09-11
document_page|kafue_idp_2024_2034_page_0074|kafue_idp_2024_2034.pdf|Integrated Development Plan 2024-2034|74|53 3.7.4 Impact of Changes Anticipated Over the Next Ten Years Seven (7) wards out of 16 in the District have enough health centres to satisfy the projected population while eight will need additional health centres provided. Chisankane and Mungu wards will require additional one more health centre each to satisfy the predicted population demand. Shabusale ward with a high population density will require additional 5 more health centres, Kasenje ward two (2) more at least to cater in consideration that the township expansion potential is expected to be in this ward. Lastly, Shim abala ward will require additional two health centres. This is the assessment based on the planning standards that one health centre should have a population catchment of 10000 habitats. The population numbers are from CSO projection and the health centres considered are both public and private health facilities. See the table below for future projections. Table 10 : Kafue Health Service Assessment S/N Ward Projected Population Density Number of Existing HC Population Served (based on planning standards) Number of additional HC required 1 Chikupi 2372 2977 1 10000 0 2 Malundu 21170 26573 0 0 3 3 Chisankane 20728 26018 1 10000 1 4 Chifwema 12122 15216 0 0 2 5 Chisakila 10215 12822 1 10000 1 6 Kambale 11729 14723 1 10000 0 7 Chitende 10331 12968 0 0 1 8 Chiyaba 12102 15191 1 10000 1 9 Magoba 2424 3043 0 0 0 10 Mungu 32129 40329 2 20000 1 11 Shabusale 69209 86873 2 20000 6 12 Shimabala 29432 36944 1 10000 3 13 Kasenje 95581 119976 7 70000 5 14 Matanda 24857 31201 4 40000 -1 15 Kafue 18327 23005 2 20000 0 16 Lukolongo 11593 14552 1 10000 -1 TOTAL: 384321 Source: Kafue District Health Office, 2019.|https://www.kafuecouncil.gov.zm/?page_id=195|Integrated Development Plan 2024-2034|2026-09-11
document_page|kafue_idp_2024_2034_page_0075|kafue_idp_2024_2034.pdf|Integrated Development Plan 2024-2034|75|54 3.7.5 The Impact of the Continuation of Existing Trends on Land Use and Population Distribution Patterns Generally, in Zambia, a health centre is to be provided for every 10, 000 people (Ministry of Health, 2019). The provision of a health post requires a lesser population of between 5000 – 10,000. Only 75% of the population in Kafue District has access to a health faci lity within a 5km radius. Health facilities are concentrated within the Central wards of Kafue, Matanda, Shabusale and Kasenje while the western part (Magoba, Chikupi) of the District faces the most challenges in terms of access to health services followe d by the Lower Zambezi (Chiyaba, Chitende, Kambale and Chisakila). Other wards such as Malundu, Chisankane, Mungu, and Chifwema have access to health facilities outside the District such as Chilenje Level 1 and University Teaching Hospital, Bauleni Clinic and Chilanga clinic which are outside the District. 3.7.7 Issues Arising Relating to Gender Groups and Vulnerable Groups Kafue District Hospital is the only referral health facility in the District. The health system in Zambia is based on referral system . It means that for one to access health services at the Kafue General Hospital, they must be referred by a Health centre or Health Post in the ward. Using the referral system, an estimated 130,000 people are excluded and the number will double by 2030 if no deliberate steps are taken to construct health facilities and employ more health personnel. This implies that vulnerable groups and other communities will continue to be disadvantaged if health facilities across the District are not improved on. 3.7.8 Summary The current ratio of doctor to patient at Kafue General Hospital is 1:1350 compared to a standard ratio of 1:100 (Source). In terms of nurse to patient ratio, the average for the District is 1:540 against a prescribed 1: 200 per 1000 patients (Source). The result is poor service delivery at most health facilities. Kafue lacks a District hospital and will require about 18 health centres by 2030 to meet the demand for health services. 3.8 Education Sector 3.8.1 Key Government Priorities Being And To Be Implemented At A Local Level The Ministry of Education upholds the principle that every individual has an equal right to educational opportunity . This means that every individual child, regardless of personal circumstances or capacity, has a right of access to, and participation in, the education system. One of the key policies to ensure this is achieved in the District is that if the school feeding programs for the poor and Vulnerable The ministry has partnered with local Non - governmental organisations that provide support in the area.|https://www.kafuecouncil.gov.zm/?page_id=195|Integrated Development Plan 2024-2034|2026-09-11
document_page|kafue_idp_2024_2034_page_0076|kafue_idp_2024_2034.pdf|Integrated Development Plan 2024-2034|76|55 3.8.2 Description Of The Existing State Of Development Kafue District has 82 schools broken down as follows: 17 Community School; 34 Government Primary schools; 15 Government Secondary schools and 13 Private schools which comprise 4 Secondary and 9 Primary schools. The District has 23 Early Childhood Centers and 18 Adult and Youth Literacy Centers. Currently, the teacher pupil ratio for Kafue is 1:61 while the average for Lusaka is 1: 33 and the national average is 1: 36 .5. By all standards, Kafue District has a higher teacher pupil ratio. There are a number of emerging private schools and preschools in the District. With 18 wards in the District, this entails 3 government schools per ward which proves to be very inadequate looking at the fact that the ward with the highest projected population has 95,581 people (4919 pop/km2) and the whole District has an estimated population of 384,321. All the non - government run schools have helped in increasing the education coverage in the District but not evenly spread across because most of them concentrate in urban areas due to the high demand for education. Figure 28 is a map that shows the distribution of schools in Kafue District with a buffer of 5km radius around each school. Population data of the population of children of school going age was used to determine the number of children that may be excluded from schools due to distances beyiond 5km. Figure 28: District Educational Facilities|https://www.kafuecouncil.gov.zm/?page_id=195|Integrated Development Plan 2024-2034|2026-09-11
document_page|kafue_idp_2024_2034_page_0077|kafue_idp_2024_2034.pdf|Integrated Development Plan 2024-2034|77|56 Source: Kafue District Education Office, 2019. Table 10 below shows the number of schools in Kafue in comparison with the number of schools in the Province and the country. Table 11: Number of schools Primary Schools Secondary Schools Tertiary Schools Kafue 63 19 7 Lusaka Province 755 111 TBD National 8843 1009 TBD Source: Kafue District Education Boards; Education Bulletin 2017 3.8.2.1 Progression Rates and learning Outcomes Figure 29 below details the overall results of the final examination for Grade 7 and 9 learners in schools, which to some extent explains the quality of education within the District in com- parison to other Districts. It also indicates the percentage of the population in the school aged cohort (between and including ages 7 – 18) who are cu rrently enrolled in education. At Na- tional level, segregated results for 2019, the Progression rate to grade 10 for boys stood at 46.94% while for girls was at 45.33%. The national progression rate to grade 10 for 2019 re- sults was 46.14% compared to 45.65 % in 2018. Figure 29: Kafue District Progression Rates for Grade 7 and 9 for the Period 2011 –2018 Source: Kafue District Education Office, 2019.|https://www.kafuecouncil.gov.zm/?page_id=195|Integrated Development Plan 2024-2034|2026-09-11
document_page|kafue_idp_2024_2034_page_0078|kafue_idp_2024_2034.pdf|Integrated Development Plan 2024-2034|78|57 In 2018, the District recorded 100% progression at grade 7 and 48% at grade 9. There is a general upward trend in progression rates at grade 7 and 9 with more girls (67%) progressing to grade 8 and fewer boys (63 %). At grade 9, more boys (63%) than girls (41%) progress to grade 10. Factors resulting in the trends include economic challenges, child labour and d is- tances to schools. 3.8.2.2 Learner Enrolment Learner enrolment in Kafue District increased at an average annual rate of 3% between 2014 and 2016. This is the highest rate amongst all Districts, second only to Lusaka City. The in- crease in learner enrolme nt is mostly in the urban schools. Learner enrolment has declined slightly in rural wards largely due to the current socio -economic context, increasing poverty, distances to schools and human animal conflict particularly in the 4 wards in the Lower Zam- bezi. 3.8.2.3 School Dropouts The overall rate for Lusaka Province in 2017, the most recent data was 0.9% (Min. of Education Bulletin 2017). The number of girls dropping out of school at national level is rising and the trend is the same in Kafue, particular ly in the 12 rural wards. These high levels of drop -outs are influenced by a wide array of economic factors including high unemployment in the reproductive age group, poor classroom and sanitation infrastructure, poverty, alcohol and substance abuse, early marriages, high levels of households with no income and teenage pregnancies. Zambia, i n 2015 alone recorded 10684 pregnancies among primary school going children and 2052 in secondary schools. The gap left by the change in policy to do away with basic sch ools has left a huge gap in rural wards. The District has seven (7) tertiary institutions (universities 2; colleges 5). 3.8.2.4 Literacy Rates In 2018, adult literacy rate for Zambia was 86.7 %. Though Zambia adult literacy rate fluctu- ated substantially in recent years, it tended to increase through 1999 - 2018 period ending at 86.7 % in 2018. An estimated 55.3% Zambians were considered literate in 2010 (CSO, 2010), while 45.7% were considered to be illiterate. When compared to national total as a whole, which has a literacy rate of 83.69%, it can be seen that the national functional literacy rate is also higher than that of Kafue District (67%). A higher literacy rate is often associated with higher levels of urbanization, for instance where access to scho ols is less of a problem, and where there are economies of scale. The spatial breakdown of literacy rates in Kafue suggests that urban wards have higher literacy rates.|https://www.kafuecouncil.gov.zm/?page_id=195|Integrated Development Plan 2024-2034|2026-09-11
document_page|kafue_idp_2024_2034_page_0079|kafue_idp_2024_2034.pdf|Integrated Development Plan 2024-2034|79|58 3.8.3 Issues Arising From the Public Participation Process Issues arising include:  Limited Number of secondary schools,  Long distance to primary schools  Limited Nursery Schools  High Teacher Pupil ratios  Lack of Housing units for teachers in rural areas  Lack of ICT s materials in most schools 3.8.4 Impact of Changes Anticipated Over The Next Ten Years This is the assessment based on the planning standards that one secondary school should have a population catchment of 930 (1000) between 15 to 20 years. The population numbers are from CSO projection by 2030 and the secondary schools considerin g public and private schools. Table 12: CSO Projection S/N Ward Proj. Pop 2019 Proj. Pop 2030 Proj. Pop 2030 (15-20) No. of Existing Schools Pop Served (based on planning standards ) No. of additional secondary or capacity required by 2030 1 Chikupi 2372 2977 595 1 1000 0 2 Malundu 21170 26573 5314 3 3000 1 3 Chisankane 20728 26018 5203 2 2000 3 4 Chifwema 12122 15216 3043 0 0 3 5 Chisakila 10215 12822 2564 0 0 3 6 Kambale 11729 14723 2944 1 1000 2 7 Chitende 10331 12968 2593 0 0 3 8 Chiyaba 12102 15191 3038 1 1000 2 9 Magoba 2424 3043 608 0 0 1 10 Mungu 32129 40329 8065 0 0 8 11 Shabusale 69209 2039.20 17374 1 1000 18 12 Shimabala 29432 36944 7388 0 0 7 13 Kasenje 95581 119976 23995 2 2000 21 14 Matanda 24857 31201 6240 0 0 6|https://www.kafuecouncil.gov.zm/?page_id=195|Integrated Development Plan 2024-2034|2026-09-11
document_page|kafue_idp_2024_2034_page_0080|kafue_idp_2024_2034.pdf|Integrated Development Plan 2024-2034|80|59 15 Kafue 18327 23005 4600 6 6000 -2 16 Lukolongo 11593 14552 2910 5 5000 -2 17 Shikoswe 18 Kabweza Total: 384321 Source: CSO 2010 From the analysis above, Kasenje ward need more secondary schools (21) than any others ward . Shabusale ward comes next requiring 18 more schools by 2030 to satisfy the population of secondary school going children based on 2030 population predictions. While on the other hand, Kafue ward and Lukolongo ward has more than enough even by 2030 popula tion predictions. However, since Kasenje and Shabusale ward is in close proximity to Kafue ward, some pupils can have access to more secondary schools in the Kafue ward. On the other hand, Chikubi has enough secondary schools even by 2030 population predic tion. The construction of more should be implemented in a phased way. 3.8.4.1 Primary School demand and supply assessment Table 13 is the assessment based on the planning standards that one primary school should have a population catchment of 1200 between the age of 1 to 14. The analysis is based on the Policy brief written in 2011 that a Grade 6 class should have an average of 40 learner based on Zambia’s national benchmark for quality education. Augmented by the assumption that the average number of clas ses per grade is 4. Therefore, for each basic school should have approximately 1,440 pupils. Table 13: Primary School Demand and Supply Assessment S/ N Ward Projected Populatio n 2019 Projected Populatio n 2030 Projected Populatio n 2030 (0- 14) Numbe r Of Existin g Schools Populatio n Served (Based On Planning Standards ) Number Of Additiona l Secondar y Or Capacity Required By 2030 1 Chikupi 2372 2977 1368 2 2880 -1 2 Malundu 21170 26573 12210 6 8,640 3|https://www.kafuecouncil.gov.zm/?page_id=195|Integrated Development Plan 2024-2034|2026-09-11
document_page|kafue_idp_2024_2034_page_0081|kafue_idp_2024_2034.pdf|Integrated Development Plan 2024-2034|81|60 3 Chisankan e 20728 26018 11955 1 1,440 7 4 Chifwema 12122 15216 6991 1 1440 4 5 Chisakila 10215 12822 5891 2 2880 2 6 Kambale 11729 14723 6765 1 1440 4 7 Chitende 10331 12968 5958 1 1440 4 8 Chiyaba 12102 15191 6980 3 4,320 2 9 Magoba 2424 3043 1398 3 4,320 -2 10 Mungu 32129 40329 18531 1 1440 12 11 Shabusale 69209 86873 39918 7 10,080 21 12 Shimabala 29432 36944 16975 1 1440 13 13 Kasenje 95581 119976 55128 12 17,280 26 14 Matanda 24857 31201 14336 5 7200 5 15 Kafue 18327 23005 10570 4 5760 3 16 Lukolongo 11593 14552 6686 8 11520 -3 Total: 384321 482, 410 221667 Source: IDP Kafue, 2024 3.8.5 The Impact of the Continuation Of Existing Trends on Land Use and Population Distribution Patterns The table above shows that most of the wards will need to add more primary schools to meet the predicted 2030 population demand. 26 primary schools will need to be constructed in Kasenje ward at, followed up with Shabusale ward at 21. Note that the number of the needed primary schools can be reduced by increasing the capacity of the existing primary school and being mindful that churches and private school can also construct new school based on this assessment to supplement Local Authority and government effort. Local Authority has also a duty based on the developed layout plan to reserve land for construction of schools motivated by the principle of equitable distribution of schools to service the underserved communities. In Chikubi ward, no more primary schools will be required. Wh ile Lukolongo and Magoba ward will still have more than enough.|https://www.kafuecouncil.gov.zm/?page_id=195|Integrated Development Plan 2024-2034|2026-09-11
document_page|kafue_idp_2024_2034_page_0082|kafue_idp_2024_2034.pdf|Integrated Development Plan 2024-2034|82|61 3.8.7 Issues Arising Relating to Gender Groups and Vulnerable Groups The lack of a government tertiary education institutions spread out across the District has a negative impact on school progression, mainly on girls. The result of many girls dropping out has been early marriages and teen pregnancies and for males, alcohol abuse and crime. To meet education for all by 2030, a total of 30 primary schools, 10 secondary schools and 4 colleges and universities will be needed in Kafue District. 3.8.8 Summary Nearly 70% of all children of school going age are in school at a government, community or private school. The District has a total of 8213 children of school going age and the number is projected to grow to 15689 by 2030. Currently, an estimated 2378 children are not in school due to lack of classrooms infrastructure, distances to schools, poverty and lack of schools within 5km from their homes. The recommended ratio at both primary and seco ndary school levels is 1:50. 3.8.9 Consideration of The Underlying Factors Contributing To The Issues Identified More boys are enrolling in primary education. In 2018, out of the 42,101 children enrolled in grade 1, an estimated 51% were boys (900 more t han girls) and Mutendere school had the highest enrolment of 2, 887 while the lowest was Chisakila Basic School and Kanyangala, both in the Lower Zambezi with 165 enrolments (50/50) (Source). The low enrolment levels in Chisakila are attributed to distance s to schools that are compounded by frequent human animal conflicts in the Lower Zambezi. Girls are more likely to face sexual violence, abuse and wildlife attacks than boys. The result is that girls of primary -school age will likely never learn to read or write compared to boys and this was one of the most notable characteristics of the participants during the community consultation as most women had challenges reading and writing. Another factor that plays a huge role in exclusion from education is povert y. An analysis of illiteracy data among women and men aged 15 to 49 across the 16 wards shows that women living in the poorest households are consistently the most disadvantaged and that illiteracy contributes to deprivations in other areas, including employment opportunities. Critical to this demographic group is the issue of adolescent fertility which borders on both health and social grounds. There is high number of girls dropping out of school in the District particularly in the rural wards due to child marriages and lack of access to opportunities cou- pled with poverty which is driving pregnancies among teenage girls. Fertility resulting from children born to very young mothers are at increased risk of sickness and death as teenage mothers are more likely to experience adverse pregnancy outcomes and are more constrained|https://www.kafuecouncil.gov.zm/?page_id=195|Integrated Development Plan 2024-2034|2026-09-11
document_page|kafue_idp_2024_2034_page_0083|kafue_idp_2024_2034.pdf|Integrated Development Plan 2024-2034|83|62 in their ability to pursue educational opportunities than young women who delay childbear- ing. 3.9 Agriculture Sector 3.9.1 Key Government Priorities Being and To Be Implemented At A Local Level Given the District resource endowment, agriculture will be promoted taking into account the comparative advantage in crops, livestock and fisheries production. The long-term vision for the agricultural sector encompasses the following: To achiev e food security for the majority of the Zambian population through increased yields and improved post-harvest management and utilization. The government policy is equally around the devel- opments of a commercial agriculture with most farmers (small and larg e) producing for the domestic and export markets. To promote a competitive and efficient agriculture based on regional comparative advantage.  To develop a diversified agriculture linked to well -developed agribusiness industry for value adding and exports.  To facilitate the entry of co -operatives and farmer organizations into highly competitive and commercial agriculture.  To facilitate development of Fisheries and Livestock sub-sectors.  To have agriculture that utilizes natural resources on a sustainable basis for income and employment generation and economic growth. 3.9.2 Description of Existing State Of Development Kafue District is divided into three (3) Agricultural Blocks namely Chipapa, Mungu and Chiawa farming blocks. Kafue District lies in Ecological Zone I and II and has temperatures that range from 7degrees Celsius in June to 39 in December and rainfall ranging from 34mm to 190mm. There has been a large reduction in agriculture due to a number of factors such as change of use and subdivisions particularly in Chisankane Ward (Shantumbu Area). The farming blocks in Kafue comprise of 30, 861 households organised in 182 villages and 86 Zones of which 15, 854 are considered as small scale farmers. Nearly 40% of the farmers are women. There is a nee d to increase the number of women and youth organisations in agriculture. As at December 2019, the District had eight (8) women groups and one (1) youth group despite a young population that is faced with high unemployment. The District has 62 considered a s large scale, 676 as emergent and 102 as medium scale farmers. Farmer organizations are classified according to the land under cultivation and ranges from 1.5ha to over 20ha (District Agriculture Office, 2019).|https://www.kafuecouncil.gov.zm/?page_id=195|Integrated Development Plan 2024-2034|2026-09-11
document_page|kafue_idp_2024_2034_page_0084|kafue_idp_2024_2034.pdf|Integrated Development Plan 2024-2034|84|63 The District has an estimated 18,000 livestock in the form of cattle, goats, chickens, pigs and other small livestock. Kafue District has an emerging aquaculture farming businesses that include the Kafue Fisheries limited and small scale fish farmers. Figure 30: Kafue District Crops and Livestock Source: Generated by Kafue IDP Team, 2024 3.9.2.1 Active Labour force in agriculture According to the Labour Force Survey (CSO, 2018), the employment rate for Zambia was estimated at 31.1% meaning over two-thirds of Zambians eligible to work did not have a job. Unemployment stood at 11.4% and particularly youth unemployment was estimated at 16%. The Agriculture Census Analytical Report (2010), Kafue District had 44,556 households. It can be seen from figure 25 below that 19,311 were the active populat ion in agriculture labour force, of which 82 percent (15,758) of the active population were male while 18 percent (3,553) active population in agriculture labour force. The trends in the sector have remained the same since 2010.|https://www.kafuecouncil.gov.zm/?page_id=195|Integrated Development Plan 2024-2034|2026-09-11
document_page|kafue_idp_2024_2034_page_0085|kafue_idp_2024_2034.pdf|Integrated Development Plan 2024-2034|85|64 Figure 31: Active Labour Force in Agriculture Source: CSO, 2018 3.9.3 Issues Arising From the Public Participation Process The following pertinent matters came out from the public participation process  Lack of integrated agricultural farming methodologies  Lack of value additional  Mono cropping  High disease death rates  Lack of marketing of agricultural produce  Poor road networks to markets  Limited food storage and capacity. 3.9.4 Impact of Changes Anticipated Over The Next Ten Years Over the next 10years, it is anticipated that population growth in the Urban wards will grow rapidly due to urbanization and changing economic activities of Kafue. The rate at which agricultural land is being converted to housing, industry and commercial development will cause pressure on the li mited services provided by the government unless new investments are made particularly in roads, water, energy, education and health. The proximity of Kafue District makes it an attractive destination for housing, industrial and commercial developments and therefore the continued trends in these investment options will create land scarcity particularly for social services and agriculture.|https://www.kafuecouncil.gov.zm/?page_id=195|Integrated Development Plan 2024-2034|2026-09-11
document_page|kafue_idp_2024_2034_page_0086|kafue_idp_2024_2034.pdf|Integrated Development Plan 2024-2034|86|65 3.9.5 The Impact of the Continuation Of Existing Trends on Land Use and Population Distribution Patterns 3.9.5.1 Production Trends The District has continued experiencing low production levels due to continued and frequent droughts caused by climate change and pest attacks to crops. Figure 32 shows the maize production trend over the last 4years. Figure 32: Production Trends Source: Ministry of Agriculture, Kafue District 2019 Since 2015, the land cultivated for maize has been declining due to recurrent crop failures caused by climate change and damage to crops by pests. Climate change is the major cause of the reduction in proportion of land used for maize production. Maize production has been declining and 2018 saw a decline by more than half of what was grown in 2015. All the farming households were affected and this resulte d in District food insecurity. The total rainfall received during the production period was 364.6mm cumulatively in 30 rain days since the onset of the season which was far below the expected minimum of 800mm for the Region II Agro ecological zone. An estimated 8, 355 ha accounting for 66% out of the 12, 700ha of the crops was damaged due to drought In the 2018/2019 farming season. The main factors for the dry spell are related to the changing climate. The worst hit by climate change was Chiyaba ward and the other wards in Lower Zambezi. In terms of agricultural production, the District performance was below the provincial average largely due to poor rainfall and heavy dependence on rain. Less than 10% of the arable land is under irrigation. The effects of climate change had an adverse effect on crops and livestock. 3.9.6 Environment and Climate Change Analysis Poor agricultural practices adopted by many small scale farmers have resulted in the loss of vital soil nutrients needed for farmers to produce crops without use of chemical and artificial fertilisers. The result of overuse of chemicals is that the land is degraded and cannot support|https://www.kafuecouncil.gov.zm/?page_id=195|Integrated Development Plan 2024-2034|2026-09-11
document_page|kafue_idp_2024_2034_page_0087|kafue_idp_2024_2034.pdf|Integrated Development Plan 2024-2034|87|66 productive agriculture even with abundant rains unless fertilisers are added. Economic challenges prevent many households from accessing these chemicals. 3.9.7 Issues Arising Relating to Gender Groups and Vulnerable Groups 3.9.8 Summary It can be said that most of rural Kafue is in relative poverty, most of the people lack the minimum amount of income in order to maintain the average standard of living in the their society. This wasn’t the case some years back, agriculture has been the way of life for people in rural Kafue and through that they used to earn a good income for upkeep. With global warming affecting the District, most of the people have no other means of earning an income and that has greatly affected their lives. Other factors that have led to poverty are lack of education, poor infrastructure, unemployment among others. Urban areas are mixed, others are doing fine because they own big businesses or have high paying jobs. Those with manual jobs (cheap labour) are in relative poverty. 3.9.9 Consideration Of The Underlying Factors Contributing To The Issues Identified The issues arise are a result of a number of factors that include  A lack of access to agricultural information  Lack of industries for value additions to agricultural produce  Lack of skill training for small and medium scale farmers in the District.  Lack of support for Non-Maize Production 3.10 Economic Sector –Trade and Commerce 3.10.1 Key Government Priorities Being and To Be Implemented At A Local Level One of the key Government policies to be implemented at the local level is that of local economy development. In ensuring this is achieved at District level, in 2016, Kafue was declared as an iron and Steel Zone with the view of putting it back on trajectory that will make it an investment destination. This declaration is supported by the existence of a Multi Facility Economic Zone among others. The existing industries have not been running at full capacity and from the current economy it cannot be predicted whether there will be an increase in production or new business and consequent expansion of the labour force. 3.10.2 Description of The Existing State Of Development 3.10.2.1 Business Enabling Environment Kafue District has a number of financial institutions that can provide finance to local businesses and individuals. Most of these are located in the urban area in Kafue ward. Access to capital is one of the most important business enablers second to a conducive regulatory and policy framework. Human capital, land and technology are the other factors. The District has|https://www.kafuecouncil.gov.zm/?page_id=195|Integrated Development Plan 2024-2034|2026-09-11
document_page|kafue_idp_2024_2034_page_0088|kafue_idp_2024_2034.pdf|Integrated Development Plan 2024-2034|88|67 sufficient developable land mostly in the hands of traditional leaders and are constantly making it available to developers. The major businesses in Kafue District include the steel plan, NCZ, retail shops, Kafue Sugar, lodges mostly in the Lower Zambezi and Lusaka South, Quarrying (sand mostly) in Chisankane, Shimabala, Malundu, Lukolongo and Chifwema Wards. 3.10.2.2 Local Economy Small scale farming mainly the growing of crops and rearing of small livestock is the predominant economic activity in Kafue. The main cash crops grown in the area are maize, soya beans and groundnuts including vegetable growing along the Zambezi an d Kafue Rivers and other streams. Some fishing activities are also carried out in the Kafue and Zambezi Rivers. In terms of trade and industry, Kafue District is second to Lusaka City at provincial level and more trade taking place between Lusaka City and Kafue. This can be attributed to the high population and rapid urbanisation taking place in Kafue. Kafue Town is an emerging town and the only District in the country that is manufacturing processing steel. As an emerging District with a diversified and growing economy, the District has high potential in Steel man- ufacturing and value addition, housing, tourism, mining and agriculture. It has a large private sector in tourism, mining and housing as noted from the number of tourist sites in the Lower Zambezi and mining activities in Chifwema, Chisankane, Shabusale, Malundu, and Lukolon- go wards. The main economic activity of Kafue District is Agriculture, both commercial and small scale farming accounting for 80% of all economic activities. Second to agricult ure is service industry (mostly retail), tourism, mining (quarrying), manufacturing and informal businesses in the form of trading. Iron and steel production is set to be the one of the driver of the local economy followed by sugar plantation and renewable energy. In the previous years, the Nitrogen Chemicals of Zambia (NCZ), the only manufacturer of fertilisers was the main driver of the economy and employed hundreds of local people while spurring the develop- ment and growth of residential and service industry around it. Since the privatisation and col- lapse of the NCZ, only a few industries have emerged. Kafue District houses Kafue Steel and Iron Company. The company projects to become the biggest exporter of steel in Zambia by 2030 and a leader in the region.|https://www.kafuecouncil.gov.zm/?page_id=195|Integrated Development Plan 2024-2034|2026-09-11
document_page|kafue_idp_2024_2034_page_0089|kafue_idp_2024_2034.pdf|Integrated Development Plan 2024-2034|89|68 Figure 33: Summary of economic Contribution by employment Source: Generated by Kafue IDP Team, 2024 The economic state of Kafue District is mainly compared to Lusaka City. Kafue does not function in isolation from L usaka City and now, more than ever, it is crucial to have reliable information on its economy for effective planning. Spatially, Kafue makes an excellent alternative for the Capital City of Zambia due to its location. 3.10.3 Issues Arising From the Public Participation Process The following came out of the Public Participation Process  Lack of industries  Lack of value additional to the few product currently being manufactured in the District  Lack of opportunities for youths to engage in small and medium man ufacturing businesses. 3.10.4 Impact of Changes Anticipated Over the Next Ten Years The economy of Kafue is projected to grow at an average annual rate of 2.15% from 2020 to 2030 due to planned investments in establishment of a second economic Zone in the District. This is additional to the planned agriculture, mining and manufacturing projects and tourism in the Lower Zambezi that are being supported by the massive road infrastructure projects by the government. The various sectors which make up the econ omy have the potential to create|https://www.kafuecouncil.gov.zm/?page_id=195|Integrated Development Plan 2024-2034|2026-09-11
document_page|kafue_idp_2024_2034_page_0090|kafue_idp_2024_2034.pdf|Integrated Development Plan 2024-2034|90|69 work opportunities and to contribute to the overall economic growth of the District and the country. 3.10.5 The Impact of the Continuation Of Existing Trends on Land Use and Population Distribution Patterns The major barriers to business in the District include lack of access to affordable finance and capital, poor road and transport infrastructure in the rural wards, limited access to energy, trained workforce and lack of access to secure tenure. In the Lower Zambezi, hum an wildlife conflict is a huge factor that needs urgent redress. In terms of access to financial services and products, these are only available in 3 out of the 16 wards (Kafue, Matanda and Kasenje) and the rest of the District relies mostly on mobile mone y services provided through Zamtel, Airtel and MTN. For example, residents of Chiawa, Kambale, Chisakila and Chitende depend on financial institutions based in Chirundu and those in Chisankane and Chifwema rely on Lusaka to access financial products such a s loans and to make deposits of large sums of money. Chirundu town is 31km away from Chiawa and a further 55km to the furthest ward. People have to travel over 30km just to access banks. This means money generated in the Lower Zambezi (from those working i n the lodges, farms, sell of farm produce and other businesses) does not circulate in the Lower Zambezi but ends up being spent in Chirundu. Therefore, there is need for financial institutions (Banks) in the area to give the people the opportunity to make savings which they can later invest and consequently boost the local economy. 3.10.6 Environment and Climate Change Analysis One of the key elements of the growth of the local economy is the setting up is industries. Industrialisation has the potential to help achieve a variety of social objectives such as employment, poverty eradication, gender equality, labour standards, and greater access to education and healthcare. At the same time, industrial processes can have negative environmental impacts, causing climate change, loss of natural resources, air and water pollution and extinction of species. These threaten the global environment as well as economic and social welfare.3.10.7 Issues Arising Relating to Gender Groups and Vulnerable Groups The lack of in dustries in the District to drive the local economy has negatively affected the women and youths as the majority of them have to seek for employment opportunities outside the District, which inc reases they cost of Living. The prevent them from investing in other activities as most of the income earned is largely consumed. The women and youth trend to force themselves into prostitution and other negative vises to just ensure food can be placed on the table.|https://www.kafuecouncil.gov.zm/?page_id=195|Integrated Development Plan 2024-2034|2026-09-11
document_page|kafue_idp_2024_2034_page_0091|kafue_idp_2024_2034.pdf|Integrated Development Plan 2024-2034|91|70 3.9 Trade and Commerce In terms of trade and industry, Kafue District is second to Lusaka City at provincial level and more trade taking place between Lusaka City and Kafue. This can be attributed to the high population and rapid urbanisation taking place in Kafue. Kafue Town is an emerging town and the o nly District in the country that is processing steel. As an emerging District with a diversified and growing economy, the District has high potential in Steel manufacturing and value addition, housing, tourism, mining and agriculture. It has a large privat e sector in tour- ism, mining and housing as noted from the number of tourist sites in the Lower Zambezi and mining activities in Chifwema, Chisankane, Shabusale, Malundu, and Lukolongo wards. The main economic activity of Kafue District is Agriculture, bot h commercial and small scale farming accounting for 80% of all economic activities. Second to agriculture is service indus- try (mostly retail), tourism, mining (quarrying), manufacturing and informal businesses in the form of trading. Iron and steel product ion is set to be the biggest driver of the local economy followed by sugar plantation and renewable energy. In the previous years, the Nitrogen Chemicals of Zambia (NCZ), the only manufacturer of fertilisers was the main driver of the economy and employed hundreds of local people while spurring the development and growth of residential and service industry around it. Since the privatisation and collapse of the NCZ, only a few industries have emerged. Kafue District has a high potential for Iron mining and steel manufacturing due and this is why it was declared by the Republican President as a Steel Zone for Zambia. The District is projected to become the biggest exporter of steel in Zambia by 2030 and a leader in the re- gion. Zambia is rapidly urbanising an d will need huge quantities of steel to densify its build- ings and steel is the answer. The economic state of Kafue District is mainly compared to Lusaka City. Kafue does not function in isolation from Lusaka City and now, more than ever, it is crucial to have reliable information on its economy for effective planning. Spatially, Kafue makes an excellent alternative for the Capital City of Zambia due to its location. 3.11 Housing Development and Land Use Sector 3.11.1 Key Government Priorities Being and To Be Implemented At A Local Level There are a number of critical policies that government is implementing regarding Housing matter in the nation at the policies include: National Housing Policy 2020 - 2024: A policy to guide the development of adequate|https://www.kafuecouncil.gov.zm/?page_id=195|Integrated Development Plan 2024-2034|2026-09-11
document_page|kafue_idp_2024_2034_page_0092|kafue_idp_2024_2034.pdf|Integrated Development Plan 2024-2034|92|71 affordable housing for all income groups in the country. It provides for making serviced land available for housing development and streamlining the land allocation system; streamlining building standards; encouraging the production and use of local and a ffordable building materials; helping the poor acquire decent shelter; fostering functional, healthy, aesthetically pleasant, and environmentally friendly; and preparing a national housing implementation strategy. The issue of land for housing development is a critical issue that requires the state, traditional leaders, private sector and the Local Authority to partner for housing. Effective demand for housing must be established. Land for housing should be considered for current and future populations. At District level, the Local Authority is working in partnership with various stakeholder in ensuring land for Housing development is made available. Urban and Regional Planning Act of 2015 : This Act provides for development, planning and administration pri nciples, standards and requirements for urban and regional planning processes and systems, a framework for administering and managing urban and regional planning, guidelines, systems and processes for urban and regional planning, establishes a democratic, accountable, transparent, participatory and inclusive process for urban and regional planning. It also ensures functional efficiency and socioeconomic integration by providing for integration of activities, uses and facilities, establishes procedures for preparation, adoption and approval of IDPs. The Urban and Regional Planning Act of 2015 repealed the Town and Country Planning Act, 1962, and the Housing (Statutory and Improvement Areas) Act, 1975. Formulation of IDPs is established under this Act. The Act also provides for planning agreements that could be utilized in the development of customary land. This is the principal act guiding the preparation of the IDP at The District level. 3.11.2 Description of the Existing State Of Development The current n umber of houses in Kafue District is estimated at around 52, 361 and the occupancy rates are at 90% (Census 2010). This is suggestive of excess housing in the District. However the available housing is either in a poor state of repair, lacks modern fittings and fixtures has low space to accommodate a family of more than 6 people, the average size of households in the District. Most of the housing stock is in the urban wards in Kafue Central. In recent years, housing developments have taken place in Chisanka ne ward (Chalala area) mostly developed as private homes for the people working around Lusaka City. Rural housing is generally constructed of mud bricks and grassed thatched and can be described as poor. 3.11.3 Issues Arising From the Public Participation Process A number of issues came out from the public consultative process regarding housing:|https://www.kafuecouncil.gov.zm/?page_id=195|Integrated Development Plan 2024-2034|2026-09-11
document_page|kafue_idp_2024_2034_page_0093|kafue_idp_2024_2034.pdf|Integrated Development Plan 2024-2034|93|72  Housing development lack adequate access to services.  The majority of the people, particularly in the urban wards, live in informal settlement with poor housing conditions.  Lack of access to financial services for housing development;  Expansion of informal settlements, and weak interventions for improvement programmes. 3.11.4 Impact of Changes Anticipated Over The Next Ten Years Housing not only provides phy sical shelter but also has significant impact on the lives of the dwellers in terms of skills enhancement, income generation, increased security, health, self - confidence and human dignity. Housing finance development, therefore, plays a role in boosting equitable economic growth and reducing poverty through helping households build assets, improving living conditions, empowering the middle - and lower-income population, and strengthening communities. Despite its considerable economic and social potential, housing finance remains underdeveloped in the District Due to limited access to finance for proper Housing the informal sector in this sector continues to grow and provide sub -standard housing units. The District has continued to see improvement in terms of demand for Housing , however the Growth is faster the part of Kafue that is close to Lusaka this is because access to Support infrastructure is ,must easy in Lusaka South of Kafue District. 3.11.5 Population Change – Future Demand for Services and Facilities Demands for residential property within the District continue to be high especially demand for medium cost to low cost residential housing. This is because of the fast growing population due to high birth rate as well as in -migration as a result of clo seness to Lusaka District. Further, the District will continue experiencing land conversions to meet the growing demand for modern affordable housing, industries and commercial farms. Currently, a number of the population of Kafue District lives in unplann ed settlements. This situation is likely to get worse if land is not made available for the development of housing units for low to medium income earners in the District. 3.11.6 The Impact of the Continuation of Existing Trends on Land Use and Population Distribution Patterns The proximity of Kafue District makes it an attractive destination for housing, industrial and commercial developments and therefore it’s anticipated that the continued trends in these investment options will create land scarcity par ticularly for social services and agriculture . The demand for housing as a result of population growth of Lusaka city, will continue to affect demand for residential land in the District. The above scenario may result in a loss of land for agricultural dev elopment, as is evident already in Chisankane ward.|https://www.kafuecouncil.gov.zm/?page_id=195|Integrated Development Plan 2024-2034|2026-09-11
document_page|kafue_idp_2024_2034_page_0094|kafue_idp_2024_2034.pdf|Integrated Development Plan 2024-2034|94|73 3.11.7 Environment and Climate Change Analysis The fastest growing urban centres has resulted in increased demand for housing and residential land in the District which in turn has led to the expansion of housing towards ecologically sensitive areas especially in urban wards. One of the critical impacts as a result of environmental and climate issues on the sector is that of restricted expansion of housing developments to certain parts of the District. For instance, Mungu, Magoba wards are not suitable for housing development due to the flood prone terrain. 3.11.8 Issues Arising Relating to Gender Groups and Vulnerable Groups The population of women and other vulnerable groups in villages and unplan ned settlements in areas such as Soloboni, and Lukolongo wards is significant. Due to the lack basic services such clean water, sanitation facilities and durable housing, women and other vulnerable group are disproportionately affected in their daily dome stic activities. Access to water among women in the rural wards is even more challenging as they have to walk over 500 metres distances to fetch potable water. It was observed that that two -thirds of the rural women relied on boreholes and piped water (urban and rural wards) and about a third, mainly those living along the Kafue and Zambezi Rivers rely on water collected directly from the rivers. The average collection time for women and girls is approximately 55 minutes per household per day due to ter rain. The case was slightly different in Chisankane and Chifwema wards which are rapidly urbanizing and housing new residential areas. In these two wards, water was accessed within the household land through a borehole connected to the home. 3.11.9 Summary There are a number of factors contributing to the housing challenge in the District. In the recent past the District has experienced massive unplanned Housing Development and zoning of the land uses rising of unsystematic conversion of land in rural war ds. This has made it difficult to provide support infrastructure to such developments. The other eminent challenge is that the rate at which agricultural land is being converted to housing, industry and commercial development will cause pressure on the lim ited services provided by the government unless new investments are made particularly in roads, water, energy, education and health as support infrastructure to Housing developments.|https://www.kafuecouncil.gov.zm/?page_id=195|Integrated Development Plan 2024-2034|2026-09-11
document_page|kafue_idp_2024_2034_page_0095|kafue_idp_2024_2034.pdf|Integrated Development Plan 2024-2034|95|74 3.12 Information and Communication, Technology (ICT) 3.12.1 Key Government Priorities Being and To Be Implemented At A Local Level Communication connectivity is critical in helping the District respond to the opportunities created by modern communication facilities. Currently the government is implementing the smart Zambia project, an initiative aimed at ensuring a paperless government and all Districts must have the capabilities to go paperless. 3.12.2 Description of The Existing State Of Development According to CSO (2018), an estimated 53.5% of all the individuals across the country were active users of mobile cellular telephones. They further stated that the proportion of individuals that were active users of mobile telephone services, constituting 83.4% and that these owned mobile devices that were subscribed to at least one local mobile cellular network. The proportion of individuals that owned a smartphone as a share of all the people that had owned a mobile phone that was subscribed to a local network increased from 13.5 percent to 29.6 percent between 2015 and 2018. T he most prominent complaints cited by individuals that indicated that they used mobile cellular phone services was poor clarity of voice calls as well as intermittent network availability or network outages. In 2018, share of the internet users for Zambia was 14.3 %. Share of the internet users of Zambia increased from 1 % in 2003 to 14.3 % in 2018 growing at an average annual rate of 25.28%. At the national level, access to internet services among households increased from 12.7 percent reported in 2015 to 17.7 percent in 2018 (CSO, 2018). Lusaka has the highest proportion of people with access active to internet at 38.3%. The majority of people access the internet through a mobile phone. Only a paltry 2.7% has access to internet through fixed internet servi ces. At the national level, main challenges cited by households in service provision was related to internet speeds offered by service providers. Other reasons for low household access included lack of skills, the cost of devices and cost of the service of fers on the market. In Kafue District, the trends are similar to the access levels at national level. The main challenges to internet penetration in the District especially the rural wards (12) is the lack of telecommunication masts in most parts and inter mittent network. In the lower Zambezi and west of the District, literacy levels and lack of skills to operate devices was a major challenge especially among women. The survey also revealed that the cost of purchasing smart phones and cost of services (bund les) was high for the majority who are grappling to meet the basic needs. The highest proportion of the population with access to internet in the District are in Chisankane, Kafue, Matanda, Shabusale, Shimabala and Malundu wards. The wards with the least a ccess are Chiyaba, Chisakila, Chitende, Magoba, Mungu, Kambale, Lukolongo and parts of Chifwema and Chisankane. It must also be noted that these wards also have low|https://www.kafuecouncil.gov.zm/?page_id=195|Integrated Development Plan 2024-2034|2026-09-11
document_page|kafue_idp_2024_2034_page_0096|kafue_idp_2024_2034.pdf|Integrated Development Plan 2024-2034|96|75 literacy levels and a high population of people above 40. 3.12.2 Issues Arising From The Public Participation Process From the public participation community members from rural areas and wards on the fringe of Lusaka city like chisankane identified a lack of communication towers and a general challenge in access to technology and community services and platforms. Such a situation has results in the low communities lagging behind. 3.12.3 Impact Of Changes Anticipated Over The Next Ten Years The lack of Technology, communication and access to internet is going to affect communities in the District negatively. There is also need to provide more opportunities in e-related sectors to them in higher managerial, technical positions in government and non -government agencies, research, educational institutions in private and public sectors, without confi ning their role to only call centres, telecentres, data -entry level and lower levels in the organizations. ICT has to address to all these problems of women as a whole and has to be used to facilitate to build a women empowered society. Communication tower s and other critical infrastructure will need to be set up in the District to ensure this need to meant. 3.12.4 Population Change – Future Demand for Services and Facilities With a growing Kafue youth population the need for advanced and well established communication and technology systems is vital for the District. The Information and Communication Technology (ICT) revolution has not only opened up new opportunities for economic growth and social development but has also posed problems and challenges. It can shape and enhance wide range of developmental applications in agriculture, industry and social sectors and is influencing all sections of the society. ICT provides unique opportunities for human development. At the same time, ICT has been widening the gaps between and within countries, regions, gender while increasing disparities divide between the rural -urban, rich-poor, elite neglected and also within the different categories of women in various spheres of activity. It is necessary to build up women capacities to involve them in productive activities, institutional building, family and social transformation, decision -making process, political representation, trade and commerce, entrepreneurial development and social leadership. There is a need to enha nce opportunities to women to enable them to own, manage and control industries and service enterprises including IT-based units. 3.12.5 The Impact of the Continuation of Existing Trends on Land Use and Population Distribution Patterns The majority of cit izens in the District will need technology for them to develop their marketable skills, enhance their economic opportunities, participate in informed decision - making, network, and promote themselves as individuals or simply to be able to fully integrate in this global economy. Globally trends are changing with regards to|https://www.kafuecouncil.gov.zm/?page_id=195|Integrated Development Plan 2024-2034|2026-09-11
document_page|kafue_idp_2024_2034_page_0097|kafue_idp_2024_2034.pdf|Integrated Development Plan 2024-2034|97|76 communication and technology in the next ten years it is anticipated that this need will be more. When there is an enabling environment, ICT can provide diverse avenues for local people in Kafue to social, political and economic empowerment enhancing platforms. The community does anticipate that their economic livelihoods can be uplifted through expanding access to local and international markets for women producers and traders, and through increased access to jobs, education and training, and entrepreneurial opportunities. Women have taken advantage of the increased flexibility in employment conditions to combine roles in the care economy with professional roles. In the next ten years Commu nication and techno will play and increased role for local communities to access to health, nutrition, education and other human development opportunities, such as political participation, through ICT - mediated delivery channels. Women have also made extens ive use of ICT services to mobilize for women’s empowerment and societal well-being. 3.12.6 Environment and Climate Change Analysis One of the critical challenges of advanced ITC is the disposal of waste materials; of the materials used in the set up are non-biogradable which implies a negative effect on the environment. Direct Negative environmental effects stem from the production, use and disposal of hardware that comes with ICTs. They are not radically different from the environment effects of many oth er products, but pose a challenges like toxic emissions, into the environment. On the positive side ICT facilitates for value addition in the economy making products more marketable and saleable, hence helping to improve economies. 3.12.7 Issues Arising Relating to Gender Groups and Vulnerable Groups Women are clearly missing out on the digital revolution a most of the wards: from all the visited wards it was noticed that an average of an estimated 60 per cent of formal employment across sectors will require technological skills, hence women´s lack of ICT literacy is likely to lead to a reinforcement of gender inequalities. 3.12.8 Summary In Kafue District, the trends are similar to the access levels at national level. The main challenges to internet pene tration in the District especially the rural wards (14) is the lack of telecommunication masts in most parts and intermittent network. In the lower Zambezi and west of the District, literacy levels and lack of skills to operate devices was a major challeng e especially among women. The survey also revealed that the cost of purchasing smart phones and cost of services (bundles) was high for the majority who are grappling to meet the basic needs. The highest proportion of the population with access to internet in the District is in Chisankane, Kafue, Matanda, Shabusale, Shimabala and Malundu wards. The wards with the least access are Chiyaba, Chisakila, Chitende, Magoba, Mungu, Kambale, Lukolongo and parts of Chifwema and Chisankane. It must also be noted that these wards also have low|https://www.kafuecouncil.gov.zm/?page_id=195|Integrated Development Plan 2024-2034|2026-09-11
document_page|kafue_idp_2024_2034_page_0098|kafue_idp_2024_2034.pdf|Integrated Development Plan 2024-2034|98|77 literacy levels and a high population of people above 40. 3.12.9 Consideration of the Underlying Factors Contributing To the Issues Identified In Kafue, the main challenges were experienced in Chisankane, Lukolongo, Mugoba, Chiyaba, C hitende, Chisakila and Kambale Wards. Network is unavailable in most of the parts of the wards and where there is network, clarity of voice calls was poor and network intermittent. 3.13 Analysis of Other community services (Security, Recreational spaces, cemetery and social protection 3.13.1 Security The District has a police station and Six (6) police posts. The service in of terms of security infrastructure is insufficient across the District. This has contributed to an increase in crime particularly theft, GBV , nuisances and other minor offences in rural wards. The wards are far apart and majority is rural with poor road infrastructure and some with poor mobile phone connectivity and unplanned housing developments. While aggravated crimes remain low, there has been an upward trend in the number of murders and aggravated robbery in Chisankane, Chifwema, Chiyaba and all the urban wards. 3.13.2 Recreation and Open Spaces Recreation and open spaces are very important to health and development of the communi ty. Kafue District does not have any public community open spaces. However, there are a number of private recreation facilities, which are currently in a poor state. The critical shortage of recreation infrastructure and spaces in the District has negatively affected youth and sport development. Kafue and Kasenje wards previously had recreation facilities in Kafue estates but are no longer functional because they are in a poor state. The only available recreation spaces were at primary and secondary schools. Strikingly, the rapidly developing areas in Lusaka South like (Chalala) in Chisankane ward which is a new developing residential and mixed use equally lacks public open spaces. One of the challenges related to the lack of open spaces is that Lusaka Sou th was an area zoned for small holdings on leasehold that has undergone change of use and the developers want to maximise their returns from the sale of land. Such dynamics in relation to Land markets has negatively affected the level of socialization in our communities. Socialization is important because it promotes the sharing of culture, values, beliefs, norms and ideas. This is done through tournaments (football, netball and other sports). Cycling is also one of the common sports in the area and such should be promoted. There is need for a proper stadium to be set up for these tournaments to be held. Play parks|https://www.kafuecouncil.gov.zm/?page_id=195|Integrated Development Plan 2024-2034|2026-09-11
document_page|kafue_idp_2024_2034_page_0099|kafue_idp_2024_2034.pdf|Integrated Development Plan 2024-2034|99|78 for kids should also be set up, they can learn a lot as they play as well and interact with their parents which is one of the ways to build goo d relations in families. There is also need for construction of community halls which could be used for various purposes such as weddings, community meetings and other uses. Most wards do not have proper recreational spaces, especially the rural wards. Th e Urban wards have some structures like football pitches, community halls and other various recreational activities and spaces. The rural wards are lacking such structures; as a result most of the youths engage themselves in drug and alcohol abuse. Girls e nd up joining prostitution because there is nothing to keep them busy if they are not employed. Wards like Chisankane and Chitende want a community hall constructed which can be used for various recreational activities and money making activities like weddings. Other wards call for the construction of stadium to promote various sports. Figure 34: Other Community Facilities Source: Generated by Kafue IDP Team, 2024 3.13.3 Social Protection According to the 2010 Living conditions monitoring survey, the pov erty level for Lusaka|https://www.kafuecouncil.gov.zm/?page_id=195|Integrated Development Plan 2024-2034|2026-09-11
document_page|kafue_idp_2024_2034_page_0100|kafue_idp_2024_2034.pdf|Integrated Development Plan 2024-2034|100|79 province stood at 24.4%. Kafue District is predominantly rural with six wards out of sixteen wards being more vulnerable to climate change hazards such as drought and floods. Social protections services under the department of social welfare and community development were available only in Chiyaba, Chitende, Chikupi and Chisakila wards. The major challenge with social protections services is the inadequate financial support from the central government. The number of vulnerable households has been increasing and comprises people with limited access to essential basic needs and services that are necessary for human survival (health, education, water and sanitation as well as food). This has been partly because of climate change hazards such as droughts and floods that make agricultural production and productivity low. This is evident in areas like Magoba, Chiawa, Kambale, Chitende and Chisakila wards where people mostly rely on relief food. Female -headed households, child - headed househol ds, persons with disabilities, orphaned children, the chronically ill and elderly people are the worst affected. Kafue District is committed to reducing poverty by focusing on the following key result areas: a) Enhancing welfare and livelihoods of the poor a nd vulnerable (through integrated social protection, social cash plus programs, youth and women empowerment, and educational support); b) Climate change adaption, disaster risk reduction and mitigation (through community based disaster risk reduction and preparedness); c) Reduced vulnerability associated with HIV/AIDS prevalence (through the reduction of HIV incidence, and the promotion of the well-being of PLHIV) 3.13.3 Cemetery There are currently one (1) burial sites, namely Jobnasa in Kafue urban, in Kasenje ward. In rural areas, residents bury their dead in un -gazetted burial places. The current burial sites are reaching their full capacity and the land around these facilities has either been converted to private use or encroached on. Much of the land that c ould be used for burial purposes is not in close proximity to the urban area and this has the implication of increasing the cost of burying as distances increase from the Central Business area of Kafue. 3.14 Consideration of the Underlying Factors Contribu ting To the Issues Identified – Other Community Social Services) 3.14.1 Population growth The rate of population growth in Kafue has increased over the last two (2) decades more particularly in the urban wards of Matanda, Kafue and Malundu and Shabusale. W ards such|https://www.kafuecouncil.gov.zm/?page_id=195|Integrated Development Plan 2024-2034|2026-09-11
document_page|kafue_idp_2024_2034_page_0101|kafue_idp_2024_2034.pdf|Integrated Development Plan 2024-2034|101|80 as Chisankane and Chifwema also among the wards with fastest growing populations due to their proximity to Lusaka City. Chisankane has developed in the last ten (10) years as a residential and commercial area with diverse housing styles and sizes, education facilities and commercial developments such as Malls, Guest houses and shops. This has led to an increase in the need for recreational spaces and social protection services for the wards in the urban as well as rural part of the District. The rate of urbanisation in Kafue is contributing to scarcity Social community services as the growth has not been matched with infrastructure development and service provision. 3.14.2 Climate change and impact on the environment The effects of climate cha nge have contributed to migration from the rural wards to urban wards mostly in search of food and water for drinking and animals. It also contributed to desperate sale of household land by rural populations that fail to sustain their agricultural production due to droughts. 3.14.3 Land degradation and pollution Quarrying is another factor that is contributing to land degradation in the urban wards and wards close to Lusaka. The massive demand for stones and sand in Lusaka City for construction purposes is supporting the growth of quarrying, open pit mining as an economic activity. The wards with the most quarries are Chifwema, Chisankane, Malundu and Shimabala. The dust from the mining has damaged vegetation and polluted the air around these locations making them less attractive for housing developments and agriculture despite their proximity to good roads, soils and water sources. 3.14.4 Spatial distribution of Basic Services Currently, the distribution of basic services remains uneven across most of the wards with urban wards having access to more services such as healthcare, education, water, energy, financial and mobile communication while rural wards remain underserviced despite the high populations. The spatial distribution has a historical trend wher e services in Kafue followed road development and health centres but as populations migrated to other parts of the wards or District owing to factors such as land degradation and climate change, services did not expand. 3.14.5 Service Quality and Diversification The level of diversification in services offered in Kafue is limited and highly linked to the geographic location of the population. There is little to options of what services or quality of services once can access in the rural wards of the District notwithstanding the erratic supply of the same services. The central and urban wards have some diversification in services particularly financial services, healthcare and education including telecommunications but the|https://www.kafuecouncil.gov.zm/?page_id=195|Integrated Development Plan 2024-2034|2026-09-11
document_page|kafue_idp_2024_2034_page_0102|kafue_idp_2024_2034.pdf|Integrated Development Plan 2024-2034|102|81 rural wards depend entirely on mobi le money and mobile communication via voice calls and text with intermittent to No access to internet. 3.14.6 Cultural and Social Practices The changes in cultural and social practices brought about by education, technology, human rights and new laws and policies has an effect on development and the status of people. More notable is the realisation of children’s right to education, girl education and changing roles of men and women in community life. Previously, roles assumed to be predominantly for women or men are now taken up by both men and women the occupation of these roles is no longer based on masculinity but education, ability and in some cases legal requirements. The changing social and cultural trends are more noticeable in the rural wards because of homogenous populations and family ties. 3.15 Summary – Core Issues This section presents the core problems identified in Kafue District by weight. The core problems have been presented according to the feedback provided during the public participation process and analyzed in a descending order. 1) House Hold poverty: According to the 2010 Living conditions monitoring survey, the poverty level for Lusaka province stood at 24.4%, with a higher rate for rural areas. In Kafue District fourteen (14) of the wards are rural and semi -rural wards a clear indication of high Household poverty levels. Lack of access to year round nutrition was highlighted in the Ward-based community consultative meetings. 2) Human animal conflicts: Overtime the populations of the four wards (Kambale, Chisakila, and Chitende & Chiawa) in the lower Zambezi have continued to increase hence, creating conflict with the natural habitat living in the area. The farming activities undertaken by the Human settlement have become a source of food for the animal population. Human -wildlife encounters between humans and wildlife has led to negative results, such as loss of property, livelihoods, and even life. 3) Poor road infrastructure: The District had poor connectivity off the main trunk roads, the District was poorly interlinked. Further, the rural wards, located eastwards (towards Chiawa) and westwards (toward Chikupi ward) of the core|https://www.kafuecouncil.gov.zm/?page_id=195|Integrated Development Plan 2024-2034|2026-09-11
document_page|kafue_idp_2024_2034_page_0103|kafue_idp_2024_2034.pdf|Integrated Development Plan 2024-2034|103|82 urban area had poorly maintained feeder roads. Similarly, the urban roads were poorly maintained. 4) Access to affordable and renewable energy: Lack of access to sufficient and sustainable supplies of energy affects a large proportion of the population (up to 65 percent of the households relied on firewood and charcoal) mainly because of limited access to main grid electricity, and renewable energy 5) Unemployment: Lack of employment in the District is compounded by the low industrial base and under developed small/micro enterprises sector, as well as a burgeoning 70 percent of the youthful population. 6) Lack of access to capital for businesses: Limited access to capital assets especially titled land, implies restricted access to capital for agriculture and other economic ventures. 7) Land Disputes: The District continues to grapple with Land access in both state and traditional land areas. This challenge is more compounding for women and youths due to limited access to finance to facilitate for the process of ownership of a land. A common trend was that of squatting on the limited state land. 8) Early Marriages: In Kafue District Child marriage continue to be high due to high Household poverty levels. From the Consultative meeting most communities stressed financial constraints as the major driver of child marriage. 9) Poor access to health services: Given the popu lation threshold against the number of public health facilities, most of the population on the eastern half of the District fell outside of the 5kilimeters service distance. 10) Limited education opportunities beyond primary school: the District only has 10 secondary schools to service all the eighteen wards. This situation had led to a number of youth and children dropping out of school after grade seven. 11) Skills training: The District only has three registered institutions with TEVTE to provide for skills training. This raised the likelihood of out -migration considering the increasingly youthful population (15-30 years) found in the District.|https://www.kafuecouncil.gov.zm/?page_id=195|Integrated Development Plan 2024-2034|2026-09-11
document_page|kafue_idp_2024_2034_page_0104|kafue_idp_2024_2034.pdf|Integrated Development Plan 2024-2034|104|83 12) Creational facilities: Recreational parks were underutilized due to poor maintenance. The existing recreational fac ilities are also just found in two of the urban wards. 13) Deforestation: Due demand for charcoal for urban energy needs for Lusaka Chilanga and Kafue, forest cover in the District was under threat, especially in Chiawa, Malundu, and Mungu wards 14) Low agricultural productivity: Reduced crop production has been attributed to the heavy dependency on rain fed agriculture, low participation diversified production including aquaculture and animal husbandry. Poor road infrastructure to support market linkages was recorded, compounded by exposure to flooding and droughts. 15) Access to safe water and sanitation: Despite have two major rivers in the District Zambezi and Kafue River, over 80% of the population does not have access to safe potable water as the infrastruct ure setup in the District services is focused on servicing Lusaka city. Thus the majority of the population relies on shallow wells and boreholes. In terms of sanitation, 62 percent rely on the use of pit -latrines for sewage disposal. In the urban ward s, waste management is a challenge as only an open landfill is available to manage solid waste.|https://www.kafuecouncil.gov.zm/?page_id=195|Integrated Development Plan 2024-2034|2026-09-11
document_page|kafue_idp_2024_2034_page_0105|kafue_idp_2024_2034.pdf|Integrated Development Plan 2024-2034|105|84 Figure 35: Issues from Wards Consultations|https://www.kafuecouncil.gov.zm/?page_id=195|Integrated Development Plan 2024-2034|2026-09-11
document_page|kafue_idp_2024_2034_page_0106|kafue_idp_2024_2034.pdf|Integrated Development Plan 2024-2034|106|85 PART 4: KAFUE DEVELOPMENT FRAMEWORK 4.0 Introduction A spatial development framework (SDF) aims to provide a spatial representation of change or transformation, including supporting sector and spatial policies in the area undertaking an IDP. It articulates the vision, goals and objectives as well as the pr ogrammes to be implemented. Essentially, an SDF integrates all aspects of spatial (physical) planning (such as land use planning; planning of pedestrian, vehicular and other movement patterns; planning regarding the location of buildings and built -up areas; planning of open space systems; and planning of road s and other service infrastructure) and guides all decision -making processes regarding spatial (physical) development. 4.1 Development Framework The development framework will set out the development objectives, priorities and strategies of the District. These are drawn from the following pertinent elements that provide a summative approach to the identified problems of the District; a) Addressing Environmental, social and economic aspects of development b) Ensuring the Protection of sensitive ecological zones, areas of environmental sensitivity or cultural and historical importance or areas of importance for disaster management purposes; c) Ensuring national and regional interests, policies and guidelines clearly tabulated in the Development Framework. d) Ensuring the Proposals to the development and use of land in neighboring areas are in line with provided for regulations e) Projecting areas of future growth that could be under the jurisdiction of traditional authorities and proposed policies and proposals for those areas. f)Tabulating clearly areas where planning agreements are done -under customary tenure.|https://www.kafuecouncil.gov.zm/?page_id=195|Integrated Development Plan 2024-2034|2026-09-11
document_page|kafue_idp_2024_2034_page_0107|kafue_idp_2024_2034.pdf|Integrated Development Plan 2024-2034|107|86 In order to address and overcome challenges observed from the District as presented in the thematic analysis and summary of planning issues. The IDP will be guided by the following desired results that have been identified through the community and public consultative process and which are supported by objectives and priorities presented in the Spatial Development Framework (SDF ). The SDF that will form the building bl ocks for the implementation of the strategy. The core focus of the Kafue IDP 2024 - 2034is to develop a District that promotes:  Productivity – Investment and infrastructure in Iron and Steel, tourism competitiveness and diversified businesses  Connectivity – Diversified transport infrastructure, connected neighborhoods and ICT.  Local Economy – Agricultural productivity, adequate affordable housing, social protection and development, infrastructure investments and forward planning  Compact Living - Education, health, skills training, recreation, research and development  Ecology – Environment, recycling, renewable energy and industry 4.1.1 Role of the Development Framework The role and purpose of the SDF is therefore to support and create an enabling framework where these objectives can be achieved, while at the same time ensuring that proposals made are in line with relevant policies and legislation. In effect, the SDF will guide all decisions of the Local Authority that involve the current or future use and development of land, including infrastructure and buildings. These decisions include: a) Land use management decisions on applications for changes in land use, such as rezoning or subdivision applications; b)Decisions on where and how public funds (from locally generated revenue, equalization fund and other government agencies) are invested. c) Guiding developers and investors towards appropriate nature form and scale of development at any particular location within t he District.|https://www.kafuecouncil.gov.zm/?page_id=195|Integrated Development Plan 2024-2034|2026-09-11
document_page|kafue_idp_2024_2034_page_0108|kafue_idp_2024_2034.pdf|Integrated Development Plan 2024-2034|108|87 4.1 Vision AN INCLUSIVE, INDUSTRIALIZED, AND DIVERSIFIED GREEN ECONOMY OFFERING AN IMPROVED QUALITY OF LIFE BY 2034 4.1.1 Development Policies The following development policies will guide the preparation of the development framework for Kafue District for the period 2024– 2034: a) Design Resilient Public Infrastructure for service provision; b) Promotion of sustainable use practices; c) Scale Up smart and integrated agricultural practices; d) Develop and strengthen access renewable energy solutions e) Strengthen social protection and creation of social assets f)Diversification of the economy through tourism promotion 4.2 Development Objectives, Priorities and Strategies The main development goal of the Kafue IDP 2024 – 2034 is to: To reduce poverty and vulnerability through value addition supported by equitable distribution of services, tourism and infrastructure development while ensuring environmental sustainability.|https://www.kafuecouncil.gov.zm/?page_id=195|Integrated Development Plan 2024-2034|2026-09-11
document_page|kafue_idp_2024_2034_page_0109|kafue_idp_2024_2034.pdf|Integrated Development Plan 2024-2034|109|88 In order to realise the overall goal of the IDP, the following development objectives have been set: IDP Development Objective By 2034 Government policy direction & Vision 2030 1) Promote manufacturing and employment creation Economic transformation and job creation 2) Enhance agricultural productivity in the District by 2034 3) Improve transportation Infrastructure Human and social development 4) Promote investments in Tourism Environmental sustainability 5) Promote investments in alternative sources of energy 6) Enhance human development through Health and education Human and social development 7) Promote Civic participation and social development Good governance and environment 4.2.1 Developmental Priorities 1)Upgrading/Building of schools, health centers and police posts 2)Employment creation 3)Recruitment of teachers and health personnel 4)Upgrading and construction of Road Transport infrastructure 5)Upgrading/Building of Skills training centers and recreation facilities 6)Promotion of Irrigated and fenced agriculture 7)Improving water and energy sources 8)Construction of housing units|https://www.kafuecouncil.gov.zm/?page_id=195|Integrated Development Plan 2024-2034|2026-09-11
document_page|kafue_idp_2024_2034_page_0110|kafue_idp_2024_2034.pdf|Integrated Development Plan 2024-2034|110|89 9)Enhancing Access to capital for Youth and women empowerment 10) Expanding Network service for Sewer 11) Upgrading/building free market 4.3. Development Strategies The IDP has seven (7) development objectives as follows: 4.3.1 Promote manufacturing and employment creation 1)The LA in partnership with ZDA will ensure development of three (3) Value Chains in the Manufacturing Sector by 2027 2)The LA will ensure that basic network infrastructure within the Value addition wards is provided by 2027 3)Promotional campaigns on resource endowments 4)The LA in a PPP with ZDA develop a Industrial Yards for SMEs to undertake Value addition ventures 5)LA Develop Fast Track Industrial Development Checklist to support Industrial clustering and environmental and Planning standards 4.3.2. Enhance agricultural productivity in the District by 2034 1)MOA will develop the capacity of 10,000 farmers in climate smart crop production practices by 2027 2)MOA will enhance crop early warning management systems for farmers by 2027 3)MOA in collaboration MCTI will promotion crop value chain market linkages in key high value crops 4)MOA will develop the capacity of 8,000 small livestock farmers in climate smart livestock production practices by 2027 5)MOLF will enhance livestock early warning management system to prevent livestock disease outbreaks by 2027 6)MOA in collaboration MCTI will promotion livestock value chain market linkages for local and domestic markets by 2027|https://www.kafuecouncil.gov.zm/?page_id=195|Integrated Development Plan 2024-2034|2026-09-11
document_page|kafue_idp_2024_2034_page_0111|kafue_idp_2024_2034.pdf|Integrated Development Plan 2024-2034|111|90 7)MOA to ensure that livestock support infrastructure is in place in all priority wards within the next 5years 8)MOA will develop the capacity of fish farmers in climate smart aquaculture production practices by 2027 9)MOA in collaboration MCTI will promotion aquaculture value chain market linkages for local and domestic markets by 2027 10) MOA in collaboration MCTI will promotion livestock value chain market linkages for local and domestic markets by 2027 11) MOA to ensure that aquaculture support infrastructure is in place in all priority wards within the next 5years 12) The LA in collaboration with Forestry department to promote fruit tree planting as a business by 2026 13) The LA and forestry department will ensure the District has community forests to mitigate against effects of climate change in support of agriculture and water conservation 4.3.3 Improve transportation Infrastructure 1)To provide an efficient transport system through improvements of the existing networks and opening up of new routes within the District. 2)Mobilize resources for road infrastructure development 3)Increase the capacity of stakeholders to upgrade gravel roads to bituminous standards and carry out routine maintenance 4.3.4 Promote investments in Tourism 1) Develop strategic tourism infrastructure 2) The LA working with the ZTB will ensure Kafue has a tourism promotion plan by 2025 3) The LA to secure land in strategic locations of the District for tourism development and tourism value chains by 2027 4) The LA will promote the participation of local people in tourism marketing through campaigns and events 5) Wildlife restocking and protection of species|https://www.kafuecouncil.gov.zm/?page_id=195|Integrated Development Plan 2024-2034|2026-09-11
document_page|kafue_idp_2024_2034_page_0112|kafue_idp_2024_2034.pdf|Integrated Development Plan 2024-2034|112|91 6) The LA to work with ZICTA to ensure connectivity in areas with poor network coverage by 2027 4.3.5 Promote investments in alternative sources of energy 1)Energy Production 2)Renewable Energy Resource Mapping Project 3)Embark on Forests Regeneration Project in four Wards 4.3.6 Enhance human development through Health and education 1)Constructions of Primary, secondary schools and staff houses in the District 2)Maintenance ad refurbishment of school infrastructure 3)Education promotion Campaigns 4)Promote Private public partnerships in water and sanitation coverage 5)Building of industrial bore holes 6)Community wide sanitation / CLTS 7)Safe water supply 8)Public Heath Inspections 9)Infrastructure development 10) Capacity building 4.3.7 Promote Civic participation and social development 1)The LA working with the District Administration office will enhance communication for development 2)LA will coordinate, develop and implement local economic development policies and plans 3)The LA will promote citizen participation in local development 4)The LA will enhance planning coordination with traditional authorities|https://www.kafuecouncil.gov.zm/?page_id=195|Integrated Development Plan 2024-2034|2026-09-11
document_page|kafue_idp_2024_2034_page_0113|kafue_idp_2024_2034.pdf|Integrated Development Plan 2024-2034|113|92 5)The LA will partner with private sector to improve access to recreational spaces in all wards by 2030 6)The LA will ensure that urban form takes into account the needs of children and youths including persons living with disabilities 7)The LA will promote sports development and arts by 2030 in all the Wards 4.4 Development Scenarios The Kafue IDP will have 3 strategic drivers 1. A Productive and growing economy - Value addition is the Economy 2. Connectivity and Accessibility for Inclusive and Equitable Growth 3. Human and social development 4.4.1 Scenario 1: A productive and growing economy - value addition is the economy Kafue was set-up as a n industrial zone for the development of the Greater City from Lusaka from Historical point of vi ew. This lead to the establishment of a number of industries in the District that is now dis-functional. This IDP envisions the building and rebuilding of existing industries with its associated value chains as a way of growth the local economy of Kafue an d creating job opportunities within the District. In addition to this Based on the core issues raised during the public consultation, this development scenario has the aim of promoting the competitive and comparative advantage of Kafue District through the establishment of industries the use of concepts such as growth area, nodes, development corridors, containment and densification around the value addition regions o f the District while promoting local economic development and trade between Kafue and the o ther Districts in the province. Trade between Kafue and other Districts within Lusaka and Zambia is critical to the viability of the manufacturing sector. Growth Areas (GA) : The hierarchy of settlements is a critical consideration in the promotion of grow th areas and the SDF has prioritised Chifwema, Kasenje, Shabusale, Lukolongo, Magoba and Chikupi as growth areas.|https://www.kafuecouncil.gov.zm/?page_id=195|Integrated Development Plan 2024-2034|2026-09-11
document_page|kafue_idp_2024_2034_page_0114|kafue_idp_2024_2034.pdf|Integrated Development Plan 2024-2034|114|93 Chifwema Urban Area: This is a fast growing region of the District with investments in cement production and related industries will be promoted to become an urban area for a population of Atleast 10,000 around the industrial area, including the Lusaka South MFEZ. Housing developments and commercial and social services such as education and health will be setup to support the manufacturi ng industries that will setup in the area. Kasenje/Shabusale: The two are considered urban wards although Shabusale has a large portion of undeveloped land used for agriculture. The current location for the Steel Plant in Kasenje will be re -zoned to promote the setup of related manufacturing industries and services that will support the existing steel plant to achieve economies of scale.. Shabusale is planned for v alue addition as a growth area for value addition to Sugarcane and investments are already under con sideration by various entities including government through IDC. Lukolongo GA: The ward currently hosts the Mpande forest, an area that has rich deposits of iron will be partly degazetted to facilitate the extraction of iron ore for processing within the MFFEZ and Kasenje at the steel plan. As the ward already hosts the LMFEZ, growth of the area will be promoted to ensure that it can provide for a population of upto 10,000 people. Chikupi/Magoba GA: The wards will focus on promotion of mining and agricultu re (Sugarcane). According to the suitability analysis conducted for the IDP, this is the most ideal area for the expansion of the District economic activities due to the less sparsely populations, no environmentally sensitive features and its proximity to the commercially viable sugarcane plantations of Mazabuka and the Nampundwe mine on the boundary with Shibuyunji District. Development Corridors (DC): Three (3) development corridors are proposed in Kafue East (Chifwema, Chisankane and Lukolongo) as a deve lopment corridor for mining related value chains, Lower Zambezi as a tourism and agriculture development corridor and linked to the Chifwema-Chiawa Road and Kafue west (Agriculture and Renewable Energy). Nodes (N): A total of six (6) wards have been propo sed for the development of nodes due to their resource potentials and population trends. These are Chisankane, Malundu, Shimabala, Chiyaba, Chisakila, Mungu and Kambale.|https://www.kafuecouncil.gov.zm/?page_id=195|Integrated Development Plan 2024-2034|2026-09-11
document_page|kafue_idp_2024_2034_page_0115|kafue_idp_2024_2034.pdf|Integrated Development Plan 2024-2034|115|94 Containment and Densification: All the urban wards have been planned for containment to ensure that the land is rezoned to promote the highest and best use of land in support of the establishment of various industries. Redevelopment of the urban area will be undertaken on the brownfield to promote resilience and smart cities concepts as a way of further reducing the carbon footprint. Another area outside the urban wards that will be enhanced through densification are parts of Chisankane and Chifwema wards. The key drivers to the development scenario include: 1. Connected transport systems and infrastructure linking the growth areas to the nodes. Road infrastructure linking Kafue East to Lower Zambezi and Kafue South to Lusaka will be critical in promoting material flows and labour. There will be need to re- duce travel time to Kafue from major international entry points and urban areas. 2. Increased food production to satisfy demand for food in the growing population attracted by the industries in the District. By 2030, the population of Kafue will have doubled and urban food systems will be critical . Another factor that will result in high demand for food is increased number of tourists visiting Kafue as a destination. 3. Technological advancements will be critical to driving change in the agricultural sector to mitigate against the effects of c limate change. Agriculture will not only rely on information on climate but the ability to grow crops that are drought resistant and also highly resistant to attack from pests.|https://www.kafuecouncil.gov.zm/?page_id=195|Integrated Development Plan 2024-2034|2026-09-11
document_page|kafue_idp_2024_2034_page_0116|kafue_idp_2024_2034.pdf|Integrated Development Plan 2024-2034|116|95|https://www.kafuecouncil.gov.zm/?page_id=195|Integrated Development Plan 2024-2034|2026-09-11
document_page|kafue_idp_2024_2034_page_0117|kafue_idp_2024_2034.pdf|Integrated Development Plan 2024-2034|117|96 Source: Generated by Kafue IDP Team, 2024 Figure 35: Scenario 1 A productive and growing economy - value addition is the economy|https://www.kafuecouncil.gov.zm/?page_id=195|Integrated Development Plan 2024-2034|2026-09-11
document_page|kafue_idp_2024_2034_page_0118|kafue_idp_2024_2034.pdf|Integrated Development Plan 2024-2034|118|97 4.4.2 Scenario 2: Social Development The development scenario aims to increase access to Basic Services such as education, health, environmental services and soci al pro- tection. By using the concept of growth poles and nodes, the idea is to strengthen service delivery through equitable distribution of education and health infrastructure in each ward to ensure that distances covered by populations are significantly reduced. Figure 37: Scenario 2 Social Development Source: Generated by Kafue IDP Team, 2024|https://www.kafuecouncil.gov.zm/?page_id=195|Integrated Development Plan 2024-2034|2026-09-11
document_page|kafue_idp_2024_2034_page_0119|kafue_idp_2024_2034.pdf|Integrated Development Plan 2024-2034|119|98 4.4.3 Scenario 3: Human Settlements This concept focuses on unlocking the potential of housing and its related services to drive economic development and growth. Under this scenario, attention will be given to supporting the private sector to ve nture into the provision of affordable housing around the growth areas of the District to support the provision of municipals services through networks and within planned development schemes. Figure 38: Scenario 3 Human Settlements Source: Generated by Kafue IDP Team, 2024|https://www.kafuecouncil.gov.zm/?page_id=195|Integrated Development Plan 2024-2034|2026-09-11
document_page|kafue_idp_2024_2034_page_0120|kafue_idp_2024_2034.pdf|Integrated Development Plan 2024-2034|120|99 4.4.4 Selection of Scenarios The criteria for the selection of the best scenario is based on the following factors: - Environmental factors, potential to contribute to job creation, contribution to the local economy and nation al economy, demographic trends and social economic factors, political and technological factors. Scenario 1 was selected as the best alternative 4.5 Figure 39: Selected Scenarios Source: Generated by Kafue IDP Team, 202|https://www.kafuecouncil.gov.zm/?page_id=195|Integrated Development Plan 2024-2034|2026-09-11
document_page|kafue_idp_2024_2034_page_0121|kafue_idp_2024_2034.pdf|Integrated Development Plan 2024-2034|121|100|https://www.kafuecouncil.gov.zm/?page_id=195|Integrated Development Plan 2024-2034|2026-09-11
document_page|kafue_idp_2024_2034_page_0122|kafue_idp_2024_2034.pdf|Integrated Development Plan 2024-2034|122|101 4.5 Land Use Policies and Proposals The IDP recommends that all the Wards prepare Local Area Plans (LAPs). It is preferred that the preparation of the LAPs follows the three locational clusters of Wards (Kafue Core urban, Shantumbu Suburban, and Chiawa Eco-tourism). This intervention should be taken early to achieve the following objectives: i) Promote industrial growth and expansion through a consolidation of economic facility zones ii) Prevent the growth of unplanned settlements, iii) Promote eco-tourism and protection of ecological zones, iv) Development of service centre areas for rural Ward v) Protection of regional AND intersect resources in the District vi) Regulate the uncoordinated developments resulting from the frequent changes in land use, subdivisions and conversions from customary land to leasehold. 4.5.1 Environmental, Social and Economic Aspects of Development Land use planning policies and proposals to improve, maintain or protect the environmental, social and economic aspects of development In order to protect, maintain and improve the environmental, social and economic aspects of development, the District shall ensure that: 1)More and differentiated employment opportunities are created for young people; 2)Well planned human settlements closer to places of work; 3)Improve the quality public transport and safety of it; 4)Implement infill development for more compact development 5)Promote cycling and walking through dedicated cycle and walking trails 6)Promote the development of dedicated public transport routes and mass transits 7)Provide incentives to local businesses in densely populated areas for the to provide services such as health, refuse collection and education 8)Public Private Partnerships for strategic Infrastructure Development and Housing 9) Promote investments in tourism and hospitality services 10) Roll out Optic Fibre network and other economic infrastructure|https://www.kafuecouncil.gov.zm/?page_id=195|Integrated Development Plan 2024-2034|2026-09-11
document_page|kafue_idp_2024_2034_page_0123|kafue_idp_2024_2034.pdf|Integrated Development Plan 2024-2034|123|102 11) Provide skills training to youth and women and youth/women led businesses 4.5.2 Protection Zones, Environmental Sensitivity, Cultural and Historical Importance The following Land use planning policies and proposals shall be developed for protection zones, areas of environmental sensitivity or cultural and historical importance or areas of importance for disaster management purposes 1)Prohibition of deve lopment along the Kafue River and ecologically sensitive areas and more particularly housing and industry 2)Improve the regulation of conservation and restoration of protected areas 3)Promote Tree Planting in public spaces and open spaces 4)Develop a comprehensive programme to protect historical and cultural sites 5)Mapping of historical and cultural sites 6)Prohibition of expansion of housing developments towards rivers, watershed, historical sites and other environmentally sensitive areas 4.5.3 Protection of National and Regional Interests The following Land use planning policies and proposals shall be developed and implemented for the protection of national and regional interests: 1)Maintain the quality of the water in the Kafue River 2)Ensure that the T2 Road is well maintained to ensure access 3)Protection of the Kafue River watershed and surrounding areas to ensure 4.5.4 Informal Settlements The following Land use planning policies and proposals will apply to informal settlements. These policies will be implemented t ogether with appropriate building and land use controls as provided for in the Urban and Regional Planning Act of 2015; 1)Provide wider and more accessible roads 2)Improve access to health and education infrastructure 3)Ensure access to safe and clean drinking water provided at block level 4)Improve the health and safety of community services|https://www.kafuecouncil.gov.zm/?page_id=195|Integrated Development Plan 2024-2034|2026-09-11
document_page|kafue_idp_2024_2034_page_0124|kafue_idp_2024_2034.pdf|Integrated Development Plan 2024-2034|124|103 5)Promote access to decent employment opportunities within the settlements 6)Prohibit the expansion of housing towards ecologically sensitive areas 7)Restrict expansion of housing developments to current settlement boundaries 8)Promote the use of sustainable building materials 9)Ensure that building regulations for housing and other developments are developed and implemented 4.5.5 Areas under Traditional Authorities The following Land use planning policies and proposals shall apply to areas under the jurisdiction of traditional authorities: 1)Planning agreements will be in place for the development of housing, commercial and industrial buildings 2)Provide incentives to local artisans and builders 3)Support traditional leaders to update their land use allocation maps 4)Encourage traditional authorities to prepare land use plans for their areas|https://www.kafuecouncil.gov.zm/?page_id=195|Integrated Development Plan 2024-2034|2026-09-11
document_page|kafue_idp_2024_2034_page_0125|kafue_idp_2024_2034.pdf|Integrated Development Plan 2024-2034|125|104 PART 4: IMPLEMENTATION PLAN|https://www.kafuecouncil.gov.zm/?page_id=195|Integrated Development Plan 2024-2034|2026-09-11
document_page|kafue_idp_2024_2034_page_0126|kafue_idp_2024_2034.pdf|Integrated Development Plan 2024-2034|126|105 GOAL 1: PROMOTE MANUFACTURING AND EMPLOYMENT CREATION Objective To enhance value addition to local materials through processing and packaging by 2026 Strategies Programme Location (By Priority) Target (Years) Responsible 1 2 3 4 5 The LA in partnership with ZDA will ensure development of Five (5) Value Chains in the Manufacturing Sector by 2026 Develop value chain in steel, iron and other related Mineral elements production Kasenje, Lukolongo, Chisankane 1 Value Chain KTC & MCTI Develop value Chains in the cement production Chifwema, Chisankane 1 Value Chain 1 Value Chain 1 Value Chain 1 Value Chain 1 Value Chain KTC & MCTI Develop value chain in sugar production Shabusale, Chikupi 1 Value Chain 1Value Chain 1 Value Chain 1 Value Chain 1 Value Chain KTC & MCTI The LA will ensure that basic network infrastructure within the Upgrading of 70km of road network to bituminous standards Kasenje, Lukolongo, Chisankane, Shabusale, Chikupi 12km 12km 12km 12km 12km KTC & MIDH|https://www.kafuecouncil.gov.zm/?page_id=195|Integrated Development Plan 2024-2034|2026-09-11
document_page|kafue_idp_2024_2034_page_0127|kafue_idp_2024_2034.pdf|Integrated Development Plan 2024-2034|127|106 Value addition wards is provided by 2026 Install strategic water and electricity infrastructure in the Industrial area Kasenje, Lukolongo, Chisankane, Shabusale, Chikupi Service Plan Developed Service Plan being Implemented Service Plan being Implemented Service Plan being Implemented Service Plan being Implemented KTC, ZESCO & LWSC Promotional campaigns on resource endowments Use ZANIS to prepare documentaries to air on the resource endowments of the District All wards 9 Shows 6 shows 6 shows 6 shows 6 shows KTC & ZANIS Develop an incentives package for local and foreign companies t o invest in the District All wards 1 package developed Package being implemented Package being implemented Package being implemented Package being implemented KTC & ZDA|https://www.kafuecouncil.gov.zm/?page_id=195|Integrated Development Plan 2024-2034|2026-09-11
document_page|kafue_idp_2024_2034_page_0128|kafue_idp_2024_2034.pdf|Integrated Development Plan 2024-2034|128|107 Objective To develop industrial clusters for SMEs to venture into processing and packaging by 2026 Strategies Programme Location (By Priority) Target (Years) Responsi ble 1 2 3 4 5 The LA in a PPP with ZDA develop a Industrial Yards for SMEs to undertake Value addition ventures Sign Planning Agreements with Traditional Leaders for development of Industrial Clusters Kasenje, Lukolongo, Chisankane, Shabusale, Chikupi 1 Planning Agreement s 2 Planning Agreement s 2 planning Agreement s KTC Sign a partnership agreement with Shabusale Cooperative on Sugarcane Production Shabusale 1 Cooperativ e Contract KTC & IDC Preparation of Mixed Use Industrial Cluster Layout Plans for SMEs Kasenje, Lukolongo, Chisankane, Shabusale, Chikupi 1Plan 2Plans 2 Plans KTC Develop SME Financing strategy on value addition 1 Strategy Developed KTC & MCTI Implement SME Value addition financing Strategy Strategy being Implement Strategy being Implement Strategy Reviewe d Strategy being Implement KTC & MCTI|https://www.kafuecouncil.gov.zm/?page_id=195|Integrated Development Plan 2024-2034|2026-09-11
document_page|kafue_idp_2024_2034_page_0129|kafue_idp_2024_2034.pdf|Integrated Development Plan 2024-2034|129|108 ed ed ed LA Develop Fast Track Industrial Development Checklist to support Industrial clustering and environmental and Planning standards Develop Electronic Plan Approval Process linked to ZEMA NA 1 System Developed KTC & LPPA Develop Industrial Planning Standards for environmental quality NA 1 Set of Planning Standards Developed KTC & LPPA|https://www.kafuecouncil.gov.zm/?page_id=195|Integrated Development Plan 2024-2034|2026-09-11
document_page|kafue_idp_2024_2034_page_0130|kafue_idp_2024_2034.pdf|Integrated Development Plan 2024-2034|130|109 GOAL 2: ENHANCE AGRICULTURAL PRODUCTIVITY IN THE DISTRICT BY 2030 Objective To increase crop production through climate smart agricultural diversification by 2030 Strategies Programme Location (By Priority) Target (Years) Responsible 1 2 3 4 5 MOA will develop the capacity of 10,000 farmers in climate smart crop production practices by 2026 Conduct baseline study on knowledge and practices of farmers on Smart agriculture All wards 1 baseline study MOA Conduct farmer trainings in climate smart crop diversification Chikupi, Mungu, Kabweza, Lukolongo, Magoba, Shimabala, Chifwema, Chiawa 2000 Farmers 2000 Farmers 2000 Farmers 2000 Farmers 2000 Farmers MOA Conduct farmer trainings in climate smart farm mechanization Chikupi, Mungu, Kabweza, Lukolongo, Magoba, 2000 Farmers 2000 Farmers 2000 Farmers 2000 Farmers 2000 Farmers MOA|https://www.kafuecouncil.gov.zm/?page_id=195|Integrated Development Plan 2024-2034|2026-09-11
document_page|kafue_idp_2024_2034_page_0131|kafue_idp_2024_2034.pdf|Integrated Development Plan 2024-2034|131|110 Shimabala, Chifwema, Chiawa Wards Conduct farmer trainings in water efficient irrigation Priority Wards 2000 Farmers 2000 Farmers 2000 Farmers 2000 Farmers 2000 Farmers MOA Conduct 400 trials demonstrations in drought resistant crops Chikupi, Mungu, Kabweza, Lukolongo, Magoba, Shimabala, Chifwema, Chiawa Wards 80 Demos 80 Demos 80 Demos 80 Demos 80 Demos MOA MOA will enhance crop early warning management systems for farmers by 2026 Production of monthly weather forecasts All Wards 12 12 12 12 12 MOA Dissemination of Weather Forecast Reports through extension Camps All Wards 12 12 12 12 12 MOA Conduct routine crop pest and disease monitoring and surveillance Priority Wards 400 400 400 400 400 MOA MOA in Sensitization of crop All Wards 400 400 200 200 200 MOA|https://www.kafuecouncil.gov.zm/?page_id=195|Integrated Development Plan 2024-2034|2026-09-11
document_page|kafue_idp_2024_2034_page_0132|kafue_idp_2024_2034.pdf|Integrated Development Plan 2024-2034|132|111 collaboration MCTI will promotion crop value chain market linkages in key high value crops farmers on value chain market linkages Facilitation of the building of crop productive alliances with farmers Priority Wards 1 1 1 Objective To increase crop production through climate smart agricultural diversification by 2030 Strategies Programme Location (By Priority) Target (Years) Responsible 1 2 3 4 5 MOA will develop the capacity of 8,000 small livestock farmers in climate smart livestock production practices by 2026 Conduct farmer training in climate smart livestock disease prevention and management Priority Wards 1600 1600 1600 1600 1600 MOLF Conduct farmer training in climate smart animal husbandry practices Priority Wards 1600 1600 1600 1600 1600 MOLF 10,000 animals distributed in the small livestock restocking Priority Wards 2000 2000 2000 2000 2000 MOLF|https://www.kafuecouncil.gov.zm/?page_id=195|Integrated Development Plan 2024-2034|2026-09-11
document_page|kafue_idp_2024_2034_page_0133|kafue_idp_2024_2034.pdf|Integrated Development Plan 2024-2034|133|112 initiative MOLF will enhance livestock early warning management system to prevent livestock disease outbreaks by 2026 Conduct routine livestock and pest and disease monitoring and surveillance Priority Wards 3200 samples collected 3200 samples collected 3200 samples collected 3200 samples collected 3200 samples collected MOA in collaboration MCTI will promotion livestock value chain market linkages for local and domestic markets by 2026 Sensitization of livestock farmers on value chain market linkages Priority Wards 1600 1600 1600 1600 1600 Facilitation of the building of livestock productive alliances Priority Wards 26 26 26 26 26 MOA to ensure that livestock support infrastructure is in place in all Construct tier-three livestock service centres Priority Wards 0 1 0 1 0|https://www.kafuecouncil.gov.zm/?page_id=195|Integrated Development Plan 2024-2034|2026-09-11
document_page|kafue_idp_2024_2034_page_0134|kafue_idp_2024_2034.pdf|Integrated Development Plan 2024-2034|134|113 priority wards within the next 5years Objective To increase aquaculture production through climate smart agricultural practices by 2032 Strategies Programme Location (By Priority) Target (Years) Responsible 1 2 3 4 5 MOA will develop the capacity of fish farmers in climate smart aquaculture production practices by 2026 Conduct farmer training in climate smart aquaculture practices Priority Wards 500 500 500 500 500 MOLF Conduct farmer training in climate smart fish disease prevention and management Priority Wards 500 500 500 500 500 MOLF Conduct routine fish pest and disease monitoring and surveillance Priority Wards 1000 1000 1000 1000 1000 MOLF MOA in collaboration MCTI will promotion aquaculture value chain Sensitization of fish farmers on value chain market linkages Priority Wards 400 400 400 400 400 MOLF|https://www.kafuecouncil.gov.zm/?page_id=195|Integrated Development Plan 2024-2034|2026-09-11
document_page|kafue_idp_2024_2034_page_0135|kafue_idp_2024_2034.pdf|Integrated Development Plan 2024-2034|135|114 market linkages for local and domestic markets by 2026 MOA in collaboration MCTI will promotion livestock value chain market linkages for local and domestic markets by 2026 Facilitation of the building of fish- productive alliances Priority Wards 20 20 20 20 20 MOLF MOA to ensure that aquaculture support infrastructure is in place in all priority wards within the next 5years Construct fish cold- chain facility Priority Wards 0 1 0 1 0 MOLF|https://www.kafuecouncil.gov.zm/?page_id=195|Integrated Development Plan 2024-2034|2026-09-11
document_page|kafue_idp_2024_2034_page_0136|kafue_idp_2024_2034.pdf|Integrated Development Plan 2024-2034|136|115 Objective To increase by 25% the amount of land under tree cover by 2034 Strategies Programme Location (By Priority) Target (Years) Responsible 1 2 3 4 5 The LA in collaboration with Forestry Department to promote fruit tree planting as a business by 2026 Lobby traditional leaders for 8hectares of land for creation of tree nurseries Chiawa and Lukolongo 4 0 4 0 0 Forestry and MACO Establish No. 5 Fruit Tree nurseries for fruit trees seedlings in atleast 3 varieties Lukolongo, Chiawa, Shabusale, Chitende, Chisankane 1 1 1 1 1 Forestry Dept Plant and distribute 50,000 fruit tree seedlings to households Lukolongo, Chiawa, Shabusale, Chitende, Chisankane 10000 1000 0 1000 0 1000 0 1000 0 Forestry and MACO The LA and Forestry Department will ensure the District has community forests to mitigate against effects of climate change in Lobby traditional leaders for land (Hectares) for creation of community forests Lukolongo, Chiawa, Shabusale, Chitende, Chisankane 4ha 4ha 4ha 4ha 4ha Forestry and MACO Conduct sensitization meetings on good forest management practices at ward level in priority wards Lukolongo, Chiawa, Shabusale, Chitende, Chisankane 2 2 2 2 2 Forestry and MACO Plant and distribute 50,000 Lukolongo, Chiawa, 10000 1000 1000 1000 1000 Forestry and|https://www.kafuecouncil.gov.zm/?page_id=195|Integrated Development Plan 2024-2034|2026-09-11
document_page|kafue_idp_2024_2034_page_0137|kafue_idp_2024_2034.pdf|Integrated Development Plan 2024-2034|137|116 support of agriculture and water conservation non tree seedlings to households Shabusale, Chitende, Chisankane 0 0 0 0 MACO|https://www.kafuecouncil.gov.zm/?page_id=195|Integrated Development Plan 2024-2034|2026-09-11
document_page|kafue_idp_2024_2034_page_0138|kafue_idp_2024_2034.pdf|Integrated Development Plan 2024-2034|138|117 GOAL 3: IMPROVE TRANSPORTATION INFRASTRUCTURE BY 2033 Objective To develop and maintain air, rail and road transport infrastructure 2033 Project Activities Priority Location Target (Years) Responsible Agency 1 2 3 4 5 To provide an efficient transport system Upgrade of roads to climate resilient and bituminous standards and maintenance of roads Kafue Town Council 0 50 50 50 50 KTC/RDA Rehabilitation and opening up of climate resilient feeder roads All wards 0 50 50 75 75 KTC/RDA Construction of a bus station Kasenje, Chikupi, Kafue 0 0 1 0 0 KTC Development and upgrading of an airstrip Chiawa 0 0 0 0 1 KTC/MWS Modernisation and expansion of the rail transport network Kafue 0 0 50 50 50 KTC/MIT Mobilize resources for road infrastructure development Advertisement and stakeholder engagement for PPP for investment in infrastructure development N/A 0 0 0 1 1 Ministry of Finance|https://www.kafuecouncil.gov.zm/?page_id=195|Integrated Development Plan 2024-2034|2026-09-11
document_page|kafue_idp_2024_2034_page_0139|kafue_idp_2024_2034.pdf|Integrated Development Plan 2024-2034|139|118 Objective Build capacity in stakeholders to conduct routine maintenance and expansion of roads, rail and air transport infrastructure. Project Activities Priority Location Target (Years) Responsible Agency 1 2 3 4 5 Increase the capacity of stakeholders to upgrade gravel roads to bituminous standards and carry out routine maintenance Engagement of staff in Capacity Development Programs and other training programs NA 2 2 2 2 2 KTC/RDA GOAL 4: PROMOTE INVESTMENTS IN THE TOURISM SECTOR Objective To increase by 50% the number of tourists visiting Kafue by 2032 Strategy Programme Location (By Priority) Target (Years) Responsible 1 2 3 4 5 Develop tourism infrastructure Install tourism road signage leading to tourists attractions Kafue, Magoba, Chiawa and Chisankane 5 5 5 5 5 KTC Establish a cultural village at Beit Hall Kafue, Magoba, Chiawa and Chisankane 0 1 0 0 0 KTC|https://www.kafuecouncil.gov.zm/?page_id=195|Integrated Development Plan 2024-2034|2026-09-11
document_page|kafue_idp_2024_2034_page_0140|kafue_idp_2024_2034.pdf|Integrated Development Plan 2024-2034|140|119 Setting up of cultural centers in four wards ) Kafue, Magoba and chiyaba and chisankane Kafue, Magoba, Chiawa and Chisankane - 1 1 1 1 KTC Upgrade Inkanga and Council lodgein Chiawa to international hotels Malundu and Chiawa Ward 1 0 1 0 0 KTC Lobby NHCC for financial Support to improve tourism infrastructure and sites Kafue, Magoba, Chiawa, Kasenje, Lukolongo, Chisankane 1 2 1 1 1 KTC The LA working with the ZTB will ensure Kafue has a tourism promotion plan by 2026 Preparation of Kafue Tourism Strategy and action Plan to market Kafue tourist sites Kafue, Magoba, Chiawa, Kasenje, Lukolongo, Chisankane 1 1 1 1 1 KTC Produce and air radio and TV programmes on tourism sites and culture in the District All wards 2 2 2 2 2 KTC Engage NHCC to map and document historical and cultural sites in the District Kafue, Magoba, Chiawa, Kasenje, Lukolongo, Chisankane 1 1 1 1 1 KTC The LA to secure land in strategic locations of the District for tourism development and Attract an investor to develop an international multipurpose facility with entertainment and nature conservatory Chiawa, Kafue, Lukolongo 0 1 0 0 0 KTC|https://www.kafuecouncil.gov.zm/?page_id=195|Integrated Development Plan 2024-2034|2026-09-11
document_page|kafue_idp_2024_2034_page_0141|kafue_idp_2024_2034.pdf|Integrated Development Plan 2024-2034|141|120 tourism value chains by 2026 Prepare a waterfront redevelopment plan to increase the attractiveness of the Kafue water front by 2026 Kafue, Chiawa 1 0 0 0 0 KTC The LA will promote the participation of local people in tourism marketing through campaigns and events Conduct annual tourism events in the District to show case local tourism opportunities Kafue, Magoba, Chiawa, Kasenje, Lukolongo, Chisankane 1 1 1 1 1 KTC Setup curio and art markets in the District to sell local tourism products Chiawa, Chisankane, Lukolongo 1 1 1 KTC Wildlife restocking and protection of species Engage department of national parks to restock the Lusaka South National park Chiawa, Chisankane 1 1 1 1 KTC Conduct trainings for tour guides and operators servicing the Lusaka South National Park and Lower Zambezi Chiawa, Chisankane 1 1 1 1 1 KTC Lobby Department of National Parks to recruit more wildlife guards Chiawa, Chisankane 2 2 2 1 2 KTC|https://www.kafuecouncil.gov.zm/?page_id=195|Integrated Development Plan 2024-2034|2026-09-11
document_page|kafue_idp_2024_2034_page_0142|kafue_idp_2024_2034.pdf|Integrated Development Plan 2024-2034|142|121 The LA to work with ZICTA to ensure connectivity in areas with poor network coverage by 2028 Lobby ZICTA to install telecommunications masts in the District to improve mobile phone and internet coverage Lower Zambezi, Chisankane, Lukolongo, Chikupi, Mungu 2 3 3 3 3 KTC|https://www.kafuecouncil.gov.zm/?page_id=195|Integrated Development Plan 2024-2034|2026-09-11
document_page|kafue_idp_2024_2034_page_0143|kafue_idp_2024_2034.pdf|Integrated Development Plan 2024-2034|143|122 GOAL 5: PROMOTE INVESTMENTS IN ALTERNATIVE SOURCES OF ENERGY Objective To promote the off grid renewable energy solutions in order to achieve sustainable development of communi- ties by 2030 Project Activities Location (By Priority) Target (Years) Responsible 1 2 3 4 5 Promote Access to Electricity and Re- newable Energy Production Identify land for setting up for solar energy farms Lower Zambezi, Chikup, Magoba, Lu- kolongo 1 1 1 1 1 KTC/REA Rezone Land uses into mixed use development Kasenje, Kafue, Matanda, Shabusale 1 1 1 1 KTC Renewable Energy Resource Mapping Project Map potential sites for establishment of Solar Energy Farms All Wards 1 2 2 2 2 KTC Production of Zoned maps for Re- newable energy investment sites All Wards 1 2 2 2 2 KTC Embarks on Forests Regeneration Project in four Wards Conduct Community Tree planting Initiatives with incentives All wards 2 2 2 2 2 KTC Conduct Awareness campaigns on alternative energy solutions All wards 16 16 16 16 16 KTC Participation in the commemoration of international days that project en- vironmental sustainability themes All wards 1 1 1 1 1 KTC|https://www.kafuecouncil.gov.zm/?page_id=195|Integrated Development Plan 2024-2034|2026-09-11
document_page|kafue_idp_2024_2034_page_0144|kafue_idp_2024_2034.pdf|Integrated Development Plan 2024-2034|144|123 Objective To promote the off grid renewable energy solutions in order to achieve sustainable development of communities by 2030 Project Activities Location (By Priority) Target (Years) Responsible 1 2 3 4 5 Promote Access to Electricity and Renewable Energy Production Identify land for setting up for solar energy farms Lower Zambezi, Chikup, Magoba, Lukolongo 1 1 1 1 1 KTC/REA Rezone Land uses into mixed use development Kasenje, Kafue, Matanda, Shabusale 1 1 1 1 KTC Renewable Energy Resource Mapping Project Map potential sites for establishment of Solar Energy Farms All Wards 1 2 2 2 2 KTC Production of Zoned maps for Renewable en- ergy investment sites All Wards 1 2 2 2 2 KTC Embarks on Forests Regeneration Project in four Wards Conduct Community Tree planting Initiatives with incentives All wards 2 2 2 2 2 KTC Conduct Awareness campaigns on alternative energy solutions All wards 16 16 16 16 16 KTC Participation in the commemoration of inter- national days that project environmental sus- tainability themes All wards 1 1 1 1 1 KTC|https://www.kafuecouncil.gov.zm/?page_id=195|Integrated Development Plan 2024-2034|2026-09-11
document_page|kafue_idp_2024_2034_page_0145|kafue_idp_2024_2034.pdf|Integrated Development Plan 2024-2034|145|124 GOAL 6: ENHANCE HUMAN DEVELOPMENT THROUGH HEALTH AND EDUCATION BY 2033 Objective Equitable access and quality through improved infrastructure and teacher training Project Activities Location (By Priority) Target (Years) Responsible 1 2 3 4 5 Constructio ns of Primary, secondary schools with desks and staff Houses in the District Identification of stalled School construction projects St Marys Old Kabweza Community School Mulangwa Primary School Kanyangala Community School Naboye Secondary school Hall 2 1 1 DEBS Identification of land for schools TBA 2 2 DEBS Development of Designs and BOQs for the schools MOE /PEO/ DEBO/DBO 2 1 1 DEBS|https://www.kafuecouncil.gov.zm/?page_id=195|Integrated Development Plan 2024-2034|2026-09-11
document_page|kafue_idp_2024_2034_page_0146|kafue_idp_2024_2034.pdf|Integrated Development Plan 2024-2034|146|125 Construction of Schools with desks and staff houses Kanyangala Mpande Hills Community School Chilambila Open Community School 1 1 1 1 DEBS Construction of Dining Halls & a Kitchen Chitende Secondary School Kafue District Resource Center 1 1 DEBS Construction of Kaseba Primary 2 1 DEBS|https://www.kafuecouncil.gov.zm/?page_id=195|Integrated Development Plan 2024-2034|2026-09-11
document_page|kafue_idp_2024_2034_page_0147|kafue_idp_2024_2034.pdf|Integrated Development Plan 2024-2034|147|126 Pupils & Staff Toilets Specialised Classrooms Malabanyika Primary Kabwadu Primary School Setting up of additional classroom blocks with desks Chilambila Open Community school 1 2 DEBS Converting Chikupi Secondary School into a Boarding school and Construction of Boarding Chikupi Secondary School 1 1 Boarding facilities 2 Addition al classroo m blocks with desks DEBS|https://www.kafuecouncil.gov.zm/?page_id=195|Integrated Development Plan 2024-2034|2026-09-11
document_page|kafue_idp_2024_2034_page_0148|kafue_idp_2024_2034.pdf|Integrated Development Plan 2024-2034|148|127 schools Facilities Maintenanc e of Refurbishm ent of school infrastructur e Identification of all school needing Refurbishment Chilambila Community school Lishiko Primary School Gotagota Primary 1 1 1 DEBS Development of proposals seeking educational support Procurement of a submissive pump to be fitted into a 100 meter deep borehole at Nankanga Procurement of a Gen Set at Kafue DEBO to enhance efficiency 1 procurement of a submissive pump 1 1 Construction of support infrastructure for educational services Kafue District Resource Centre Kitchen & Dinning Hall Construction of a Kitchen Construct ion of the dinning Hall|https://www.kafuecouncil.gov.zm/?page_id=195|Integrated Development Plan 2024-2034|2026-09-11
document_page|kafue_idp_2024_2034_page_0149|kafue_idp_2024_2034.pdf|Integrated Development Plan 2024-2034|149|128 Library Facilities in selected schools Education promotion Campaigns Production of educational materials on values of education. Kafue District Resource Centre 1 1 1 1 1 KTC DEBS Infrastructure Department Ministry of Lands and Natural Resources Traditional leadership Community Drama series on education. Rural schools in all the 6 Zones 1 1 1 1 1 Formation of education awareness task teams in the rural wards. Rural schools in all the 6 Zones 12 12 12 12 12 Partnerships with Headmen on school feeding programme and monitoring of All 52 Targeted GRZ Primary and Community Schools 1 1 1 1 1|https://www.kafuecouncil.gov.zm/?page_id=195|Integrated Development Plan 2024-2034|2026-09-11
document_page|kafue_idp_2024_2034_page_0150|kafue_idp_2024_2034.pdf|Integrated Development Plan 2024-2034|150|129 school attendance Objective To improve on water and Sanitation coverage By 2029 Project Activities Cost Location (By Priority) Target (Years) Responsible 1 2 3 4 5 Promote Private public partnerships in Water and sanitation coverage Stakeholder engagements and CSR 50,000 District Level 4 4 4 2 2 District administration and Lusaka water and sanitation company Building of industrial bore holes Small water schemes 50,000 District Level 2 2 2 3 3 DHO,NWASCO and Water Resources dev Community wide sanitation / CLTS Strengthening of Community CLTS/SLTS Groups 50,000 District Level 4 4 4 2 2 Council|https://www.kafuecouncil.gov.zm/?page_id=195|Integrated Development Plan 2024-2034|2026-09-11
document_page|kafue_idp_2024_2034_page_0151|kafue_idp_2024_2034.pdf|Integrated Development Plan 2024-2034|151|130 Safe water supply Water quality monitoring 50,000 District Level 4 4 1 2 2 DHO, NWASCO and Water Resources dev. Borehole improvement/ Mechanization 150,000 District Level 2 2 2 3 3 DHO, NWASCO and Water Resources dev Mapping of Blackish/ Grey water areas 80,000 District Level 2 2 2 3 3 DHO, NWASCO and Water Resources dev Public Heath Inspections Conduct Premises and Food 50,000 District Level 2 2 2 3 3 Local Authority /DHO|https://www.kafuecouncil.gov.zm/?page_id=195|Integrated Development Plan 2024-2034|2026-09-11
document_page|kafue_idp_2024_2034_page_0152|kafue_idp_2024_2034.pdf|Integrated Development Plan 2024-2034|152|131 Objective To improve access to Health facilities and quality Services staff to enhance access to PHC Project Activities Cost Location (By Priority) Target (Years) Responsible 1 2 3 4 5 Infrastructure development Identification of land for the construction of health facilities 200,000 District Level 2 3 3 3 3 MOH/DHO Construction of facilities (Health posts, Health Centre’s) 1500,000 District Level 4 4 4 2 2 MOH/DHO Capacity building Undertake TOT 200,000 District Level 4 4 4 2 3 MOH/DHO Recommend officers for short training courses 50,000 District Level 2 3 3 3 3 MOH/DHO|https://www.kafuecouncil.gov.zm/?page_id=195|Integrated Development Plan 2024-2034|2026-09-11
document_page|kafue_idp_2024_2034_page_0153|kafue_idp_2024_2034.pdf|Integrated Development Plan 2024-2034|153|132 GOAL 7: PROMOTE CIVIC PARTICIPATION AND SOCIAL DEVELOPMENT BY 2034 Objective To Promote integrated coordination among District stakeholders and key players Project Activities Location (By Priority) Target (Years) Responsible 1 2 3 4 5 The LA working with the District Administration office will enhance communication for development Conduct regular planning meetings on a quarterly basis District Level 4 4 4 4 4 KTC LA will coordinate, develop and implement local economic development policies and plans Conduct LED assessment for all the wards All wards 1 0 0 0 0 KTC The LA will promote citizen participation in local development Train the WDCs in LED initiatives on annual basis All wards 16 16 16 16 16 KTC Publish to the public council resolutions on local development All wards 16 16 16 16 16 KTC|https://www.kafuecouncil.gov.zm/?page_id=195|Integrated Development Plan 2024-2034|2026-09-11
document_page|kafue_idp_2024_2034_page_0154|kafue_idp_2024_2034.pdf|Integrated Development Plan 2024-2034|154|133 The LA will enhance planning coordination with traditional authorities Facilitate Planning Agreements with traditional leaders All wards 2 2 2 2 2 KTC Lobby for support from the traditional leadership for conversion of land for special purpose developments All wards 2 2 2 2 2 KTC Objective To increase access to recreational facilities and youth development opportunities Project Activities Location (By Priority) Target (Years) Responsible 1 2 3 4 5|https://www.kafuecouncil.gov.zm/?page_id=195|Integrated Development Plan 2024-2034|2026-09-11
document_page|kafue_idp_2024_2034_page_0155|kafue_idp_2024_2034.pdf|Integrated Development Plan 2024-2034|155|134 The LA will partner with private sector to improve access to recreational spaces in all wards by 2034 Formulate a partnership engagement strategy for recreation and youth development All wards 1 KTC Engage the private sector through PPPs All wards 2 2 2 2 2 KTC Involve civil society partners to improve the recreational spaces and delivery the youth All wards 5 5 5 5 5 KTC The LA will ensure that urban form takes into account the needs of children and youths including persons living with disabilities Strengthen community participation in the provision of recreation services All wards 1 2 2 2 2 KTC Mainstream youth and disability in all local area plans All wards 4 2 4 2 4 KTC The LA will promote sports development and arts by 2034 in all the Wards Construct sports facilities in all the wards All wards 2 2 4 4 4 KTC|https://www.kafuecouncil.gov.zm/?page_id=195|Integrated Development Plan 2024-2034|2026-09-11
document_page|kafue_idp_2024_2034_page_0156|kafue_idp_2024_2034.pdf|Integrated Development Plan 2024-2034|156|135 PART5: CAPITAL INVESTMENT PLAN This section of the Implementation Plan presents the cost and financing of all strategies to ensure that the objectives and strategies of the IDP are implemented. Both the Capital Investment Plan (CIP) and the Financial Plan (FP) are directly related to the priorities, objectives and strategies identified in the IDP. The Capital Investment Plan include investment in physical infrastructure and services which are identified as priorities for the District. The CIP is prepared for five years only and is aligned with the Medium Term Expenditure Framework, and is directly related to the priorities, objectives and strategies of the IDP.|https://www.kafuecouncil.gov.zm/?page_id=195|Integrated Development Plan 2024-2034|2026-09-11
document_page|kafue_idp_2024_2034_page_0157|kafue_idp_2024_2034.pdf|Integrated Development Plan 2024-2034|157|136 GOAL 1: PROMOTE MANUFACTURING AND EMPLOYMENT CREATION Objective To enhance value addition to local materials through processing and packaging by 2026 Strategies Programme Input Cost Proposed Source of Funding Source of Information The LA in partnership with ZDA will ensure development of three (3) Value Chains in the Manufacturing Sector by 2026 Develop value chain in steel, iron and other related minerals production Human resource Plant and equipment K3000,000 GRZ/ Donor/ Kafue Council KTC & MCTI Develop value Chains in the cement production Human resource Plant and equipment K2000,000 GRZ/ Donor/ Kafue Council KTC & MCTI Develop value chain in sugar production Human resource Plant and equipment K1,000,000 GRZ/ Donor/ Kafue Council KTC & MCTI The LA will ensure that basic network infrastructure within the Value addition wards is provided by 2026 Upgrading of 70km of road network to bituminous standards Human resource Plant and equipment K2000,000 GRZ/ Donor/ Kafue Council LA & MIDH Install strategic water and electricity infrastructure in Human resource Plant and K2000,000 GRZ/ Donor/ Kafue LA, ZESCO & LWSC|https://www.kafuecouncil.gov.zm/?page_id=195|Integrated Development Plan 2024-2034|2026-09-11
document_page|kafue_idp_2024_2034_page_0158|kafue_idp_2024_2034.pdf|Integrated Development Plan 2024-2034|158|137 the Industrial area equipment Council Promotional campaigns on resource endowments Use ZANIS to prepare documentaries to air on the resource endowments of the District Human resource Plant and equipment K10000 GRZ LA & ZANIS Develop an incentives package for local and foreign companies to invest in the District Human resource Plant and equipment K20000 GRZ LA & ZDA Strategies Programme Inputs Cost Potential Source of Funds Source of Information The LA in a PPP with ZDA develop a Industrial Yards for Sign a Planning Agreement with Traditional Leaders Stationary, motor vehicle service, fuel, allowances K200,000 GRZ/ Donor/ Kafue Council KTC|https://www.kafuecouncil.gov.zm/?page_id=195|Integrated Development Plan 2024-2034|2026-09-11
document_page|kafue_idp_2024_2034_page_0159|kafue_idp_2024_2034.pdf|Integrated Development Plan 2024-2034|159|138 SMEs to undertake Value addition ventures for development of Industrial Clusters Sign a partnership agreement with Shabusale Cooperative on Sugarcane Production Stationary, motor vehicle service, fuel, allowances K200,000 GRZ/ Donor/ Kafue Council KTC & IDC Preparation of Mixed Use Industrial Cluster Layout Plans for SMEs Stationary, motor vehicle service, fuel, allowances K200,000 GRZ/ Donor/ Kafue Council KTC Develop SME Financing strategy on value addition Stationary, motor vehicle service, fuel, allowances K200,000 GRZ KTC & MCTI Implement SME Value addition financing Strategy Stationary, motor vehicle service, fuel, allowances K200,000 GRZ/ Donor/ Kafue Council KTC & MCTI LA Develop Fast Track Industrial Development Checklist to support Develop Electronic Plan Approval Process linked to ZEMA Stationary, motor vehicle service, fuel, allowances K200,000 GRZ/ Donor/ Kafue Council KTC & LPPA|https://www.kafuecouncil.gov.zm/?page_id=195|Integrated Development Plan 2024-2034|2026-09-11
document_page|kafue_idp_2024_2034_page_0160|kafue_idp_2024_2034.pdf|Integrated Development Plan 2024-2034|160|139 Industrial clustering and environmental and Planning standards Develop Industrial Planning Standards for environmental quality Stationary, motor vehicle service, fuel, allowances K200,000 GRZ/ Donor/ Kafue Council KTC & LPPA|https://www.kafuecouncil.gov.zm/?page_id=195|Integrated Development Plan 2024-2034|2026-09-11
document_page|kafue_idp_2024_2034_page_0161|kafue_idp_2024_2034.pdf|Integrated Development Plan 2024-2034|161|140 GOAL 2: ENHANCE AGRICULTURAL PRODUCTIVITY IN THE DISTRICT BY 2030 Objective To increase crop production through climate smart agricultural diversification by 2030 Strategies Programme Inputs Cost Potential Source of Funds Source of Information MOA will develop the capacity of 10,000 farmers in climate smart crop production practices by 2026 Conduct baseline study on knowledge and practices of farmers on Smart agriculture Stationary, motor vehicle service, fuel, allowances K200,000 GRZ/ Donor/ Kafue Council MoA Conduct farmer trainings in climate smart crop diversification Stationary, motor vehicle service, fuel, allowances 120,000 GRZ/ Donor/ Kafue Council MoA Conduct farmer trainings in climate smart farm mechanization Stationary, motor vehicle service, fuel, allowances 140,000 GRZ/ Donor/ Kafue Council MoA Conduct farmer trainings in water efficient irrigation Stationary, motor vehicle service, fuel, allowances 140,000 GRZ/ Donor/ Kafue Council MoA Conduct 400 trials demonstrations in drought resistant crops Stationary, motor vehicle service, fuel, allowances 140,000 GRZ/ Donor/ Kafue Council MoA MOA will enhance crop early warning Production of monthly weather forecasts Stationary, motor vehicle service, fuel, 140,000 GRZ/ Donor/ Kafue Council MoA|https://www.kafuecouncil.gov.zm/?page_id=195|Integrated Development Plan 2024-2034|2026-09-11
document_page|kafue_idp_2024_2034_page_0162|kafue_idp_2024_2034.pdf|Integrated Development Plan 2024-2034|162|141 management systems for farmers by 2026 allowances Dissemination of Weather Forecast Reports through extension Camps Stationary, motor vehicle service, fuel, allowances 140,000 GRZ/ Donor/ Kafue Council MoA Conduct routine crop pest and disease monitoring and surveillance Stationary, motor vehicle service, fuel, allowances 140,000 GRZ/ Donor/ Kafue Council MoA MOA in collaboration MCTI will promotion crop value chain market linkages in key high value crops Sensitization of crop farmers on value chain market linkages 140,000 GRZ/ Donor/ Kafue Council MoA Facilitation of the building of crop productive alliances 140,000 GRZ/ Donor/ Kafue Council MoA Objective To increase crop production through climate smart agricultural diversification by 2030 Strategies Programme Inputs Cost Potential Source of Funds Source of Informati on|https://www.kafuecouncil.gov.zm/?page_id=195|Integrated Development Plan 2024-2034|2026-09-11
document_page|kafue_idp_2024_2034_page_0163|kafue_idp_2024_2034.pdf|Integrated Development Plan 2024-2034|163|142 MOA will develop the capacity of 8,000 small livestock farmers in climate smart livestock production practices by 2026 Conduct farmer training in climate smart livestock disease prevention and management Stationary, motor vehicle service, fuel, allowances 140,00 0 GRZ/ Donor/ Kafue Council MOLF Conduct farmer training in climate smart animal husbandry practices Stationary, motor vehicle service, fuel, allowances 100,00 0 GRZ/ Donor/ Kafue Council MOLF 10,000 animals distributed in the small livestock restocking initiative Stationary, motor vehicle service, fuel, allowances 100,00 0 GRZ/ Donor/ Kafue Council MOLF MOLF will enhance livestock early warning management system to prevent livestock disease outbreaks by 2026 Conduct routine livestock and pest and disease monitoring and surveillance Stationary, motor vehicle service, fuel, allowances 100,00 0 GRZ/ Donor/ Kafue Council MOLF MOA in collaboration MCTI will promotion livestock value chain market linkages for local and domestic Sensitization of livestock farmers on value chain market linkages Stationary, motor vehicle service, fuel, allowances 100,00 0 GRZ/ Donor/ Kafue Council MOLF Facilitation of the building of livestock Stationary, motor vehicle service, fuel, allowances 100,00 0 GRZ/ Donor/ Kafue Council MOLF|https://www.kafuecouncil.gov.zm/?page_id=195|Integrated Development Plan 2024-2034|2026-09-11
document_page|kafue_idp_2024_2034_page_0164|kafue_idp_2024_2034.pdf|Integrated Development Plan 2024-2034|164|143 markets by 2026 productive alliances MOA to ensure that livestock support infrastructure is in place in all priority wards within the next 5years Construct tier-three livestock service centres Stationary, motor vehicle service, fuel, allowances 100,00 0 GRZ/ Donor/ Kafue Council MOLF Objective To increase aquaculture production through climate smart agricultural practices by 2030 Strategies Programme Inputs Cost Potential Source of Funds Source of Informatio n MOA will develop the capacity of fish farmers in climate smart aquaculture Conduct farmer training in climate smart aquaculture practices Stationary, motor vehicle service, fuel, allowances 100,000 GRZ/ Donor/ Kafue Council MOLF|https://www.kafuecouncil.gov.zm/?page_id=195|Integrated Development Plan 2024-2034|2026-09-11
document_page|kafue_idp_2024_2034_page_0165|kafue_idp_2024_2034.pdf|Integrated Development Plan 2024-2034|165|144 production practices by 2026 Conduct farmer training in climate smart fish disease prevention and management Stationary, motor vehicle service, fuel, allowances 20100,000 GRZ/ Donor/ Kafue Council MOLF Conduct routine fish pest and disease monitoring and surveillance Stationary, motor vehicle service, fuel, allowances 375,000 GRZ/ Donor/ Kafue Council MOLF MOA in collaboration MCTI will promotion aquaculture value chain market linkages for local and domestic markets by 2026 Sensitization of fish farmers on value chain market linkages Stationary, motor vehicle service, fuel, allowances 210,000 GRZ/ Donor/ Kafue Council MOLF MOA in collaboration MCTI will promotion livestock value chain market linkages for local and domestic markets by 2026 Facilitation of the building of fish- productive alliances Stationary, motor vehicle service, fuel, allowances 100,000 GRZ/ Donor/ Kafue Council MOLF MOA to ensure that aquaculture support Construct fish cold- chain facility BOQ 200,750 GRZ/ Donor/ Kafue Council MOLF|https://www.kafuecouncil.gov.zm/?page_id=195|Integrated Development Plan 2024-2034|2026-09-11
document_page|kafue_idp_2024_2034_page_0166|kafue_idp_2024_2034.pdf|Integrated Development Plan 2024-2034|166|145 infrastructure is in place in all priority wards within the next 5years Objective To increase by 25% the amount of land under tree cover by 2030 Strategies Programme Inputs Cost Potential Source of Funds Source of Information The LA in collaboration with Forestry department to promote fruit tree planting as a business by 2026 Lobby traditional leaders for 8hectares of land for creation of tree nurseries Chiawa and Lukolongo K125,000, GRZ/ Donor/ Kafue Council Forestry and MACO Establish No. 5 Fruit Tree nurseries for fruit trees seedlings in atleast 3 varieties Lukolongo, Chiawa, Shabusale, Chitende, Chisankane K125,000, GRZ/ Donor/ Kafue Council Forestry Dept|https://www.kafuecouncil.gov.zm/?page_id=195|Integrated Development Plan 2024-2034|2026-09-11
document_page|kafue_idp_2024_2034_page_0167|kafue_idp_2024_2034.pdf|Integrated Development Plan 2024-2034|167|146 Plant and distribute 50,000 fruit tree seedlings to households Lukolongo, Chiawa, Shabusale, Chitende, Chisankane K125,000, GRZ/ Donor/ Kafue Council Forestry and MACO The LA and forestry department will ensure the District has community forests to mitigate against effects of climate change in support of agriculture and water conservation Lobby traditional leaders for land for creation of community forests Stationary, motor vehicle service, fuel, allowances 100,000 GRZ/ Donor/ Kafue Council Forestry and MACO Conduct sensitization meetings on good forest management practices at ward level in priority wards Stationary, motor vehicle service, fuel, allowances 100,000 GRZ/ Donor/ Kafue Council Forestry and MACO Plant and GRZ/ Forestry and MACO|https://www.kafuecouncil.gov.zm/?page_id=195|Integrated Development Plan 2024-2034|2026-09-11
document_page|kafue_idp_2024_2034_page_0168|kafue_idp_2024_2034.pdf|Integrated Development Plan 2024-2034|168|147 distribute 50,000 non tree seedlings to households Donor/ Kafue Council|https://www.kafuecouncil.gov.zm/?page_id=195|Integrated Development Plan 2024-2034|2026-09-11
document_page|kafue_idp_2024_2034_page_0169|kafue_idp_2024_2034.pdf|Integrated Development Plan 2024-2034|169|148 GOAL 3: IMPROVE TRANSPORTATION INFRASTRUCTURE BY 2030 Objective To develop and maintain air, rail and road transport infrastructure Project Activities Inputs Cost Potential Source of Funds Source of Information To provide an efficient transport system Upgrade of roads to climate resilient and bituminous standards and maintenance of roads Human resource Plant and equipment K1,779, 498. GRZ Kafue Town Council Rehabilitation and opening up of climate resilient feeder roads Human resource Plant and equipment K125,000, GRZ Kafue Town Council Construction of a bus station Human resource K2,000,000,000 GRZ Kafue Town Council Development and upgrading of an airstrip Plant and equipment K 4,236,900 GRZ Kafue Town Council Modernisation and expansion of the rail transport network Human resource K2,500,000 GRZ Kafue Town Council Mobilize resources for road infrastructure development Advertisement and stakeholder engagement for PPP for investment in infrastructure development Human resource K300,000 GRZ Kafue Town Council|https://www.kafuecouncil.gov.zm/?page_id=195|Integrated Development Plan 2024-2034|2026-09-11
document_page|kafue_idp_2024_2034_page_0170|kafue_idp_2024_2034.pdf|Integrated Development Plan 2024-2034|170|149 Objective Build capacity in stakeholders to conduct routine maintenance and expansion of roads, rail and air transport infrastructure. Project Activities Inputs Cost Potential Source of Funds Source of Information Increase the capacity of stakeholders to upgrade gravel roads to bituminous standards and carry out routine maintenance Engagement of staff in Capacity Development Programs and other training programs Plant and equipment K1,000,000 GRZ RDA, Ministry of finance, ministry of local government and Kafue Town Council ,Ministry of housing and infrastructure development, Ministry of Transport and communications, Ministry of works and supply|https://www.kafuecouncil.gov.zm/?page_id=195|Integrated Development Plan 2024-2034|2026-09-11
document_page|kafue_idp_2024_2034_page_0171|kafue_idp_2024_2034.pdf|Integrated Development Plan 2024-2034|171|150 GOAL 4: PROMOTE INVESTMENTS IN THE TOURISM SECTOR Objective To increase by 50% the number of tourists visiting Kafue by 2032 Strategy Programme Inputs Cost Potential Source of Funds Source of Information Develop tourism infrastructure Install tourism road signage leading to tourists attractions Equipment and Human Resource 200,000 GRZ/ Donor/ Kafue Council KTC Establish a cultural village at biet Hall Equipment and Human Resource 1000,000 GRZ/ Donor/ Kafue Council KTC Setting up of cultural centers in four wards ) Kafue, Magoba and chiyaba and chisankane Equipment and Human Resource 1000,000 GRZ/ Donor/ Kafue Council KTC Upgrade Inkanga and Council lodgein Chiawa to international hotels Equipment and Human Resource 1000,000 GRZ/ Donor/ Kafue Council KTC Lobby NHCC for financial Support to improve tourism Stationary, motor vehicle service, fuel, allowances 50,000 GRZ/ Donor/ Kafue Council KTC|https://www.kafuecouncil.gov.zm/?page_id=195|Integrated Development Plan 2024-2034|2026-09-11
document_page|kafue_idp_2024_2034_page_0172|kafue_idp_2024_2034.pdf|Integrated Development Plan 2024-2034|172|151 infrastructure and sites The LA working with the ZTB will ensure Kafue has a tourism promotion plan by 2026 Preperation of Kafue Tourism Strategy and action Plan to market Kafue tourist sites Stationary, motor vehicle service, fuel, allowances 50,000 GRZ/ Donor/ Kafue Council KTC Produce and air radio and TV programmes on tourism sites and culture in the District Equipment and Human Resource 50,000 GRZ/ Donor/ Kafue Council KTC Engage NHCC to map and document historical and cultural sites in the District Stationary, motor vehicle service, fuel, allowances 50,000 GRZ/ Donor/ Kafue Council KTC The LA to secure land in strategic locations of the District for tourism development and tourism value chains by 2026 Attract an investor to develop an international multipurpose facility with entertainment and nature conservatory Stationary, motor vehicle service, fuel, allowances 50,000 GRZ/ Donor/ Kafue Council KTC|https://www.kafuecouncil.gov.zm/?page_id=195|Integrated Development Plan 2024-2034|2026-09-11
document_page|kafue_idp_2024_2034_page_0173|kafue_idp_2024_2034.pdf|Integrated Development Plan 2024-2034|173|152 Prepare a waterfront redevelopment plan to increase the attractiveness of the Kafue water front by 2024 Stationary, motor vehicle service, fuel, allowances 50,000 GRZ/ Donor/ Kafue Council KTC The LA will promote the participation of local people in tourism marketing through campaigns and events Conduct annual tourism events in the District to show case local tourism opportunities Stationary, motor vehicle service, fuel, allowances 50,000 GRZ/ Donor/ Kafue Council KTC Setup curio and art markets in the District to sell local tourism products Stationary, motor vehicle service, fuel, allowances 50,000 GRZ/ Donor/ Kafue Council KTC Wildlife restocking and protection of species Engage department of national parks to restock the Lusaka South National park Stationary, motor vehicle service, fuel, allowances 50,000 GRZ/ Donor/ Kafue Council KTC Conduct trainings for tour guides and operators servicing the Stationary, motor vehicle service, fuel, allowances 50,000 GRZ/ Donor/ Kafue Council KTC|https://www.kafuecouncil.gov.zm/?page_id=195|Integrated Development Plan 2024-2034|2026-09-11
document_page|kafue_idp_2024_2034_page_0174|kafue_idp_2024_2034.pdf|Integrated Development Plan 2024-2034|174|153 Lusaka South National Park and Lower Zambezi Lobby Department of national parks to recruit more wildlife guards Stationary, motor vehicle service, fuel, allowances 50,000 GRZ/ Donor/ Kafue Council KTC The LA to work with ZICTA to ensure connectivity in areas with poor network coverage by 2028 Lobby ZICTA to install telecommunications masts in the District to improve mobile phone and internet coverage Stationary, motor vehicle service, fuel, allowances 50,000 GRZ/ Donor/ Kafue Council KTC|https://www.kafuecouncil.gov.zm/?page_id=195|Integrated Development Plan 2024-2034|2026-09-11
document_page|kafue_idp_2024_2034_page_0175|kafue_idp_2024_2034.pdf|Integrated Development Plan 2024-2034|175|154 GOAL 5: PROMOTE INVESTMENTS IN ALTERNATIVE SOURCES OF ENERGY Objective To promote the off grid renewable energy solutions in order to achieve sustainable development of communities by 2030 Project Activities Inputs Cost Potential Source of Funds Source of Information Promote Access to Electricity and Renewable Energy Production Identify land for setting up for solar energy farms Equipment and Human Resource 200,000 GRZ/ Donor/ Kafue Council Mn Energy Rezone Land uses into mixed use development Equipment and Human Resource 60,000 GRZ/ Donor/ Kafue Council Mn Energy Renewable Energy Resource Mapping Project Map potential sites for estab- lishment of Solar Energy Farms Equipment and Human Resource 60,000 GRZ/ Donor/ Kafue Council Mn Energy Production of Zoned maps for Renewable energy investment sites Equipment and Human Resource 100,000 GRZ/ Donor/ Kafue Council Mn Energy Embarks on Forests Conduct Community Tree planting Initiatives with incen- Equipment and Human 100,000 GRZ/ Donor/ Kafue Council Mn Energy|https://www.kafuecouncil.gov.zm/?page_id=195|Integrated Development Plan 2024-2034|2026-09-11
document_page|kafue_idp_2024_2034_page_0176|kafue_idp_2024_2034.pdf|Integrated Development Plan 2024-2034|176|155 Regeneration Project in four Wards tives Resource Conduct Awareness campaigns on alternative energy solutions Equipment and Human Resource 100,000 GRZ/ Donor/ Kafue Council Mn Energy Participation in the commemo- ration of international days that project environmental sus- tainability themes Equipment and Human Resource 100,000 GRZ/ Donor/ Kafue Council Mn Energy|https://www.kafuecouncil.gov.zm/?page_id=195|Integrated Development Plan 2024-2034|2026-09-11
document_page|kafue_idp_2024_2034_page_0177|kafue_idp_2024_2034.pdf|Integrated Development Plan 2024-2034|177|156 GOAL 6: ENHANCE HUMAN DEVELOPMENT THROUGH HEALTH AND EDUCATION Objective Equitable access and quality through improved infrastructure and teacher training|https://www.kafuecouncil.gov.zm/?page_id=195|Integrated Development Plan 2024-2034|2026-09-11
document_page|kafue_idp_2024_2034_page_0178|kafue_idp_2024_2034.pdf|Integrated Development Plan 2024-2034|178|157 Project Activities Inputs Cost Potential Source of Funds Source of Information Constructions of Primary, secondary schools and staff Houses in the District Identification of stalled School construction projects Equipment and Human Resource GRZ/ Donor/ Kafue Council DEBS Identification of land for schools Equipment and Human Resource K2,500,000 GRZ/ Donor/ Kafue Council DEBS Development of Designs and BOQs for the schools Equipment and Human Resource K500,000 GRZ/ Donor/ Kafue Council DEBS Construction of Schools and staff houses Equipment and Human Resource K500,000 GRZ/ Donor/ Kafue Council DEBS Construction of Dining Halls Equipment and Human Resource K500,000 GRZ/ Donor/ Kafue Council DEBS Construction of Staff Toilets Specialised Classrooms Equipment and Human Resource K50000 GRZ/ Donor/ Kafue Council DEBS Setting up of additional classroom blocks Equipment and Human K500,000 GRZ/ Donor/ Kafue Council DEBS|https://www.kafuecouncil.gov.zm/?page_id=195|Integrated Development Plan 2024-2034|2026-09-11
document_page|kafue_idp_2024_2034_page_0179|kafue_idp_2024_2034.pdf|Integrated Development Plan 2024-2034|179|158 Resource Construction of Boarding schools Equipment and Human Resource K500,000 GRZ/ Donor/ Kafue Council DEBS+++ Maintenance ad refurbishment of school infrastructure of Identification of all school needing refurbishment Equipment and Human Resource K500,000 GRZ/ Donor/ Kafue Council DEBS Development of proposals seeking educational support Equipment and Human Resource GRZ/ Donor/ Kafue Council Construction of support infrastructure for educational services Equipment and Human Resource K2,500,000 GRZ/ Donor/ Kafue Council Education promotion Campaigns Production of educational materials on values of education. Equipment and Human Resource K50000 GRZ/ Donor/ Kafue Council KTC DEBS Infrastructure Department Ministry of Lands and Natural Resources Traditional leadership Community drama series on Equipment K50000  GRZ/ Donor/ Ka fue  KTC DEBS Infra-|https://www.kafuecouncil.gov.zm/?page_id=195|Integrated Development Plan 2024-2034|2026-09-11
document_page|kafue_idp_2024_2034_page_0180|kafue_idp_2024_2034.pdf|Integrated Development Plan 2024-2034|180|159 education. and Human Resource Council structure Depart- ment Ministry of Lands and Natural Resources Tradi- tional leadership Formation of education awareness task teams in the rural wards. Equipment and Human Resource K50000  GRZ/ Donor/ Kafue Council  KTC DEBS Infra- structure Depart- ment Ministry of Lands and Natural Resources Tradi- tional leadership Partnerships with Headmen on monitoring of school attendance Equipment and Human Resource  GRZ/ Donor/ Kafue Council |https://www.kafuecouncil.gov.zm/?page_id=195|Integrated Development Plan 2024-2034|2026-09-11
document_page|kafue_idp_2024_2034_page_0181|kafue_idp_2024_2034.pdf|Integrated Development Plan 2024-2034|181|160 GOAL 7: PROMOTE CIVIC PARTICIPATION AND SOCIAL DEVELOPMENT|https://www.kafuecouncil.gov.zm/?page_id=195|Integrated Development Plan 2024-2034|2026-09-11
document_page|kafue_idp_2024_2034_page_0182|kafue_idp_2024_2034.pdf|Integrated Development Plan 2024-2034|182|161 Objective To Promote integrated coordination among District stakeholders and key players Project Activities Inputs Cost Potential Source of Funds Source of Information The LA working with the District Administration office will enhance communication for development Conduct regular planning meetings on a quarterly basis Stationary, motor vehicle service, fuel, allowances K50,000 GRZ/ Donor/ Kafue Council Mn Community Development LA will coordinate, develop and implement local economic development policies and plans Conduct LED assessment for all the wards Stationary, motor vehicle service, fuel, allowances K50,000 GRZ/ Donor/ Kafue Council Mn Community Development The LA will promote citizen participation in local development Train the WDCs in LED initiatives on annual basis Stationary, motor vehicle service, fuel, allowances K50,000 GRZ/ Donor/ Kafue Council Mn Community Development Publish to the public council resolutions on local development Stationary, motor vehicle service, fuel, allowances K50,000 GRZ/ Donor/ Kafue Council Mn Community Development The LA will enhance Facilitate Planning Stationary, motor K50,000 GRZ/ Donor/ Mn Community|https://www.kafuecouncil.gov.zm/?page_id=195|Integrated Development Plan 2024-2034|2026-09-11
document_page|kafue_idp_2024_2034_page_0183|kafue_idp_2024_2034.pdf|Integrated Development Plan 2024-2034|183|162 planning coordination with traditional authorities Agreements with traditional leaders vehicle service, fuel, allowances Kafue Council Development Lobby for support from the traditional leadership for conversion of land for special purpose developments Stationary, motor vehicle service, fuel, allowances K50,000 GRZ/ Donor/ Kafue Council Mn Community Development|https://www.kafuecouncil.gov.zm/?page_id=195|Integrated Development Plan 2024-2034|2026-09-11
document_page|kafue_idp_2024_2034_page_0184|kafue_idp_2024_2034.pdf|Integrated Development Plan 2024-2034|184|163|https://www.kafuecouncil.gov.zm/?page_id=195|Integrated Development Plan 2024-2034|2026-09-11
document_page|kafue_idp_2024_2034_page_0185|kafue_idp_2024_2034.pdf|Integrated Development Plan 2024-2034|185|164 Objective To increase access to recreational facilities and youth development opportunities Project Activities Input Cost Potential source of funds Source of Information The LA will partner with private sector to improve access to recreational spaces in all wards by 2030 Formulate a partnership engagement strategy for recreation and youth development Stationary, motor vehicle service, fuel, allowances 50,000 GRZ/ Donor/ Kafue Council Mn Community Development Engage the private sector through PPPs 50,000 GRZ/ Donor/ Kafue Council Mn Community Development Involve civil society partners to improve the recreational spaces and delivery the youth Stationary, motor vehicle service, fuel, allowances 50,000 GRZ/ Donor/ Kafue Council Mn Community Development The LA will ensure that urban form takes into account the needs Strengthen community participation in the provision of recreation services 50,000 GRZ/ Donor/ Kafue Council Mn Community Development|https://www.kafuecouncil.gov.zm/?page_id=195|Integrated Development Plan 2024-2034|2026-09-11
document_page|kafue_idp_2024_2034_page_0186|kafue_idp_2024_2034.pdf|Integrated Development Plan 2024-2034|186|165 of children and youths including persons living with disabilities Mainstream youth and disability in all local area plans Stationary, motor vehicle service, fuel, allowances 50,000 GRZ/ Donor/ Kafue Council Mn Community Development The LA will promote sports development and arts by 2030 in all the Wards Construct sports facilities in all the wards Stationary, motor vehicle service, fuel, allowances 1, 000,000 GRZ/ Donor/ Kafue Council Mn Community Development|https://www.kafuecouncil.gov.zm/?page_id=195|Integrated Development Plan 2024-2034|2026-09-11
document_page|kafue_idp_2024_2034_page_0187|kafue_idp_2024_2034.pdf|Integrated Development Plan 2024-2034|187|166 5.1 Financial Plan The purpose of the Financial Plan is to ensure that recurrent expenses for the implementation of the IDP are budgeted for. The expected output is a financial plan setting out the recurrent expenses for the implementation of strategies and programmes. The Financial P lan reflects standard operational budgets which local authorities will incur such as salaries and emoluments. The financial plan relates wholly to functions of and services provided by the Kafue Town Council. 5.1.1 Revenue Collection Efficiency of the Kafue Town Council Assessment of current and potential revenue streams Kafue Town Council revenue is low due to the level of economic activity in the District. A thorough analysis of the revenue collection methods indicates that there are 20 Revenue Collectors are on permanent establishment and 25 revenue agents that have been contracted. The KDC spends ZMW 400,000.00 annually to collect all revenue and spends on average ZMW 100,000.00 to collect per revenue stream. Some sources of revenue e.g. Property Rates are more expensive to collect than others. Own Sources of Revenue (OSR) A major component of the KDC’s revenue streams the Own Sources of Revenue (OSR). The different revenue streams identified include: a) Lease and sale of Council land b) Property rates and taxes c) Levies and fees for various services d) Government subventions (e.g. Local Government Equalization Fund (LGEF) e) Funding from various sponsors and well-wishers External Sources of Revenues for Implementation Current and potential external sources of fundi ng for Kafue implementation include government funding, donor agency funding, and private investments in the City. Kafue Council receives Constituency Development Funds (CDF) for community projects, the Local Government Equalization Fund (LGEF), grants-in-lieu of rates and central government grants. These not only require a review of national funding priorities as set out in the Seventh National Development|https://www.kafuecouncil.gov.zm/?page_id=195|Integrated Development Plan 2024-2034|2026-09-11
document_page|kafue_idp_2024_2034_page_0188|kafue_idp_2024_2034.pdf|Integrated Development Plan 2024-2034|188|167 Plan (SNDP) and Budget Guidelines but also a review of grants received from the MLG . An assessment of how the MLG sees the situation in the years ahead is required to work out from the previous year grant allocation to the Kafue and only adjust it using inflation figure, formulas or a proxy as suggested by the MTEF Manual. Assessment of the Revenue Base 2021 - 2025 The implementation of the IDP objectives, strategies and priority projects requires an assessment of the expected and potential revenue base for the planning period. Table 13 below highlights the main revenue generating activities and/or services provided and planned for in the budget for the base year2021 and from 2022 to current proposed budget of 2024 Table 14: Budget Expenditure and Sources of Income SN. Revenu e Type Projec ted 2021 Reven ue Collected 2021 Revenue Projected 2022 Revenue Collecte d 2022(En d 3rdqtr) Projection 2023 Collected 2023 Projected 2024 1 LGEF 14,044 ,512.0 0 13,533,610.2 0 14,044,512 .00 8,676,47 0.88 14,044,512. 00 14,044,512.0 0 14,044,512.00 2 Grants in lieu of Rates 300,00 0.00 150,000.00 300,000.00 0 0 150,000.00 300,000.00 3 CDF 1,600, 000.00 1,600,000.00 25,700,000 .00 13,425,2 61.44 28,300,000. 00 28,300,000.0 0 30,635,642.00|https://www.kafuecouncil.gov.zm/?page_id=195|Integrated Development Plan 2024-2034|2026-09-11
document_page|kafue_idp_2024_2034_page_0189|kafue_idp_2024_2034.pdf|Integrated Development Plan 2024-2034|189|168 Total 15,944 ,512.0 0 15,347,163.9 3 40,044,512 .00 22,101,7 32.32 42,344,512. 00 42,494,512.0 0 44,980,154.00 Main Factors affecting Revenue Collection and Management Several factors affect revenue collection in Kafue District and among them is lack of funding and transport, inadequate staff and lack of awareness on the part of re sidents of the town on the role of the town council coupled with the unwillingness of the residents to pay rates and taxes. The council does not have an up to date inventory and revenue database to set overall targets for revenue collection and for its ind ividual Revenue Collectors and Agents and hence make a prudent estimate of the revenue projection. It does not have proper mechanisms to know if all revenue has been collected and if all revenue has been accounted for. Programme For the Preparation Of Lo cal Area Plans And Other Detailed Planning Activities Local Area plans for the IDP shall be developed from 2025 onwards as follows: Phase 1: Urban Renewal (2025 – 2026) Phase 2: New Development (2027– 2028) Phase 3: Linking the Wards (2029– 2030)|https://www.kafuecouncil.gov.zm/?page_id=195|Integrated Development Plan 2024-2034|2026-09-11
document_page|kafue_idp_2024_2034_page_0190|kafue_idp_2024_2034.pdf|Integrated Development Plan 2024-2034|190|169 6.0 MONITORING AND EV ALUATION|https://www.kafuecouncil.gov.zm/?page_id=195|Integrated Development Plan 2024-2034|2026-09-11
document_page|kafue_idp_2024_2034_page_0191|kafue_idp_2024_2034.pdf|Integrated Development Plan 2024-2034|191|170 6.1 Institutional Arrangements All operations of Local Authorities in Zambia are governed by the Local Government Act of 2019 of the Laws of Zambia. The IDP 202 4 – 2034 will guide the operations of the various departments and sectors. In pursuit of a shared vision, all departments and sectors will be involved in the implementation of the IDP programmes. Where there are inconsistencies in programmes, the Vision 2030 shall prevail. The District through the District Commissioner and Council Secretary will be overall responsible for providing policy guideline on the implementation of the IDP. All heads of devolved departments will report to the Council on the progress made towards the set targets through the Council Secretary using existing communication and decision making platforms. Similarly, the non-devolved departments will report to the District Commissioner. The report of the Non devolved departments will also be shared with the Council Secretary for consolidation into a single District report. The Council Chairperson who is the head of the Council will provide high level strategic and political leadership to the implementation of the IDP supported by the standing committees and the DDCC. Both the office of the Council C hairperson and District Commissioner will be responsible for resource mobilisation; engagement of stakeholders; convening stakeholder bi -annual reviews; and holding consultations with stakeholders and cooperating partners. 6.2 Monitoring and Evaluation Strategic Plan For effective Monitoring of the Strategic Plan, it is recommended that a Monitoring and Evaluation Committee be established to undertake the following activities:  Develop the M&E framework that will guide the monitoring and evaluation of th e IDP 2024-2034;  Facilitate the development of annual work plans in each department/Unit;  Monitor the implementation of work plans;  Obtain and review quarterly and annual progress reports  Undertake a mid-term review and end of Plan evaluation|https://www.kafuecouncil.gov.zm/?page_id=195|Integrated Development Plan 2024-2034|2026-09-11
document_page|kafue_idp_2024_2034_page_0192|kafue_idp_2024_2034.pdf|Integrated Development Plan 2024-2034|192|171  Prepare progress reports for submission to Council for decision making  Provide technical guidance as required;  Ensure effective Communication with the general public; and  Make recommendations to Council appropriate intervention measures. All the heads of Departments (HoDs) will be responsible for operationalizing the IDP. The major functions for HoDs will include preparing annual work plans based on the Strategic Directions, Objectives and Activities derived from the IDP, implementing and monitoring of annual work plans, preparing monthly, quarterly and annual progress reports and Participating in evaluation activities. The Table below shows the Key outputs to be measured by the plan.|https://www.kafuecouncil.gov.zm/?page_id=195|Integrated Development Plan 2024-2034|2026-09-11
document_page|kafue_idp_2024_2034_page_0193|kafue_idp_2024_2034.pdf|Integrated Development Plan 2024-2034|193|172|https://www.kafuecouncil.gov.zm/?page_id=195|Integrated Development Plan 2024-2034|2026-09-11
document_page|kafue_idp_2024_2034_page_0194|kafue_idp_2024_2034.pdf|Integrated Development Plan 2024-2034|194|173 Objective To enhance value addition to local materials through processing and packaging by 2030 Strategies Programme Output Indicator Annual Target Responsible 1 2 3 4 5 The LA in partnership with ZDA will ensure development of three (3) Value Chains in the Manufacturing Sector by 2026 Develop value chain in steel, iron and other minerals production No. of value chains created in steel, iron and other minerals 1 1 1 1 1 KTC & MCTI Develop value Chains in the cement production No. of value chains created in steel, iron and other minerals 1 1 1 1 1 KTC & MCTI Develop value chain in sugar production No. of value chains created in steel, iron 1 1 1 1 1 KTC & MCTI|https://www.kafuecouncil.gov.zm/?page_id=195|Integrated Development Plan 2024-2034|2026-09-11
document_page|kafue_idp_2024_2034_page_0195|kafue_idp_2024_2034.pdf|Integrated Development Plan 2024-2034|195|174 and other minerals The LA will ensure that basic network infrastructure within the Value addition wards is provided by 2026 Upgrading of 60km of road network to bituminous standards 12km 12km 12km 12km 12km LA & MIDH Install strategic water and electricity infrastructure in the Industrial area Service Plan Developed Service Plan being Implemented Service Plan being Implemented Service Plan being Implemented Service Plan being Implemented LA, ZESCO & LWSC Promotional campaigns on resource endowments Use ZANIS to prepare documentaries to air on the resource endowments of the District All wards 9 Shows 6 shows 6 shows 6 shows 6 shows LA & ZANIS Develop an incentives All wards 1 package developed Package being Package being Package being Package being LA & ZDA|https://www.kafuecouncil.gov.zm/?page_id=195|Integrated Development Plan 2024-2034|2026-09-11
document_page|kafue_idp_2024_2034_page_0196|kafue_idp_2024_2034.pdf|Integrated Development Plan 2024-2034|196|175 Objective To develop industrial clusters for SMEs to venture into processing and packaging by 2033 Strategies Programme Output indicator Source of information Annual Target Responsible 1 2 3 4 5 The LA in a PPP with ZDA develop an Industrial Yards for SMEs to undertake Value addition ventures Sign Planning Agreements with Traditional Leaders for development of Industrial Clusters No. of Planning agreements signed Planning Agreement 1 2 2 KTC Sign a partnership agreement with Shabusale Cooperative on Sugarcane Production No. of partnership agreements signed Partnership agreement 1 KTC & IDC Preparation of Mixed Use Industrial Cluster Layout Plans for SMEs No. of approved layout plans Approved Layout 1 2 2 KTC package for local and foreign companies to invest in the District implemented implemented implemented implemented|https://www.kafuecouncil.gov.zm/?page_id=195|Integrated Development Plan 2024-2034|2026-09-11
document_page|kafue_idp_2024_2034_page_0197|kafue_idp_2024_2034.pdf|Integrated Development Plan 2024-2034|197|176 Develop SME Financing strategy on value addition Value Strategy Strategy Document 1 KTC & MCTI Implement SME Value addition financing Strategy No. of Strategies implemented Project Report 1 1 1 1 KTC & MCTI LA Develop Fast Track Industrial Development Checklist to support Industrial clustering and environmental and Planning standards Develop Electronic Plan Approval Process linked to ZEMA System Developed System Report 1 KTC & LPPA Develop Industrial Planning Standards for environmental quality Document for standards Developed Planning Report 1 KTC & LPPA Promotional campaigns on resource endowments Use ZANIS to prepare documentaries to air on the resource endowments of the District No. of documentaries produced and aired Documentary 9 6 6 6 6 s LA & ZANIS Develop an incentives package for local and Packaged Developed Printed/electr onic package 1 1 1 1 1 LA & ZDA|https://www.kafuecouncil.gov.zm/?page_id=195|Integrated Development Plan 2024-2034|2026-09-11
document_page|kafue_idp_2024_2034_page_0198|kafue_idp_2024_2034.pdf|Integrated Development Plan 2024-2034|198|177 foreign companies to invest in the District objective To Promote the Planting of Multipurpose Tree Species as part of sustainable Forestry Management|https://www.kafuecouncil.gov.zm/?page_id=195|Integrated Development Plan 2024-2034|2026-09-11
document_page|kafue_idp_2024_2034_page_0199|kafue_idp_2024_2034.pdf|Integrated Development Plan 2024-2034|199|178 Strategies Programme Output indicator Source of Information Annual Target Responsible Agency 1 2 3 4 5 1 Identification of (land) sites for Nurseries Establishment Land identified and Beacons placed on the ground Forestry Department, MOCTA and Kafue Council 1 1 1 1 1 Ministry of Lands and Natural Resources and Line Ministries 2 Preparation of sites (Land) 4 hactares Identified land prepared Kafue District Council, Traditional Leadership 0.5 ha 0.5 ha 0.5ha 0.5 ha 0.5 ha 3 Buying of polythene pots and seed collection, potfilling and Soil Collection 100, 000 Seedlings begin to germinate Forestry Department, Ministry of Agriculture 20 20 20 20 20 4 Conduct intensive Forest patrols on both state and customary areas 80% Reduction of charcoal moving without permits Forestry and Local Leadership 48 48 48 48 48 Forestry Department Conduct community trainings and 10 Committees on community Forestry Department 4 4 4 4|https://www.kafuecouncil.gov.zm/?page_id=195|Integrated Development Plan 2024-2034|2026-09-11
document_page|kafue_idp_2024_2034_page_0200|kafue_idp_2024_2034.pdf|Integrated Development Plan 2024-2034|200|179 Objective To promote climate smart agricultural diversification strategies programmes Output indictors Annual targets Responsible 1 2 3 4 5 Capacity building in climate smart agricultural production Conduct farmer trainings in climate smart crop diversification Number of farmers trained 2,000 2,000 2,000 2,000 2,000 Agriculture Conduct farmer trainings in climate smart farm mechanization Number of farmers trained 2,000 2,000 2,000 2,000 2,000 Conduct farmer trainings Number of farmers 1,000 1,000 1,000 1,000 1,000 sensitization meetings forestry formed headquarters Establishing of Agroforestry demo plots 50 % Increase in or households people Adopting of Smart Agriculture Ministry of Agriculture, Forestry Department 10 10 10 10 10 Forestry Department & Line Ministries|https://www.kafuecouncil.gov.zm/?page_id=195|Integrated Development Plan 2024-2034|2026-09-11
document_page|kafue_idp_2024_2034_page_0201|kafue_idp_2024_2034.pdf|Integrated Development Plan 2024-2034|201|180 in water efficient irrigation trained Conduct trials demonstrations in drought resistant crops Number of trial demonstration 80 80 80 80 80 Enhancing crop early warning management system Production of monthly weather forecasts Number of weather reports produced 12 12 12 12 12 Agriculture Conduct routine crop pest and disease monitoring and surveillance Number of samples collected/ analysed 400 400 400 400 400 Promotion of crop value chain market linkages Sensitization of crop farmers on value chain market linkages Number of farmers sensitized 2,000 2,000 2,000 2,000 2,000 Agriculture Facilitation of the building of crop productive alliances Number of productive alliances formed 80 80 80 80 80|https://www.kafuecouncil.gov.zm/?page_id=195|Integrated Development Plan 2024-2034|2026-09-11
document_page|kafue_idp_2024_2034_page_0202|kafue_idp_2024_2034.pdf|Integrated Development Plan 2024-2034|202|181 Objective To improve livestock production and productivity strategy Programme Output indicator Source of Information Target (Years) Responsible Agency 1 2 3 4 5 Capacity building in climate smart livestock production Conduct farmer training in climate smart livestock disease prevention and management Number of livestock farmers trained Veterinary/ Livestock 1,600 1,600 1,600 1,600 1,600 Fisheries/ Livestock Conduct farmer training in climate smart animal husbandry practices Number of livestock farmers trained Veterinary/ Livestock 1,600 1,600 1,600 1,600 1,600 Restocking of small livestock through pass-on mechanism Number of rural households given livestock packs Livestock 2,000 2,000 2,000 2,000 2,000|https://www.kafuecouncil.gov.zm/?page_id=195|Integrated Development Plan 2024-2034|2026-09-11
document_page|kafue_idp_2024_2034_page_0203|kafue_idp_2024_2034.pdf|Integrated Development Plan 2024-2034|203|182 Enhancing livestock early warning management system Conduct routine livestock and pest and disease monitoring and surveillance Number of samples collected Veterinary/ Livestock 3,200 3,200 3,200 3,200 3,200 Fisheries/ Livestock Promotion of livestock value chain market linkages Sensitization of livestock farmers on value chain market linkages Number of livestock farmers sensitized Livestock 1,600 1,600 1,600 1,600 1,600 Fisheries/ Livestock Facilitation of the building of livestock productive alliances Number of productive alliances Livestock 26 26 26 26 26 Fisheries/ Livestock Objective To promote climate smart aquaculture practices|https://www.kafuecouncil.gov.zm/?page_id=195|Integrated Development Plan 2024-2034|2026-09-11
document_page|kafue_idp_2024_2034_page_0204|kafue_idp_2024_2034.pdf|Integrated Development Plan 2024-2034|204|183 strategies programmes Output indicator Annual targets Responsible 1 2 3 4 5 Capacity building in climate smart aquaculture production Conduct farmer training in climate smart aquaculture practices Number of fish farmers trained 500 500 500 500 500 Fisheries/ Livestock Conduct farmer training in climate smart fish disease prevention and management Number of fish farmers trained 500 500 500 500 500 Enhancing aquaculture early warning management system Conduct routine fish pest and disease monitoring and surveillance Number of samples collected 1,000 1,000 1,000 1,000 1,000 Fisheries/ Livestock Promotion of aquaculture value chain market linkages Sensitization of fish farmers on value chain market linkages Number of fish farmers sensitized 400 400 400 400 400 Fisheries/ Livestock Facilitation of the building of fish-productive Number of productive alliances 20 20 20 20 20|https://www.kafuecouncil.gov.zm/?page_id=195|Integrated Development Plan 2024-2034|2026-09-11
document_page|kafue_idp_2024_2034_page_0205|kafue_idp_2024_2034.pdf|Integrated Development Plan 2024-2034|205|184 alliances Enhancing investment in aquaculture infrastructure Construct fish cold-chain facility Number of fish-cold chain facilities 0 1 0 1 0 Fisheries/ Livestock|https://www.kafuecouncil.gov.zm/?page_id=195|Integrated Development Plan 2024-2034|2026-09-11
document_page|kafue_idp_2024_2034_page_0206|kafue_idp_2024_2034.pdf|Integrated Development Plan 2024-2034|206|185 Goal 3: Improve transportation Infrastructure by 2033 Objective To develop and maintain air, rail and road transport infrastructure strategy Programme Output indicator Source of Information Annual targets Responsible Agency 1 2 3 4 5 To provide an efficient transport system Upgrade of roads to climate resilient and bituminous standards and maintenance of roads Number of kilometres upgraded Kafue Town Council 0 50 50 50 50 Kafue Town Council/RDA Rehabilitation and opening up of climate resilient feeder roads Number of kilometres Kafue Town Council 0 50 50 75 75 Construction of a bus station Number of bus stations Kafue Town Council 0 0 1 0 0 Development and upgrading of an airstrip Number of airstrips Kafue Town Council 0 0 0 0 1 Modernisation and expansion of the rail transport network Number of kilometres Kafue Town Council 0 0 50 50 50 Mobilize resources for road infrastructure Advertisement and stakeholder engagement for PPP for investment in infrastructure development Number of kilometres Kafue Town Council 0 0 0 1 1 Ministry of finance|https://www.kafuecouncil.gov.zm/?page_id=195|Integrated Development Plan 2024-2034|2026-09-11
document_page|kafue_idp_2024_2034_page_0207|kafue_idp_2024_2034.pdf|Integrated Development Plan 2024-2034|207|186 development Objective Build capacity in stakeholders to conduct routine maintenance and expansion of roads, rail and air transport infrastructure. Project Activities Output indicator Source of Informati on Annual targets Responsibl e Agency 1 2 3 4 5 Increase the capacity of stakeholders to upgrade gravel roads to bituminous standards and carry out routine maintenance Engagement of staff in Capacity Development Programs and other training programs Number of staff trained 0 50 50 50 50 Kafue Town Council/RD A Procurement of equipment Number of equipment procured 4 5 5 5 6|https://www.kafuecouncil.gov.zm/?page_id=195|Integrated Development Plan 2024-2034|2026-09-11
document_page|kafue_idp_2024_2034_page_0208|kafue_idp_2024_2034.pdf|Integrated Development Plan 2024-2034|208|187 Goal 4: Promote investments in the Tourism sector Objective To promote tourism value chain by strengthening positive linkages between tourism and supporting services a strategies programmes Output indicator Source of Information Annual targets Responsible 1 2 3 4 5 Develop tourism infrastructure Upgrading of roads leading to tourists attractions Kilometres of road upgraded KTC Annual Report 1 1 1 1 1 KTC/RDA Setting up of tourism centres in four wards No. of Tourism centres setup KTC Annual Report 2 1 1 1 Lobby for financial Support to improve tourism infrastructure and sites No. of Meetings conducted KTC Annual Report 2 2 2 2 2 Documentation of potential tourism sites in the District Undertaking road and TV shows marketing the tourists sites in the District No. of shows aired Shows aired 4 4 4 4 4 KTC Conduct cultural nights to support local tourism and arts No. of Cultural night events held KTC Annual Report 1 1 1 1 1 land for tourism investment Identify and secure land for tourism investment Hectare of land secured KTC Annual Report 5 5 5 5 5 KTC/ZTB Map all potential and existing No. of tourism KTC Annual 1 1 1|https://www.kafuecouncil.gov.zm/?page_id=195|Integrated Development Plan 2024-2034|2026-09-11
document_page|kafue_idp_2024_2034_page_0209|kafue_idp_2024_2034.pdf|Integrated Development Plan 2024-2034|209|188 tourism sites in the District sites mapped Report Develop a tourism master plan Tourism Master plan for Kafue Developed KTC Annual Report 1 Community participation and Niche-product development and rural tourism Undertake public campaigns to raise create awareness, and sensitize educate the local communities about tourism issues an No. of campaigns carried out KTC Annual Report 4 4 4 4 4 KTC/ZTB Development of local markets selling tourism products No. of Market shelters constructed for tourism products KTC Annual Report 1 2 2 1 1 Advocate for diversification in the sector No. of advocacy events/meetings conducted KTC Annual Report 1 1 1 1 1 Lobby for technical and financial support to Community Resource Boards (CRBs), No. of CRBS supported KTC Annual Report 4 4 4 4 4|https://www.kafuecouncil.gov.zm/?page_id=195|Integrated Development Plan 2024-2034|2026-09-11
document_page|kafue_idp_2024_2034_page_0210|kafue_idp_2024_2034.pdf|Integrated Development Plan 2024-2034|210|189 Goal 5: Promote investments in alternative sources of energy Objective To increase investment in renewable energy strategies programmes Output indicator Source of Information Target (Years) Responsible Agency 1 2 3 4 5 Promote Identify PPP Partners in renewable energy at local and national levels No. of PPPs in place KTC Annual Report 1 1 1 1 1 KTC Formulation of PPPs Investment Models in Renewable Energy Identify and provide land for setting up of demonstration sites for energy technological models Hectares of land secured for Demo sites KTC Annual Report 2 2 2 2 2 KTC Identify land for building a centre for renewable energy learn No. of sites identified KTC Annual Report 1 1 1 1 1 KTC|https://www.kafuecouncil.gov.zm/?page_id=195|Integrated Development Plan 2024-2034|2026-09-11
document_page|kafue_idp_2024_2034_page_0211|kafue_idp_2024_2034.pdf|Integrated Development Plan 2024-2034|211|190|https://www.kafuecouncil.gov.zm/?page_id=195|Integrated Development Plan 2024-2034|2026-09-11
document_page|kafue_idp_2024_2034_page_0212|kafue_idp_2024_2034.pdf|Integrated Development Plan 2024-2034|212|191 Goal 6: Enhance human development through Health and education Objective equitable access and quality through improved infrastructure and teacher training strategy programmes Output indicator Source of Information Annual targets Responsible 1 2 3 4 5 Constructions of Primary, secondary schools and staff Houses in the District Identification of stalled School construction projects No. of schools identified DEBS annual report TBA TBA TBA TBA TBA Council DEBS Identification of land for schools Hectares of land identified DEBS annual report 10 10 10 10 10 Infrastructure Department Construction of Schools and staff houses No. of Staff Houses Constructed DEBS annual report TBA TBA TBA TBA TBA Ministry of Lands and Natural Resources Construction of Boarding schools No. of boarding schools constructed DEBS annual report 1 1 1 1 1 DEBS Construction of Dining Halls No. of Dining halls DEBS annual 1 1 1 1 1 DEBS|https://www.kafuecouncil.gov.zm/?page_id=195|Integrated Development Plan 2024-2034|2026-09-11
document_page|kafue_idp_2024_2034_page_0213|kafue_idp_2024_2034.pdf|Integrated Development Plan 2024-2034|213|192 constructed report Construction of Staff Toilets Specialised Classrooms No. of staff toilets constructed DEBS annual report TBA TBA TBA TBA TBA DEBS Setting up of additional classroom blocks No. of additional news classroom blocks constructed DEBS annual report 5 5 5 5 5 DEBS Development of Designs and Bill Of Quantities for the schools No. of BoQs completed and approved Approved BOQ 5 5 5 5 5 DEBS Maintenance ad refurbishment of school infrastructure of Identification of all school needing refurbishment No. of schools identified DEBS annual report 5 5 5 5 5 DEBS Development of proposals seeking educational support No. of proposals developed Proposals Developed 10 10 10 10 10 DEBS Construction of support infrastructure for educational No. of non- classroom DEBS Annual 4 4 4 4 4 Infrastructure Department|https://www.kafuecouncil.gov.zm/?page_id=195|Integrated Development Plan 2024-2034|2026-09-11
document_page|kafue_idp_2024_2034_page_0214|kafue_idp_2024_2034.pdf|Integrated Development Plan 2024-2034|214|193 services based infrastructure constructed report Education promotion Campaigns Production of educational materials on values of education No. of materials produced Materials produced 15000 15000 15000 DEBS Community drama series on education No. of educational shows DEBs Annual Report DEBS Formation of education awareness task teams in the rural wards No. of task teams formed DEBs Annual Report 16 16 16 16 16 KTC Partnerships with Headmen on monitoring of school attendance No. of partnerships formed with headmen KTC Annual Report 2 2 2 2 2 Traditional leadership Objective To improve on water and Sanitation coverage Strategies programmes Output indicators Source of Information Annual targets Responsible Agency 1 2 3 4 5 District administration and Lusaka water and Promote Stakeholder No. of KTC Annual 4 4 4 2 2|https://www.kafuecouncil.gov.zm/?page_id=195|Integrated Development Plan 2024-2034|2026-09-11
document_page|kafue_idp_2024_2034_page_0215|kafue_idp_2024_2034.pdf|Integrated Development Plan 2024-2034|215|194 Private public partnerships in Water and sanitation coverage engagements and CSR Stakeholder engagements in 16 wards report sanitation company Building of industrial bore holes Small water schemes No. of small water distribution schemes in place Warma Annual Reports 2 2 2 3 3 Water Resources Development and Local Authority Community wide sanitation / CLTS Strengthening of Community CLTS/SLTS Groups Establishments of CLTS/SLTS in 16 wards 4 4 4 2 2 KTC Safe water supply Water quality monitoring No. of water points tested MOH annual report 1500 1500 1500 1500 1500 DHO,NWASCO and Water Resources dev. Borehole improvement/ Mechanization No. of Boreholes improved MOH annual report 50 50 50 50 50 KTC /DHO Mapping of Blackish/ Black/Gray water Maps MOH annual 1 1 1 1 1 KTC /DHO|https://www.kafuecouncil.gov.zm/?page_id=195|Integrated Development Plan 2024-2034|2026-09-11
document_page|kafue_idp_2024_2034_page_0216|kafue_idp_2024_2034.pdf|Integrated Development Plan 2024-2034|216|195 Grey water areas produced report Distribution of Chlorine to households No.of households receiving chlorine MOH annual report 10,000 12000 12000 12000 12000 KTC /DHO Public Heath Inspections Conduct Premises and Food No. of premises inspected MOH annual report · 1500 1500 1500 1500 1500 KTC /DHO Objective To improve access to Health facilities and quality Services staff to enhance access to PHC|https://www.kafuecouncil.gov.zm/?page_id=195|Integrated Development Plan 2024-2034|2026-09-11
document_page|kafue_idp_2024_2034_page_0217|kafue_idp_2024_2034.pdf|Integrated Development Plan 2024-2034|217|196 strategies programmes Output indicator Source of Information Annual target Responsible Agency 1 2 3 4 5 Infrastructure development Identification of land for the construction of health facilities Hectares of land identified for health centres MOH annual reports 2 3 3 3 3 MOH/KTC Construction of facilities (Health posts, Health Centre’s) No. of health facilities constructed MOH annual reports 2 3 3 3 3 MOH Capacity building Undertake TOT Conduct TOTs trainings in all health posts MOH annual reports 40 40 40 40 40 MOH/DHO Recommend officers for short training courses No. of staff recommended for trainings and place on training programmes MOH annual reports 20 20 20 20 20 MOH|https://www.kafuecouncil.gov.zm/?page_id=195|Integrated Development Plan 2024-2034|2026-09-11
document_page|kafue_idp_2024_2034_page_0218|kafue_idp_2024_2034.pdf|Integrated Development Plan 2024-2034|218|197 ACKNOWLEDGMENTS The IDP Team 1. Lusaka Provincial Planning Authority 2. Tozya Mtawali Jengajenga -Director Planning 3. Anthony G . Phiri - Former District Planning Officer 4. Auther Mbowela Director Human Resource and Administration 5. Samuel Daka - District Chiefs and Traditional Affairs Officer 6. Brenden Machila- Directtor Finanace 7. Collins Kalonde - Former Council Treasurer 8. Enock Syabbalo - Ag. District Health Director 9. Maxon Nketani-Director Engineering 10. Kabwe Chileshe - Director of Works 11. Perfecto B. Kabanshi - District Fisheries and Livestock Coordinator 12. George Banda - Chief Committee Clerk 13. Maluba Sachelo -Town Planner 14. Leah Chiti Tembo - Fomer Town Planner 15. Getrude Mweemba -Social Economic Planner 16. William Katebe-Senior IT Specialist 17. Vincent Siakalambwa - District Forestry Officer 18. Karsten Matabishi - District Water Resources Development Officer 19. Thebuho K. Matokwani - District Social Welfare Officer|https://www.kafuecouncil.gov.zm/?page_id=195|Integrated Development Plan 2024-2034|2026-09-11
document_page|kafue_idp_2024_2034_page_0219|kafue_idp_2024_2034.pdf|Integrated Development Plan 2024-2034|219|198 20. Judith Muyengwa - Senior Health Inspector 21. Leah M. Mumbi - District Community Development Officer 22. Thelma S. Musonda - Ag. Planner 23. Shupekile Mwale - District Cultural Officer 24. Evans Ngalande - District Education Planning Officer 25. Elizabeth Liche - Senior Agricultural Officer 26. Victoria Mutungwa - Traditional Affairs Officer 27. Chopa Chota - Deputy Director of Works 28. Mwenya Nsama - District Works Supervisor 29. Ernest Kaunda - Assistant Land Surveyor Appreciation to CNS Urban Consultants Ltd Experts 1. Nina N Hamakowa Team Leader 2. Ndiwa Mutelo Statistician 3. Dr. Gilbert Siame Researcher|https://www.kafuecouncil.gov.zm/?page_id=195|Integrated Development Plan 2024-2034|2026-09-11
document_page|kafue_idp_2024_2034_page_0220|kafue_idp_2024_2034.pdf|Integrated Development Plan 2024-2034|220|199 4. Gillie Cheelo GIS Expert 5. Limpo Mubita Civil Engineer 6. Glenn M Mwika Land Surveyor Support Staff at CNS 7. Cooper Chibomba Project Manager 8. Clayton Lumwaya Project Officer, GIS 9. David Kalumba Project Officer, Technical and GIS 10. Eric Chibomba Researcher|https://www.kafuecouncil.gov.zm/?page_id=195|Integrated Development Plan 2024-2034|2026-09-11
document_page|kafue_idp_2024_2034_page_0221|kafue_idp_2024_2034.pdf|Integrated Development Plan 2024-2034|221|200 Table 15: Analysis of Policies affecting Preparation of IDP Document Strategic/Key Focus Implication For Planning Vision 2030 This document provides a long -range development aspiration of making Zambia a prosperous middle-income nation by 2030. It provides opportunities for i mproving the well -being of all, embodying values of socio -economic justice, underpinned by the principles of: (i) gender responsive sustainable development; (ii) democracy; (iii) respect for human rights; (iv) good tradi- tional and family values; (v) positi ve attitude towards work; (vi) peaceful co-existence and; (vii) private-public partnerships. The IDP shall be aligned to the Vi- sion 2030 and explore ways of making direct contributions to the realization of the Vision. All goals to be integrated in nature to allow for inclusiveness of all. 8th National Development Plan (8NDP) TThe Eighth National Development Plan (8NDP) sets out Zambia’s strategic direction in terms of the development priorities and implementation strategies for the period 2022 to 2026. T he 8NDP takes cognisance of the country’s developmental context including the challenges and opportunities towards actualising the Vision 2030. Notably, the Plan has been formulated against the backdrop of a challenging economic situation exacerbated by th e COVID-19 pandemic. To overcome these challenges and attain the Vision 2030, the 8NDP The IDP must take into account the key objectives of the 8NDP in the design of its proposals t o ensure that there is spatial correlation with the national development pro- grammes implemented by stake- holders.|https://www.kafuecouncil.gov.zm/?page_id=195|Integrated Development Plan 2024-2034|2026-09-11
document_page|kafue_idp_2024_2034_page_0222|kafue_idp_2024_2034.pdf|Integrated Development Plan 2024-2034|222|201 introduces strategic interventions anchored on Economic Transformation and Job Creation; Human and Social Development; Environmental Sustainability; and Good Governance Environment. Building on the successes and lessons learnt from the implementation of the previous National Development Plans (NDP), and informed by the developmental challenges facing the country, the theme for the 8NDP is “Socio- Economic Transformation fo r Improved Livelihoods.” The overall aim is to improve the efficiency and competitiveness of the economy to sustainably lift the living standards of the people. Decentralization Policy The long term vision of Government is to achieve a fully decen- tralized and democratically elected system of governanc e char- acterized by open, predictable and transparent policy making and implementation processes at all levels of the public service, effective local community participation in decision -making and development administration while maintaining sufficient link ag- es between central and local government. The decentralisation policy has now been crystalized by the Constitution Act No. 2 of 2016. All matters relating to planning process, institutional arrangements must be taken into account in the IDP process. Emphasis for planning is to ensure that planning activities are taken at appropriate local level. Tourism Provides for sustenance of the economic well -being and en- Proposals in the IDP must be|https://www.kafuecouncil.gov.zm/?page_id=195|Integrated Development Plan 2024-2034|2026-09-11
document_page|kafue_idp_2024_2034_page_0223|kafue_idp_2024_2034.pdf|Integrated Development Plan 2024-2034|223|202 Policy hanced quality of life for Zambians through Government led, private sector driven, quality product developments that are con- sistent with the protection of the unique natural and cultural her- itage. It also provides for local communities, as traditional cus- todians of Zambia's natural and cultural heritage of land to have a vital role and respons ibility in sustainable tourism develop- ment. aligned to the national strategies on tourism and must have a direct buy- in to the key strategies in the na- tional policy to avoid conflict. National Health Policy The document sets clear directions for the development of the health sector in Zambia and proposes strategies and programmes in the health sector. It takes into consideration various regional and international instruments, protocols and commitments which will ensure that Zambia’s health programmes are integrated with the regional and global health system. Government has priori- tized primary health care services, hospital referral services, human resource development and management, medical sup- plies and logistics, infrastruct ure development, legal framework and health care financing. All proposals in the IDP relating to health must be appropriately aligned to the policy and key strate- gies at the local level must contrib- ute to national goals in the health sector. National Agricultural Poli- cy 2016 – 2021 (Draft) The document guides the development of the agriculture sector and sets out laws relating to domestic agriculture and imports of foreign agricultural products. It takes into consideration the pri- mary, secondary and tertiary processes in agricultural production and provides for attention to the concerns regarding the failure The IDP must make special consid- eration for areas for agricultural development and for the promotion of high value crops, food crops and livestock, aquaculture and all forms|https://www.kafuecouncil.gov.zm/?page_id=195|Integrated Development Plan 2024-2034|2026-09-11
document_page|kafue_idp_2024_2034_page_0224|kafue_idp_2024_2034.pdf|Integrated Development Plan 2024-2034|224|203 to increase rural incomes and reduce poverty, failure to achieve inclusive growth, the perpetual agricultural financing and mar- keting challenges; an d climate change associated with erratic rainfall patterns. of agriculture. Cons iderations must be made for urban agriculture to supply urban centres and provide incomes. Education Policy This national policy on education is conceived on the basis of the democratic principles of efficiency, equity, accountability and cost effectiveness. The goal of the education policy is “edu- cation for all” regardless of their status, disability, sex, residence etc. It emphasizes partnerships with other stakeholders such as: NGOs, Faith Based Organisations, individuals and parents in the provision of inclusive education for all. The policy considers gender, HIV and disabilities to be among priority cross -cutting issues that need to be integrated in planning. Principles and standards already in place in making proposals for the improvement of the s ector must be relied upon. Key issues the IDP must address include location of schools and access including land for expansion and development of the schools at all levels from early child education through to tertiary education These facilities should be duly situated so as to enhance ac- cessibility. Climate Change Policy The National Climate Change Policy provides the country with home grown initiatives targeted at minimizing the impact of climate change on national development. It supports and facili- tates a coordinated response to climate change by re -aligning its climate sensitive sectors of the economy and society. The poli- cy also provides stakeholders with a clearer framework on how IDP must r ecognize climate change issues for mitigation and adaptation measures. Gender must be a criti- cal concern and must be addressed as part of Climate change adapta- tion and mitigation.|https://www.kafuecouncil.gov.zm/?page_id=195|Integrated Development Plan 2024-2034|2026-09-11
document_page|kafue_idp_2024_2034_page_0225|kafue_idp_2024_2034.pdf|Integrated Development Plan 2024-2034|225|204 to tackle climate change and vulnerability in Zambia. Disability Policy Provides for the consideration of persons living with disability. The policy is aimed at making sure the persons living with disabilities also live decent and productive lives without any barriers. It promotes equal opportunities in the provision of basic needs and human wants; non -discrimination and accessibility to services such as quality health care, education and skills as well adequate standard of living and social protection. Equitable access for persons must be incorporated in design to facilitate access for all persons living with disability in the development of Kafue. Gender Policy It aims to ensure the attainment of gender equality in the development process by redressing the existing gender imbalances in the nation, providing equal opportunities for women and men to actively participate and contribute to, as well as equitably benefit from national development. It also addresses gender-based violence, human trafficking, drug abuse and trafficking; gender disparities in positions of decision making; emerging health issues affecting mostly women and girls and the negative impact of climate change. IDP must ensure voices of women are heard and are accorded equal opportunity in identifying issues and priorities for their communities. The planning process must deliber- ately ensure that women actively participate as stakeholders in the consultations. Housing Policy A policy to guide the development of adequate affordable hous- ing for all income groups in the country. It provides for making serviced land available for housing development and streamlin- ing the land allocation system; streamlining building standards; The issue of land for housing de- velopment is a critical issue that requires the state, traditional lead- ers, private sector and the Local|https://www.kafuecouncil.gov.zm/?page_id=195|Integrated Development Plan 2024-2034|2026-09-11
document_page|kafue_idp_2024_2034_page_0226|kafue_idp_2024_2034.pdf|Integrated Development Plan 2024-2034|226|205 encouraging the production and use of local and affordable building materials; helping the poor acquire decent shelter; fos- tering functional, healthy, aesthetically pleasant, and environ- mentally friendly; and preparing a national housing implementa- tion strategy. Authority to partner for housing. Effective demand for housing must be established. Land for housing should be considered for current and future populations. Industrialization Policy It sets out guidelines and regulations that the government should follow and implement in order to attain industrial deve lopment. The policy aims to stimulate growth, diversification, upgrading and competitiveness of Zambia’s manufacturing sector by driving the transformation process which will assist the country deliver sustainable jobs, equitable growth and wide spread poverty reduction. It also sets strategic guidelines that facilitate industrial growth and create an enabling economic environment for manufacturers, local and international. Kafue was declared as a Steel and Iron Zone by the Republican President, Mr. Edgar C Lungu due to the potent of steel and iron to power the District, province and country at large. Special considerations must be made to ensure Steel and Iron industry thrives. National Cultural Policy Culture is one of the fundamental dimensions of deve lopment. Cultural development constitutes one of the essential instruments of general development and the improvement of quality of life. This policy is aimed at facilitating participation by all in the creation and enjoyment of our cultural wealth. It also propagates the participation of all stakeholders in the Integrating culture in the IDP is essential for the promotion of socio-economic empowerment and preservation of culture for sustainable human development.|https://www.kafuecouncil.gov.zm/?page_id=195|Integrated Development Plan 2024-2034|2026-09-11
document_page|kafue_idp_2024_2034_page_0227|kafue_idp_2024_2034.pdf|Integrated Development Plan 2024-2034|227|206 development and promotion of the Zambian culture. National Trade Policy National Trade Policy was established to enhance domestic trade and ensure effective participation of private sector players in regional and international trade. The Trade Policy highlights the importance of eliminating barri ers to trade and providing an enabling environment in which the private sector thrives and build capacity to produce quality goods and services competitively, reliably, and on a sustainable basis. IDP must take into account Trade Policy measures aimed at handling trade related constraints, with a view to promoting production for export and diversify the economy through local economic development (LED). 1b. Summary of Selected legislation Document Strategic/Key Focus Implication for Planning The Constitution of Zambia This is the supreme law of Zambia with which any other written law, customary law and customary practice are consistent. It upholds human rights and fundamental freedoms of every person while committing the compatriots to upholding the pri nciples of democracy and good governance to ensure that the values relating to family, morality, patriotism and justice are maintained and all functions of the state are performed in the common interest of the citizens. The constitution affirms the equal worth of women and men and their right to freely participate in, determine and build a sustainable political, legal, economic and social order. All proposals in the IDP, must be consistent with the provisions of the constitution. Proposals must at all times adhere to national values espoused in the constitution.|https://www.kafuecouncil.gov.zm/?page_id=195|Integrated Development Plan 2024-2034|2026-09-11
document_page|kafue_idp_2024_2034_page_0228|kafue_idp_2024_2034.pdf|Integrated Development Plan 2024-2034|228|207 Urban and Regional Planning Act of 2015 This Act provides for development, planning and administration principles, standards and requirements for urban and regional planning processes and system s, a framework for administering and managing urban and regional planning, guidelines, systems and processes for urban and regional planning, establishes a democratic, accountable, transparent, participatory and inclusive process for urban and regional pla nning. It also ensures functional efficiency and socioeconomic integration by providing for integration of activities, uses and facilities, establishes procedures for preparation, adoption and approval of IDPs. The Urban and Regional Planning Act of 2015 repealed the Town and Country Planning Act, 1962, and the Housing (Statutory and Improvement Areas) Act, 1975. This is the principal Act as far as Urban and Regional Planning is concerned. Formulation of IDPs is established under this Act. The Act makes provision for all stages in the preparation of IDPs namely; Planning Programme, Planning Survey and Issues Report, Development Framework, Implementation Plan and public consultation process. The Act also provides for planning agreements that could be utilised in the development of customary land. Lands Act of 1995 The Act vests all land in the Republic in the President and further provides for the alienation of land and states that the President may alienate land vested in him to any Zambian, or non -Zambian u nder specific circumstances. It also provides tenure periods for state land. The Act states that the President shall not alienate any land situated in a District or an area where land is held under customary tenure without first consulting and getting the approval of the Chief and the Local Authority. The Act provides guidance on matters relating to land in a game management area or protected forest and provides for The IDP will create and alter land uses in implementing the SDF; both state land and customary land will be affected. Private property rights and cadastre arrangements and therefore must take into account during implementation.|https://www.kafuecouncil.gov.zm/?page_id=195|Integrated Development Plan 2024-2034|2026-09-11
document_page|kafue_idp_2024_2034_page_0229|kafue_idp_2024_2034.pdf|Integrated Development Plan 2024-2034|229|208 persons or body whose interest might be affected by the grant of a title to be consulted Environmental Management Act of 2011 The Environmental Management Act of 2011 provides for integrated environmental management and the protection and conservation of the environment and the sustainable management and use of natural resources; Provides for the prevention and control of pollution and environmental degradation; Provides for public participation in environmental decision making and access to environmental information. Furthermore, the Act provides for several assessments and procedures relating to various projects. The IDP planning process requires that a strategic environmental assessment (SEA)is carried out as part of the process. The SDF must take into account results of the SEA and provisions of this Act. Mines and Minerals Development Act of 2015 The mining sector i s governed and regulated by the Mines and Minerals Development Act 2015, which covers types of mining rights, acquisition of mining rights, rights/obligations conferred on the mining right holder, transferability of mining rights, safety, health and environment requirements, and provides for the environmental protection fund, mineral royalties, fees and charges, and exports. All existing mining interests in both state and customary land of Kafue District to be recognised so that SDF proposals are not in co nflict with mining rights. Forestry Act of 2015 The Forestry Act of 2015 provides for the establishment and declaration of National Forests, Local Forests, joint forest management areas, botanical reserves, private forests and community forests; Provide for the participation of local communities, local authorities, traditional institutions, non -governmental organizations The IDP Process and Implementation should put in place measures to manage forest resources sustainably while allowing for participation of key stakeholders. The SDF must consider|https://www.kafuecouncil.gov.zm/?page_id=195|Integrated Development Plan 2024-2034|2026-09-11
document_page|kafue_idp_2024_2034_page_0230|kafue_idp_2024_2034.pdf|Integrated Development Plan 2024-2034|230|209 and other stakeholders in sustainable forest management; Provide for the conservation and use of forests and trees for the sustainable management of forests ecosystems and biological diversity; Provide for the implementation of the UN Framework Convention on Climate Change, Convention on International Trade in Endangered Species of Wild Flora and Fauna. ecological sensitive areas and endangered tree species. Land Acquisition Act Cap 189 of the Laws of Zambia This Act provides for the compulsory acquisition of land and property in public interest. Subject to the provisions of this Act, the President may, whenever desirable or expedient in the interests of the Republic compulsorily acquire any property of any description. The Act further provides for matters relating to compensation on land that has been compulsorily acquired and the conditions under which such power may be exercised by the President. All matters pertaining to the acquisition of undeveloped and unutilized land are also provided for in the Act. The IDP must take into account any undeveloped land particularly parcels of land that are strategic for the development of public infrastructure and other community facilities. SDF and CIP to take into accoun t the potential costs. National Heritage Conservation Cap 173 of the Laws of Zambia This Act defines the functions and powers of the Commission; Provides for the conservation of ancient, cultural and natural heritage, relics and other objects of aesthetic , historical, prehistorically, archaeological or scientific interest; Provides for the Regulation of archaeological excavations and export of relics and other objects of aesthetic, historical, prehistorically, archaeological or scientific During the IDP Planning process, stakeholders may highlight places and sites of historical cultural heritage such as shrines, tombs or any other objects that might be covered under this Act.|https://www.kafuecouncil.gov.zm/?page_id=195|Integrated Development Plan 2024-2034|2026-09-11
document_page|kafue_idp_2024_2034_page_0231|kafue_idp_2024_2034.pdf|Integrated Development Plan 2024-2034|231|210 interest; Provides for the regulation of archaeological excavations and export of relics; regulates the access of the public to any heritage which is the property of the Commission or which by agreement with the owner is under its control. Table 16: International Conventions and treaties ratified by Zambia Document Strategic/Key Focus Implication for Planning United Nations Sustainable Development Goals (SDGs) 2015 - 2030 A shared blueprint for peace and prosperity for people and the planet, now and into the future. There are 17 SDGs, which are an urgent call for action by all countries both developed and developing. SDGs recognize that ending poverty and other deprivations must go hand -in-hand with strategies that improve health and education, reduce inequality, and spur economic growth while tackling climate change and working to preserve our land, forest and other resources. Particular attention will be given to SDG 11 – Sustainable Cities and Communities. Zambia is urbanising rapidly and adequate provisions needed to ensure No one is left behind. New Urban Agenda (NUA) A shared vision for a better and more sustainable future, one in which all people have equal rights and access to the benefits and opportunities that cities can offer, and in which the international community reconsiders the urban systems an d physical form of our urban spaces. NUA lays out standards and principles for the planning, construction, development, management, and Zambia currently has No Urbanization Policy. All the spatial development plans will need to take into account climate design in buildings and how we manage our urban spaces is not an option but an|https://www.kafuecouncil.gov.zm/?page_id=195|Integrated Development Plan 2024-2034|2026-09-11
document_page|kafue_idp_2024_2034_page_0232|kafue_idp_2024_2034.pdf|Integrated Development Plan 2024-2034|232|211 improvement of urban areas. It also underlines the linkages between good urbanization and job creation, livelihood opportunities, and improved quality of life, which should be included in every urban renewal policy and strategy. imperative The Paris Agreement A framework for achieving a net-zero emissions of Green House Gases (GHG) in the second half of this century; Encourages development mechanisms for private and public entit ies to support sustainable development projects that generate transferrable emission reductions; Provides for enhancing climate change mitigation measures; Provides for requirement for mitigation measures of individual countries to be expressed in national ly determined contributions; A global goal of enhancing adaptive capacity, strengthening resilience and reducing vulnerability to climate change, and to providing enhanced support for adaptation. Climate change issues must be taken into account at all leve ls of the planning process. Actions for adaptation and mitigation of local climate change must be expressed for all stakeholders.|https://www.kafuecouncil.gov.zm/?page_id=195|Integrated Development Plan 2024-2034|2026-09-11
document_page|kafue_idp_2024_2034_page_0233|kafue_idp_2024_2034.pdf|Integrated Development Plan 2024-2034|233|212 Agenda 2063 An African vision for a prosperous Africa based on inclusive growth and sustainable development by the African Un ion. It calls for improvement of living standards for local communities, access to education for all, discourage any form of discrimination, and embrace development potential for all in a sustainable manner; embraces modern agricultural systems for increased productivity and enhanced food security, protection of the environment, good governance, democracy, and respect for human rights, justice and the rule of law, citizen participation in social economic and political development and management, enhancing cultural assets, empowering women and the youth. No one must be left behind on social and economic development regardless of their status, age, sex, disability, religion etc. All actions to improve food security and food systems and integrated at all levels of the community.|https://www.kafuecouncil.gov.zm/?page_id=195|Integrated Development Plan 2024-2034|2026-09-11
document_page|kafue_2025_capital_projects_page_0001|kafue_2025_capital_projects.pdf|Capital projects 2025|1||https://www.kafuecouncil.gov.zm/?page_id=195|Capital projects 2025|2026-09-11
document_page|kafue_2025_council_minutes_page_0001|kafue_2025_council_minutes.pdf|Council minutes 30 May 2025|1|1 KAFUE TOWN COUNCIL MINUTES OF THE 11TH ORDINARY COUNCIL MEETING HELD IN T HE COUNCIL CHAMBER, CIVIC CENTRE , LUANGWA DRIVE KAFUE, ON FRIDAY, 20TH DECEMBER , 2024, AT 09:30 HOURS COUNCILORS PRESENT: Dr.Malikopo Luvious Maiya- Vice Council Chairperson Berejena Robby - Kambale Ward Chileshe Boniface - Chifwema Ward Kajiye Paul - Chitende Ward Katiyo D.Jones - Chiawa Ward Malumbe Legitimate - Chikupi Ward Mainza Wise - Magoba Ward Mikaya John - Shimabala Ward Miyanda Emmanuel M. - Lukolongo Ward Mwiinga Davyline - Malundu Ward Nyambe Modester - Shabusale Ward Shabusale S.Edwin - Kafue Ward Sampa David - Kansenje Ward Siamungala Comply - Chisakila Ward Singoyi Justine - Kabweza Ward Sinkala Michael - Matanda Ward Her Royal Highness - Chieftainess Chiyaba ABSENT WITH APOLOGY Dr. Buumba Malambo Council Chairperson Councillor Kelly Liwanga Mungu Ward Councillor Kebby Sikangila Chisankane Ward Her Royal Highness Senior Chieftainess Dr. Nkomeshya Mukamambo II|https://www.kafuecouncil.gov.zm/?page_id=195|Council minutes 30 May 2025|2026-09-11
document_page|kafue_2025_council_minutes_page_0002|kafue_2025_council_minutes.pdf|Council minutes 30 May 2025|2|2 OFFICERS IN ATTENDANCE: Mutanya Bupe - Council Secretary Mbowela Arthur - Director Human Resource and Administration Eng. Nketani Maxon - Director of Engineering Services Machila Brenden - Director of Finance Dr. Kabanshi Perfecto - District Fisheries and Livestock Coordinator Dr. Muyaule Raphael - District Agriculture Coordinator Hamaamba Naomi - Chief Health Inspector Chisenga Collins - Chief Committee Clerk Mumpisa S. Mwenge - Chief Accountant Chilombo Chizawu - Senior Legal Assistant Milandu Fredrick District Community Development Officer Eng. Kapansa Bwalya - Land Surveyor Mufalo Mwinde - Social Economic Planner Kapatamoyo Connie - Procurement Officer Hacheendo Moono - Town Planner Chola Bethan - Administrative Officer Mangisi Petronella - Human Resource Officer Mpande Lister - Ass. Committee Clerk Musonda Patson - Assistant Internal Auditor OTHERS IN ATTENDANCE: Mbololwa Lindunda - District Administration (Special Division) Lungu Chileshe - District Administration (Special Division) ________ The meeting was called to order 10:58 hours ________|https://www.kafuecouncil.gov.zm/?page_id=195|Council minutes 30 May 2025|2026-09-11
document_page|kafue_2025_council_minutes_page_0003|kafue_2025_council_minutes.pdf|Council minutes 30 May 2025|3|3 NATIONAL ANTHEM Prior to the commencement of the meeting, the National Anthem was sung followed by a prayer from Councillor Modester Nyambe C/141/12/24 NOTICE OF MEETING The Council Secretary read the Notice convening the Meeting C/142/12/24 CHAIRPERSON’S COMMUNICATION The Vice Council Chairperson welcomed everyone to the 11th Ordinary Council meeting and expressed hope that the issues to be discussed would bring development to Kafue district. He thereafter made the following announcements on behalf of Her Worship the Council Chairperson that:  On 4th October 2024 she hosted a team from ZPPA who came to sensitize suppliers on how to use the EGP system  On 14th October 2024, she attended the Zambika Aqua Culture project launch, which was partially funded by the European Union.  On 17 th October 2024 she monitored Cash for Work Program in Magoba and Mungu wards  On 19th October 2024, she attended the Mbambala Traditional Ceremony of the Nsenga -Luzi people of Luangwa District in Lusaka Province.  On 26 th October 2024, she attended the Cha kwela Makumbi traditional ceremony of the Soli people under Senior Chieftainess Dr. Nkomeshya.  On 5 th November 2024, she travelled to Egypt to attend the World Urban Conference.  On 12th November 2024, the Council received an entourage of 35 leaders from Sri-Lanka, Canada, Cambodia, Ghana & Benin to finalise the community project funding under the PMI -WILL project through the Canadian Municipalities.  On 13th November 2024 she attended the official opening of the ultra-modern penicillin manufacturing plant by Yash i Life Sciences.|https://www.kafuecouncil.gov.zm/?page_id=195|Council minutes 30 May 2025|2026-09-11
document_page|kafue_2025_council_minutes_page_0004|kafue_2025_council_minutes.pdf|Council minutes 30 May 2025|4|4  On 14 th November 2024 she attended the P olice officer’s pass out at Sondela within Kafue District where 1 ,323 new police officers were employed.  On 21 st November 2024, she received a team of C ivic leaders from Sinazongwe Town Council led by His Worship Mr Siachibweka who spe cifically came to learn on how she uses her ceremonial position of Council Chairperson to engage the community and lobby for them as she aligns programmes with the government manifesto. C/143/12/24 DECLARATION OF INTEREST No Councilor or officer Declared interest on any item CONFIRMATION OF THE PREVIOUS COUNCIL MINUTES C/144/11/24 CONFIRMATION OF MINUTES OF THE 10 TH ORDINARY COUNCIL MEETING HELD ON THURSDAY 3 RD OCTOBER 2024 The minutes of the 10 th Ordinary Council meeting held on Thursday 3rd October 2024 was presented before the meeting for confirmation. On a proposal by C ouncillor Paul Kajiye and duly seconded by Councillor Emmanuel Miyanda Moonga it was RESOLVED THAT: The minutes of the 10 th Ordinary Council meeting held on 3rd October 2024 numbered from minute number C/125/10/24 to C/140/10/24: be confirmed as a true and correct record of the proceedings of the Council meeting with the following amendments: Under minute number page 1 the name Councilor Kelly Liwanga be added on the list of Councilors present.|https://www.kafuecouncil.gov.zm/?page_id=195|Council minutes 30 May 2025|2026-09-11
document_page|kafue_2025_council_minutes_page_0005|kafue_2025_council_minutes.pdf|Council minutes 30 May 2025|5|5 C/145/12/24 RECEIVE, CONSIDER AND ADOPT MINUTES OF THE HEALTH ENVIRONMENT AND SOCIAL SERVICES COMMITTEE MEETING HELD ON FRIDAY 12TH JULY 2024 The minutes of the Health Environment and Social services committee meeting were presented before the Council for consideration On a proposal by councillor Modester Ny ambe and duly seconded by Councillor Emmanuel M. Moonga it was, RESOLVED THAT: The minutes of the Health Environment and Social services committee meeting held on 17th October 2024 numbered from HESS/66/10/24 to HESS 93/10/24: be received and adopted as part of the Council proceedings. During consideration of minute number HESS/89/12/24, it was noted that some Councillors were not conducting themselves in an honourable manner and had been making running comments while others were on the floor debating during the meeting and when called out, Councillor John Mikaya walked out of the meeting while Councillor Emmanuel Moonga Remained. However, the actions of the two Councillors did not sit well with the Council and after a length y debate and on a proposal by Councillor Justine Singoyi and seconded by Councillor Paul Kajiye it was, Resolved that The two Honourable Councillors apologise to the House Thereafter The two (2Honourable Councillors apologised. C/146/12/24 RECEIVE, CONSIDER AND ADOPT THE MINUTES OF FINANCE, VALUATON AND GENERAL PURPOSES COMMITTEE MEETING HELD ON WEDNESDY 6 TH NOVEMBER 2024. The minutes of Finance, Valuations a nd General Purposes Committee meeting were presented before the Council for consideration. On a proposal by Councillor Wise Mainza and duly seconded by Councillor David Sampa it was, RESOLVED THAT: The minutes of the Finance, Valuation and General Purposes committee meeting held on 1st August 2024 numbered from FV&GP/63/11/24 to|https://www.kafuecouncil.gov.zm/?page_id=195|Council minutes 30 May 2025|2026-09-11
document_page|kafue_2025_council_minutes_page_0006|kafue_2025_council_minutes.pdf|Council minutes 30 May 2025|6|6 FV&GP/78/11/24: be received and adopted as part of the Council proceedings. C/147/12/24 RECEIVE, CONSIDER AND ADOPT THE MINUTES OF PLANS, WORKS, DEVELOPMENT AND REAL ESTATE COMMITTEE MEETING HELD ON THURSDAY 14TH NOVEMBER 2024. The minutes of the Plans, Works, Development and Real Estate committee meeting were presented before the Council for consideration. On a proposal by Councillor Legitimate Malumbe and duly seconded by Councillor Robby Berejena it was, RESOLVED THAT: The minutes of Plans, Works, Development and Real Estate committee meeting held on 14th November 2024 numbered from PWDRE/405/11 /24 to PWDRE/420/11 /24 be received and adopted as part of the Council proceedings with the following amendments. Under minute number PWDRE/417/11/24 on page 56 on Recommendation number 1 the word N itrogen Chemicals of Zambia be replaced with the word “road’ C/148/12/24 RECEIVE, CONSIDER AND ADOPT THE MINUTES OF AUDIT COMMITTEE MEETING HELD ON FRIDAY 29TH NOVEMBER 2024. The minutes of the Auditing Committee meeting were presented before the Council for consideration. On a proposal by Councillor Boniface Chileshe and duly seconded by Councillor Michael Sinkala it was, RESOLVED THAT : The minutes of the Audit committee meeting held on 29th November 2024 numbered from AUD/131/11/24 to AUD/137/11/24: be received and adopted as part of the Council proceedings with the following amendments. under minute number AUD/136/11/24 on page 69 on findings the word Two in bold be replaced with Four C/149/12/24 RECEIVE, CONSIDER AND ADOPT THE MINUTES OF THE SPECIAL FINANCE, VALUATON AND GENERAL PURPOSES COMMITTEE MEETING HELD ON WEDNESDY 18 TH DECEMBER 2024. The minutes of Special Finance, Valuations and General Purposes Committee meeting were presented before the Council for consideration.|https://www.kafuecouncil.gov.zm/?page_id=195|Council minutes 30 May 2025|2026-09-11
document_page|kafue_2025_council_minutes_page_0007|kafue_2025_council_minutes.pdf|Council minutes 30 May 2025|7|7 On a proposal by Councillor Wise Mainza and duly seconded by Councillor David Sampa it was, RESOLVED THAT : The minutes of the Special Finance, Valuation and General Purposes committee meeting held on 18th December 2024 numbered from SFV&GP/79/12/24 to SFV&GP/82/12/24: be received and adopted as part of the Council proceedings. CONSIDERATION OF THE REPORT OF THE COUNCIL SECRETARY ______ C/150/12/24 KAFUE TOWN COUNCIL CITIZENS ENGAGEMENT PLAN FOR 2025 The Council secretary reported for the consideration of the Council that Kafue Town Council was one of the C ouncils receiving support from the Zambia Devolution Support Programme (ZDSP). One of the key requirements for th e Council to continue receiving this support wa s to have in place a Citizens Engagement Plan (CEP). The aim of the CEP wa s to promote transparency, accountability and the participation of citizens in the budgeting process and execution of all community programmes in the district. The objective of this plan was to: i. Increase citizen’s awareness and understanding of the budgeting process and identification of community projects. ii. To provide opportunities for citizens to contribute in the overall implementation of process of all developmental activities in the district. iii. Promotion some of the tenets of good Governments i.e transparency and accountability. To this effect the Council, had developed t he plan whose target audience we re the general populous in Kafue district, Local Businesses and Organizations, Community based organizations as well as Youth and Women groups. He reported that t he engagement strategies for t he implementation of this plan we re public meetings, Budget hearings at local level, use of Surveys and questionnaires, Social media, creation of Citizen Budget Committees, formulation of partnerships with local organizations, and conducting Budget Education and Training.|https://www.kafuecouncil.gov.zm/?page_id=195|Council minutes 30 May 2025|2026-09-11
document_page|kafue_2025_council_minutes_page_0008|kafue_2025_council_minutes.pdf|Council minutes 30 May 2025|8|8 The communication mode for the implementation of this plan was the use of language that was simple, clear in all the communication materials and methods. The other mode wa s the utilization of various commu nication channels which included the platforms mentioned such as social media, public address systems and radios programmes as well as drama performances and public notices. He further reported that i n terms of the implementation timeline, the activities be undertaken follows and on a quarterly basis; He stated that in the First Quarter there w ould be; the establishment of Citizen Budget Committees, social media posts and conducting public meetings, drama performances, radio programmes and distribution of questionnaires for conducting surveys. In the Secon d Quarter, the sensitizations through the platforms mentioned such as public meetings and social media publications would continue in all the 18 wards of the district. There would also be the analysis of the feedback gotten from the local citizens on the budgeting process. In the Third Quarter, sensitizations and budget hearings as well as analysis of the data being gathered will continue. In the Fourth Quarter, there would be the approval and adoption of the budget and provide for regular updates on the budget expenditure and implementation. The significanc e of having this plan in place wa s the further engagement of the general citizenry in the budgeting process of the local authority. After due consideration and on a proposal by Councillor Boniface Chileshe and duly seconded by Councillor David Sampa it was, RESOLVED THAT The Kafue Town Council Citizens Engagement Plan for 2025 be approved. C/152/12/24 RATING VALUATION TRIBUNAL SITTING FOR THE KAFUE MAIN VALUATION ROLL HELD ON 22ND NOVEMBER, 2024. The Council Secretary reported for the information of the Council that the 2018 Main Valuation Roll for Kafue Town Council expired on 31st December, 2022 and as such its validity had been extended twice by the Ministry of Local Government and Rural Development effective  1st January, 2023 to 31st December, 2023 and|https://www.kafuecouncil.gov.zm/?page_id=195|Council minutes 30 May 2025|2026-09-11
document_page|kafue_2025_council_minutes_page_0009|kafue_2025_council_minutes.pdf|Council minutes 30 May 2025|9|9  1st January, 2024 to 31st December, 2024. The extensions were undertaken in order to finalize the preparation of the 2022 Main Valuation Roll for the Council. He informed the members that t he Kafue Town Council at its Special sitting held on 31 st December, 2021 Vide Minute No, C/12/12/2021 resolved to approve the preparation of the Kafue Town Council Main Valuation Roll. The preparation of the Roll was to be a Joint Venture incorporating Chilanga Town Council which was not a rating authority. The meeting further resolved that Mr. Paul Moyo be appointed to prepare the Roll. He Further reported that in addition to the Council resolution, the Ministry of Local Government and Rural Development approved the appointment of Mr. Moyo to prepare the Roll. After the preparation of the Roll, it was then submitted and subjected to scrutiny by the Rating Valuation Tribunal which sat at the Ministry of Local Government and Rural Development Headquarters on 22nd November, 2024. The Tribunal after deliberations held that; The Roll was prepared according to the Law as espoused in the Rating Act No. 21 of 2018 He however stated that Chilanga Town Council was not yet a Rating Authority and could therefore not make any submissions to the Tribunal but that all the submissions needed to be done through Kafue Town Council. The members further heard that the Tribunal indicated in general terms that the preparation of the 2022 Kafue Main Valuation Roll was fine and only require some minor adjustments . When final approval was received, it would lead to an increase in the generation of revenue through property rates. Thereafter the report was Noted. C/153/12/24 LIQUOR LICENSING COMMITTEE MEETING The Council Secretary reported for the consideration of the Council that the Liquor Licensing Committee meeting could not take place on 14 th November, 2024 as scheduled due to the quorum not being formed. It was thereafter rescheduled to 10 th December, 2024 and also could not be held due to the quorum not being formed again. He informed the meeting that, in view of the above, and looking at other programmes that the Council needed to facilitate such as the submission of the proposed downwards adjustment of the 2024|https://www.kafuecouncil.gov.zm/?page_id=195|Council minutes 30 May 2025|2026-09-11
document_page|kafue_2025_council_minutes_page_0010|kafue_2025_council_minutes.pdf|Council minutes 30 May 2025|10|10 budget an item discussed in the Finance Committee and also the adoption of the 2025 Estimates of Income and Expenditure, it became imperative to proceed with holding the Ordinary Council meeting. He however reported that t he concern, was that this may disadvantage the community members who had applied to have their liquor licenses either renewed or granted and ultimately affect the generation of revenue by the Council. During deliberations, members exp ressed mixed feelings over the Committees failure not to hold its meeting and stated that it was a very important committee which needed to be sustained and help the Council with revenue mobilisation from approvals of Liquor licences. Members thereafter felt that in order for the committee not to repeat the same experiences of not having meetings due to non- forming of the quorum, there was need to add more members from the other committee s to increase the membership. This therefore meant that the members that would be added to the committee would hold dual membership. After further deliberations, on a proposal be Councillor Wise Mainza, and seconded by Councillor Davyline Mwiinga it was RECOMMENDED THAT Councillor Comply Siamungala and Councillor Kebby Sikangila be appointed to be members of the Liquor Licensing committee. However, a Counter proposal was made by Councillor Boniface Chileshe that Councillor Kebby Sikangila was not present in the meeting and the Council could appoint any member who was present, and thus Councillor Edwin Shabusale was proposed and duly seconded by Councillor Legitimate Malumbe to be appointed to the Liquor Licencing Committee. Pursuant to the provisions of st anding orders number 25 (1) the two motions were put to a vote to select who would be appointed to the liquor licensing committee between Councillor Edwin Shabusale and Councillor Kebby Sikangila And the results were as follows s/n Name No. of Votes 1 Cllr Kebby Sikangila 1 2 Cllr Edwin S Shabusale 9|https://www.kafuecouncil.gov.zm/?page_id=195|Council minutes 30 May 2025|2026-09-11
document_page|kafue_2025_council_minutes_page_0011|kafue_2025_council_minutes.pdf|Council minutes 30 May 2025|11|11 Thereafter it was resolved that Councillor Edwin Shabusale and Councillor Comply Siamungala be appointed as a members of the Liquor Licensing Committee. THERE BEING NO OTHER BUSINESS TO TRANSACT THE MEETING WAS OFFICIALLY CLOSED AT 14:40 HOURS FOLLOWED BY A CLOSING A PRAYER FROM COUNCILLOR MODESTER NYAMBE. AND NATIONAL ANTHEM CONFIRMED THIS ……………. DAY OF ………………………………………….2024 ……………………………………………………………………………………. Dr. Luvious Maiya Malikopo VICE COUNCIL CHAIRPERSON|https://www.kafuecouncil.gov.zm/?page_id=195|Council minutes 30 May 2025|2026-09-11
document_page|kafue_2025_council_minutes_page_0012|kafue_2025_council_minutes.pdf|Council minutes 30 May 2025|12|12 KAFUE TOWN COUNCIL MINUTES OF THE HEALTH, ENVIRONMENT AND SOCIAL SERVICES COMMITTEE MEETING HELD IN THE COUNCIL CHAMBER, CIVIC CENTER, ALONG LUANGWA DRIVE, KAFUE, ON WEDNESDAY 15 TH JANUARY 202 5 AT 11:30 HOURS COUNCILLORS PRESENT: 1. Nyambe Modester - Chairperson 2. Mikaya John - Shimabala Ward 3. Moonga M Emmanuel - Lukolongo Ward 4. Dr. Malikopo M Luvious- Deputy Council Chairperson Ex – Officio ABSENT WITH APOLOGY: Dr. Buumba Malambo - Council Chairperson OFFICERS IN ATTENDANCE: 1. Mutanya Bupe - Council Secretary 2. Tozya M Jengajenga - Director Planning 3. Namoonga Mweene - District Social Welfare Officer 4. Eng.Maxon Nketani - Director Engineering Services 5. Leah M Mumbi - District Community Development Officer 6. Kangwa Prosper - District Live Stock Officer 7. Chisenga Chisenga - Chief Human Resource Officer 8. Hope Kawewe - Community Development Officer 9. Bubala Maila - Community Development Officer 10. Chisotwe Muyembe - HOP Public Health (DHO) 11. Bethan Chola - Administrative Officer 12. Connie C. Kapatamoyo- Assistant Procurement Officer 13. Musandi Lisulo - Environmental Planner 14. Godfrey Mushanga - Health Inspector 15. Nathan Kamandala - Assistant Public Health Officer 16. Bestone Hamaimbo - Committee Clerk 17. Lister Mphande - Ass. Committee Clerk 18. Lynn Muzilika - Ag. Ass. Committee Clerk|https://www.kafuecouncil.gov.zm/?page_id=195|Council minutes 30 May 2025|2026-09-11
document_page|kafue_2025_council_minutes_page_0013|kafue_2025_council_minutes.pdf|Council minutes 30 May 2025|13|13 PRAYER Councillor Modester Nyambe gave an opening prayer HESS/94/01/2025: NOTICE OF MEETING The Council Secretary read the notice convening the meeting at 11:30hrs HESS/95/01/2025: CHAIRPERSON’S OPENING REMARKS The Deputy Council Chairperson welcomed all members present and encouraged them to participate fully. . HESS/96/01/2025: DECLARATION OF INTEREST No Councilor or Officer declared interest on a ny item of the report. REPORT OF THE DIRECTOR PLANNING HESS/97/01/2025: MONITORING REPORT ON CASH FOR WORK PROGRAMME FOR THE PERIOD OCTOBER AND NOVEMBER 2024. The Director Planning reported for the information of the committee that during the month of October 2024, Kafue Town Council received Cash for Work funding amounting to 2.7 Million Kwacha in order to increase the number of beneficiaries from 224 to 236 per month. 236 beneficiaries were engaged per month with 118 beneficiaries per 10 days’ cycle. She reported that during the month of October 2024, the Community Development Section undertook a monitoring visit on Cash for Work and 14 wards were covered remaining with the four wards in Chiawa. She further informed the meeting that during the month of November 2024 , Kafue Town Council received more Cash for Work funding amounting to 3.4 Million Kwacha in order to increase the number of beneficiaries from 236 Beneficiaries to 298 per month, 298 beneficiaries were engaged per month while 149 beneficiaries per 10 days’ cycle as shown in the table below. SN WARD NUMBER OF BENEFICIARIES SCOPE OF WORK 1 Matanda 236 All the Zones in Matanda  Gabbage collection 2 Shabusale 236 Mutendere Zone 4|https://www.kafuecouncil.gov.zm/?page_id=195|Council minutes 30 May 2025|2026-09-11
document_page|kafue_2025_council_minutes_page_0014|kafue_2025_council_minutes.pdf|Council minutes 30 May 2025|14|14  Unblocking and opening of drainages Mutendere Zone 9  Opening of the link road from flushburt to Soloboni C7 zone 1  Gabbage collection 3 Kafue 236 Muchuto Zone  Road maintance and digging of a furrow  for putting pipes to take water from muchito compound to muchito basic school. Malila Ngoma Zone  Road Maintenance and opening of drainages Shachinyama Zone Road clearing  Road maintenance 4 Kabweza 236  Road maintenance 5 Chisankane 236 Chalala Zone  Unblocking of culverts  Unblocking of drainages  Clashing or breaking of stones which were in the gravel road. Shaft 5 Zone 1  Clearing the road off jiggling road  Collection of garbage in the reserved roads.|https://www.kafuecouncil.gov.zm/?page_id=195|Council minutes 30 May 2025|2026-09-11
document_page|kafue_2025_council_minutes_page_0015|kafue_2025_council_minutes.pdf|Council minutes 30 May 2025|15|15  Cleaning in the road reserves  Clashing or breaking of stones which were in the gravel road. Shachibondwe Village  Digging of a pit for construction of the toilet  Road maintenance  Clearing and opening the road. 6 Chifwema 236 Chifwema Zone  Road maintenance and opening of drainages Nakondo/ Mwachisompola Zone  Road maintenance and opening of drainages  Road maintenance and opening of drainages Chilambila Zone  Molding of bricks for the construction of a toilet at the headmaster’s house construction of a storeroom  Landscaping at the school  Digging of a foundation for construction of a staff house  Digging of a rubbish pit at Chilambila Primary School  Road maintenance 7 Lukolongo 236 Lukolongo Zone 2|https://www.kafuecouncil.gov.zm/?page_id=195|Council minutes 30 May 2025|2026-09-11
document_page|kafue_2025_council_minutes_page_0016|kafue_2025_council_minutes.pdf|Council minutes 30 May 2025|16|16  Road maintenance on the temporary bridge of Chilambela/ Muteba village  Fencing of a borehole in Chilembela Village Lishiko Zone 2  Digging of a pit for a toilet at Villa Community School 8 Malundu 236 Malundu Zone  Road maintenance Kaziwonele/ Chipongwe Road  Digging of a rubbish pit at Chipapa Clinic 9 Kasenje 236 Kasenje Zone  Road Maintenance  Unblocking of culverts and man holes and opening up of drainages 10 Shikoswe 236 Kalundu View Zone  Opening of drainages and digging of 4 sceptic tanks Old Shikoswe Zone  Clearing and opening of drainages 11 Shimabala 236 Hetty Denen Zone  Opening of drainages in Chitalo Village|https://www.kafuecouncil.gov.zm/?page_id=195|Council minutes 30 May 2025|2026-09-11
document_page|kafue_2025_council_minutes_page_0017|kafue_2025_council_minutes.pdf|Council minutes 30 May 2025|17|17  Road maintenance (removing of Debris in the road  Digging of a foundation for the ablution block  Digging of 2 Septic tanks at Hetty Denin clinic for construction of an ablution block 12 Mungu 236 Mungu Zone  Molding of 1,200 bricks for construction of toilets at the graveyard.  Opening up of drainages 13 Magoba 236 Kawama Zone  Road maintenance  Opening of drainages 14 Chikupi 236 Chikupi Zone  Ferring and construction of a store room and Kitchen at chikupi primary school 15 Chiawa 236 Mugurameno Zone  Digging of a toilet at Mugurameno Market  Road Rehabilitation 16 Chitende 236 Kabwadu Zone  Stamping and bush clearing 17 Kambale 236 Mufurusta Dandika Zone  Cleaning of the drainage Mafungautsi Zone  Collection of garbage  Clearing the road|https://www.kafuecouncil.gov.zm/?page_id=195|Council minutes 30 May 2025|2026-09-11
document_page|kafue_2025_council_minutes_page_0018|kafue_2025_council_minutes.pdf|Council minutes 30 May 2025|18|18 18 Chisakila 236 Malabanyika Zone  Moulding bricks for construction of Staff toilet at Malabanyika Primary School Thereafter the report was Noted HESS/98/01/2025: SENSITISATION REPORT ON COMMUNITY SPORT S The Director Planning reported for information of the Committee that the Sensitisation report covered the Community Sports Sensitisation meetings which were held in Chisakila Ward in four different Zones as follows; Shampeyo Zone, Mboza Zone, Chisakila Zon e and Malabanyika Zone. The activity was undertaken from 11th to 12th December 2024. She further reported that the sensitisation was done in the following Zones as follows for different sports disciplines too: Shampeyo Zone, Mboza Zone, Chisakila Zone and Malabanyika Zone The meeting was also informed that during the sensitization meeting, the Community Members raised concerns that the sports equipment which were distributed were not enough to cater for all of them in their zones due to vastness of their wards and the following were the challenges faced.  Lack of Sponsors in the ward.  Identify other Sports Coordinator in order to spearhead sports programs in their wards. Thereafter the report was Noted HESS/99/01/2025: FOOD SAFETY AND INSPECTION OF FOOD PREMISES Food Sampling It was reported for information of the committee that the section had continued to conduct food inspection during the period under review and had since seized 228 food articles from various establishments that were in contravention with the Food Safety Act No.7 of 20 19, and the section had since issued warning/charge notices to offenders to compel them to desist from exposing for sale , food articles that were expired/inadequately labelled, unpackaged or were not in conformity with the Laws of Zambia.|https://www.kafuecouncil.gov.zm/?page_id=195|Council minutes 30 May 2025|2026-09-11
document_page|kafue_2025_council_minutes_page_0019|kafue_2025_council_minutes.pdf|Council minutes 30 May 2025|19|19 She reported that in a bid to prevent the sale of expired food articles and reduce the prevalence of food borne illnesses, the following measure(s) would be undertaken that: The sec tion would conduct more routine inspection of premises to deter would be offenders from exposing for sale to the General Public any expired and unwholesome food for human consumption. Formal Inspections (Renewal of Licenses) It was reported that the section had been conducting Formal Inspections along with the finance department and other members of the Kafue Town Council Inspectorate team that formulate the Task force teams. These inspections had been initiated in order to generate revenue for the Council and ensure all Trading premises were paid up in their trading licenses. She further reported that, the following were the areas where the Council had been conducting the inspections as highlighted; Chalala, New Kasama, Mahopo, Shantumbu, Shimabala, Cent ral Business District, Shikoswe and Kafue Estates. Public Health Enforcement operations It was reported that during the 4 th quarter, the public Health Section carried out enforcement operations in trading establishments including night patrols and Shebeens as shown in the table below. SN LOCATION PURPOSE OF ENFORCEMENT ACTION TAKEN NUMBER OF OFFENDERS 1. Chalala, shantumbu, Mahopo, New Kasama Early Opening Penalty charges issued 3 Late Closure Closure of premises 11 Underage patronage Penalty charges issued 1 Nonpayment of trading Licenses Closure of premises 5 2 Shimabala Illicit shebeens Seizure of the alcohol 6 Insufficient sanitation penalty charges Issued 3|https://www.kafuecouncil.gov.zm/?page_id=195|Council minutes 30 May 2025|2026-09-11
document_page|kafue_2025_council_minutes_page_0020|kafue_2025_council_minutes.pdf|Council minutes 30 May 2025|20|20 3 CBD Late Closure Penalty Charges issued 5 Noise pollution Speakers confiscated 5 4 Christmass patrols in Kafue Late closure Closure of premises 6 Noise pollution Seizure of Speakers 5 Early Opening Penalty charges issued 7 Non-payment of extension of hours Closure of premises 4 Thereafter the report was NOTED HESS/100/01/2025: NUISANCE ABATEMENT The Director Planning reported that t he Public Health section received a complaint of a Grocery shop was trading in alcoholic Beverages against the provisions of the Liquor Licensing Act number 20 of 2011 and the provisions of the permitted hours. The contravention was due to the following. i. Residential areas are not a permitted location for such a conduct. ii. Harboring patrons around such premises in addition to no public toilets being available iii. This trade was reported to be going on beyond reasonable hours especially on the weekend causuing a nuisance. Action Taken i. Seizure of alcoholic beverages ii. Nullification of the liquor related payments The section also received a complaint of disposal of effluent on an open plot belonging to the complainant. The section verified that such an occurence happened and engaged the author of the nuisance. Action Taken Warning notice issued. Noise pollution complaint from a bar belonging to Mr. Moses Kauseni that has been blasting loud music at very late hours causing a nuisane for public Order Thereafter the report was NOTED.|https://www.kafuecouncil.gov.zm/?page_id=195|Council minutes 30 May 2025|2026-09-11
document_page|kafue_2025_council_minutes_page_0021|kafue_2025_council_minutes.pdf|Council minutes 30 May 2025|21|21 HESS/101/01/2025: FUNERALS It was reported that during the period under review, the department allocated (84) burial sites and (4) body transfers were issued. Details were shown in the tables below. NO CENTRE AREA QUANTITY 1 JOIN US CEMENTRY Low Cost 49 High Cost 35 Body Transfer 4 During the discussion, the Committee suggested that the Council engages the Cash for work to clean the cemetery. Thereafter the report was Noted HESS/102/01/2025 SOLID WASTE MANAGEMENT During the period under review, a total of approximately 250 tons of waste was collected in the quarter. The table below shows the routes of waste collection on a daily basis in Kafue; DAYS AREA TYPE OF GARBAGE TYPE OF VEHICLE AND CAPACITY LOADS PER DAY ESTIMATED TONS PER WEEK (PERIOD UNDER REVIEW) Monday C5 Market Domestic waste SKIP TRUCK 03 30 Bus Station Domestic waste SKIP TRUCK 03 30 Lodges SKIP TRUCK 03 30 Sub Total 90 Tuesday C7 Market Domestic waste SKIP TRUCK 03 30 Kasengele Domestic waste SKIP TRUCK 02 20 Sub Total 50 Wednesd ay Shikoswe (TIPPER TRUCK) SKIP TRUCK 02 20|https://www.kafuecouncil.gov.zm/?page_id=195|Council minutes 30 May 2025|2026-09-11
document_page|kafue_2025_council_minutes_page_0022|kafue_2025_council_minutes.pdf|Council minutes 30 May 2025|22|22 a. Clearance of indiscriminate waste It was reported that the section carried out the clearance of various indiscriminate waste disposal sites with Historical waste around the district such as at Kalukungu Market in ZC and the Beit Hall. The Machinery was donated from NCZ and Infraset that Assisted towards this purpose during the period under review. b. Dumpsite Clearance It was reported that the Council hired the services of a Bulldozer from Nakangea Construction services for a duration period of five (5) days. This followed the reports of wast e that had accumulated extensively at the dumpsite and had begun to cover the main Road and the access roads. c. Provision of Skip Bins by Chilufya Motors and Construction A report was presented before the committee on the services offered by F. Chilufya Motors and Construction where he offered Skip Bins at a charge of K400 per bin to the Council which were to assist in Community 7 (C7) , Zambia Compound (ZC), Nangongwe Market, CBD and Kafue Civic Center. This was in exchange for granting him a service zone where he would use part of the same amount to be able to pay for the said zone. Nangongw e (TIPPER TRUCK) SKIP TRUCK 02 20 Sub Total 40 Thursda y C5 Market (TIPPER TRUCK) SKIP TRUCK 02 20 Sub Total 20 Friday Zambia Compound market (TIPPER TRUCK) SKIP TRUCK 05 50 Sub Total 50 GRAND TOTAL 250|https://www.kafuecouncil.gov.zm/?page_id=195|Council minutes 30 May 2025|2026-09-11
document_page|kafue_2025_council_minutes_page_0023|kafue_2025_council_minutes.pdf|Council minutes 30 May 2025|23|23 d. Zoning of Zambia Compound It was reported for consideration of the committee the Zoning of Zambia Compound into solid waste management zones and hereby recommend that a Community based enterprise be engaged to begin the servicing of the aforementioned area. After due deliberation and on a proposal by Councillor Emmanuel M Moonga, which was duly seconded by Councillor John Mikaya RECOMMEDED THAT: The Zoning of Zam bia Compound into solid waste management zones and a Community based enterprise be engaged to begin the servicing of the aforementioned area. e. Quarterly Review Meeting for Franchise Companies. It was reported that a quarterly review meeting with the franchise contractors from all five (5) waste management zones was held this quarter with the aim of a performance review on their service delivery for the quarter. Following the above review meeting the section had established that the waste collection service providers were eligible for renewal for service delivery in their respective zones. Reports were submitted by the representatives of the respective companies. Thereafter the report was Noted HESS/103/01/2025: ENVIRONMENTAL ASSESSMENT REPORTS It was reported for the consideration of the committee, that the Environmental Management Act No 12 of 2011 section 29 part (i) stated that “a person shall not undertake any project that may have an effect on the Environment without written approval of the Agency, and except in accordance with any conditions imposed in that approval”. It was further reported that the department had a du ty to effectively review Environmental Assessment documents received from Zambia Environmental Management Agency to recommend appropriate measures. This wa s done to ensu re that Environmental concerns we re mainstreamed into development plans hence promoting Environmental Protection as we develop. The committee was further informed that the section had reviewed four (4) Environmental Project Briefs namely ; (1). Proposed Mineral Exploration in Nankanga Malundu by Daylight|https://www.kafuecouncil.gov.zm/?page_id=195|Council minutes 30 May 2025|2026-09-11
document_page|kafue_2025_council_minutes_page_0024|kafue_2025_council_minutes.pdf|Council minutes 30 May 2025|24|24 Technologies, (2). Operation and Construction of a block-making factory by Sagiam Investments, (3). Proposed mining and mineral processing activities by Blue copper mining Limited in Shantumbu and (4.) Proposed Development of a Safari Camp by Inorbit safaris Limited in Chiawa. Upon a proposal by Councillor John Mikaya duly seconded by Councilor Emmanuel Moonga, it was Recommended that, A Tour be conducted in the said locations to appreciate the developments on the ground. HESS/104/01/2025 ENVIRONMENTAL EDUCATION It was reported that Zambia had been experiencing extreme weather events and this had become a pressing concern to the nation. For example, droughts experienced in 2024 had exacerbated dry conditions, water scarcity and food insecurity. The year 2025, the Country was projected to experience serious flooding, Magoba in particular was usually hot with strong winds and floods. The section therefore carried out sensitizations at Magoba primary and 100 trees planted (fruits and ornamental) were planted. Tree planting helped in promoting Environmental awareness and community engagement in as far as environmental conservation was concerned. Thereafter the report was Noted HESS/105/01/2025 EXPANDED COMMUNITY BASED CONDOM DISTRIBUTION MECHANISM It was reported that to support the implementation of the Global AIDS Strategy for 2021 -2026, UNFPA had launched a one -year condom distribution program which was building from successful implementation of the condom strategy initiative. The program would be implemented as part of UN HIV combination Prevention Programs. Kafue District was one of the 10 districts in Zambia selected to implement this program with the support of UNFPA. The UNFPA specific key objectives in the project was:|https://www.kafuecouncil.gov.zm/?page_id=195|Council minutes 30 May 2025|2026-09-11
document_page|kafue_2025_council_minutes_page_0025|kafue_2025_council_minutes.pdf|Council minutes 30 May 2025|25|25 i. Strengthen implementation of integrated services in HIV combination prevention and primary Health care and ii. Scale-up condom distribution beyond health facilities. Thereafter the report was Noted HESS/106/01/2025: HOTSPOT MAPPING AND TRAINING IN KAFUE DISTRICT It was reported that the mentioned program - commenced on the 7th of December,2024. Hot Spot mapping was being done with the aim to identify key condom access points in the communities. The Hot spots would have condom dispersers installed wi th conducive storage. The process was essential for ensuring that condoms were available where there they were most needed, thereby enhancing effectiveness of sexual health and HIV prevention efforts. These access points had and would be deliberately set i n points where there was High risk behaviors (high potential of sexual activities). So far, a total number of 63 hot spots had been identified and the exercise was still in progress. She further reported that, in addition a two (2) days training was conducted at Purview lodge where a total number of sixty three (63) people from the community were trained in managing these new identified Hot spots. Thereafter the report was Noted HESS/107/01/2025: HIV ORAL SELF TEST KITS AND CONDOMS It was reported that during the period under review, DACAs office in collaboration with District Health Office secured 1 million male condoms (ZAMMSA) and 1,000 HIV Oral self-testing kits (NAC) for the Kafue district. This came after the huge demand of the commodities in the district. Thereafter the report was Noted HESS/108/01/2025: WORLD AIDS DAY AND 16 DAYS OF GENDER ACTIVISM COMMEMORATION It was reported that 2024 World’ AIDS Day was commemorated under the theme “ Take the Right Path ” on Tuesday 3rd December, 2024 at Twatasha Special School Grounds in Zambia compound. Kafue Town Council and the District HIV/AIDS Committee (DHAC) stakeholders supported the event. Various|https://www.kafuecouncil.gov.zm/?page_id=195|Council minutes 30 May 2025|2026-09-11
document_page|kafue_2025_council_minutes_page_0026|kafue_2025_council_minutes.pdf|Council minutes 30 May 2025|26|26 Health services were provided by the service providers, which included HIV Counselling and Testing, BP checkups among others. The service providers distributed IEC materials and Condoms. She also reported that 16 Days of Gender Activism was also commemorated with one satellite activity in Chikupi ward where the community was engaged and sensitized on GBV. Members of the Committee suggested that during the above program, all the Civic leaders be involved in the year 2025. Thereafter the report was Noted HESS/109/01/2025: DISTRICT COORDINATION It was reported that during the period under review, through DACA’s office, Churches Health Association of Zambia (CHAZ) in an effort to enhance HIV Prevention coordination among partners and Government institutions in the district, conducted a 4 days training at Mkango Golf view in Lusaka for Kafue and Chongwe districts. A total number of 30 participants from Kafue district were trained. As a result of this training, a Coordination Technical Work Group (CTWG) had been formed to improve coordination in the district. The committee compriseD of the key implementers of HIV/GENDER/HUMAN RIGHTS programs. Thereafter the report was Noted HESS/110/01/2025 : DISTRICT DATA REVIEW FOR 2024 It was reported that in closing of the year in 2024, the following was the overview of the District HIV Statistics: i. In of 2024, we tested 42,132 people for HIV, from of which 1,248 tested positive accounting for 3% positivity rate. ii. From the 1,248 tested positive, only 1,195 were initiated on ART accounting for 96% initiation rate. iii. From the total number tested 7,174 w ere adolescents (10 -24 years). of 7,174 adolescents tested, 64 tested positive giving a positivity rate of 0.8%. Out of 64 tested positive, 59 were initiated on ART. iv. Kafue district has an estimated number of 20,115 people living with HIV, however , only 18, 899 (cumulative) we re on treatment, giving a gap of 1,216. v. Of the 18,899 peo ple on treatment, 11,846 (63%) we re females and 7,053 (37%) were males.|https://www.kafuecouncil.gov.zm/?page_id=195|Council minutes 30 May 2025|2026-09-11
document_page|kafue_2025_council_minutes_page_0027|kafue_2025_council_minutes.pdf|Council minutes 30 May 2025|27|27 vi. As of 2024, Kafue district had an estimated number of 1,391 (cumulative) adolescents living with HIV, however only 1,312 adolescents were on treatment giving a gap of 79. vii. Kafue district also recorded a total number of 2,714 teen pregnancies. viii. A total number of 23,924 male condoms and 697 female condoms were distributed. Thereafter the report was Noted REPORT OF THE DIRECTOR HEALTH SERVICES HESS/111/01/2025 : COVID STATUS It was reported for information of the committee that the district tested 337 - suspected cases of Covid -19, in quarter 4, of 2024 of which 2 tested positive and no death was recorded. This yielded a positivity rate of 0.6% with no case fatality recorded during the quarter. The district had therefore tested a cumulative of 20 9,519 suspected covid-19 cases, with 4 ,598 positives, 4,551 recoveries and 49 deaths from the onset of Covid-19 to the end of quarter 4, 2024. The district had continued to actively search for these cases. Below was a table highlighting statistics Thereafter the report was Noted 337 2 0 0 50 100 150 200 250 300 350 400 Tested Positive Death SITUATION STATUS OF COVID-19 QTR 4,2024 IN KAFUE DISTRICT|https://www.kafuecouncil.gov.zm/?page_id=195|Council minutes 30 May 2025|2026-09-11
document_page|kafue_2025_council_minutes_page_0028|kafue_2025_council_minutes.pdf|Council minutes 30 May 2025|28|28 HESS/112/01/2025: MALARIA SITUATION It was reported for information of the committee that the District recorded Malaria incidence of: 2.5/1000 in quarter 4, 2024. Stratified Malaria Incidences per facility: The t op five facilities were; - Chisakila –45.3 /1000 - Lukolongo – 41/1000 - Kambale -22.1/1000 - Old Kabweza- 14.6/1000 - Kafue Mission– 5.1/1000 It was further reported that the district working together with Malaria Elimination Centre (NMEC) and Churches Association of Zambia (CHAZ) trained 180 Community Health W orkers in Integrated Community Case Managed (ICCM) to facilitate the early detection and treatment of malaria. Thereafter the report was Noted HESS/113/01/2025: HEALTH INFRASTRUCTURE It was reported for information of the committee that the council had handed over Chipongwe and Chilambila Rural Health Posts constructed under Constituency Development Funds. Staff had been identified but required accommodation in order to be operationalized. Other items required included Medical equipment and Furniture. The Director recommended for the consideration of, Construction of staff houses and provision of basic equipment and furniture. Thereafter, the report was NOTED REPORT OF THE DISTRICT FISHERIES AND LIVESTOCK COORDINATOR HESS/114/01/2025: UPDATE ON THE VACCINATION OF CATTLE AGAINST FOOT AND MOUTH DISEASE (FMD) It was reported for information of the committee that the Department of Veterinary Services through the Ministry of Fisheries and Livestock received 18,000 doses of Foot and Mouth Disease vaccines for the vaccination of cattle against Foot and Mouth Diseas e. The Department managed to vaccinate 15,009|https://www.kafuecouncil.gov.zm/?page_id=195|Council minutes 30 May 2025|2026-09-11
document_page|kafue_2025_council_minutes_page_0029|kafue_2025_council_minutes.pdf|Council minutes 30 May 2025|29|29 cattle against Foot and Mouth Disease in the all the Veterinary Camps of Kafue District. Thereafter the report was Noted HESS/115/01/2025: UPDATE ON THE 2024/2025 FISHING BAN IN UPPER KAFUE FISHERY It was reported for information of the committee that the Department of Fisheries had been undertaking the Fishing Ban enforcement water and land patrols since 1 st December 2024. In the Fourth quarter of 2024, the Department confiscated 1,500m of monofilament nets, 400 Kgs of fresh fish, and 5kgs of fingerlings obtained illegally from the Kafue River. The confiscated items were disposed off through the Courts of Law and that four people were arrested in the process and we re appearing in the Courts of Law. He further reported that the Department would continue to monitor and enforce the Fishing Ban, while providing the necessary guidance to all stakeholders. Thereafter the report was Noted REPORT OF THE DISTRICT SOCIAL WELFARE HESS/116/01/2025: CASH TRANSFERS It was reported to the Committee that the office received funds to pay beneficiaries for Social Cash Transfer (SCT) and Emergency Cash Transfer (ECT) WARDS/ACC 18 CWACS 90 NUMBER OF PAY POINTS 40 PAY POINT MANAGERS 39 PAYMENT PERIOD - NOVEMBER- DECEMBER 2024 BI-MONTHLY PAYMENT 1. SOCIAL CASH TRANSFER The total number of beneficiaries was 9,446 and was paid as follows:|https://www.kafuecouncil.gov.zm/?page_id=195|Council minutes 30 May 2025|2026-09-11
document_page|kafue_2025_council_minutes_page_0030|kafue_2025_council_minutes.pdf|Council minutes 30 May 2025|30|30 Social Cash Transfer (SCT) Rural Payments Total Number Of Rural Beneficiaries Total Number Of Rural Beneficiaries Paid Total Number Of Rural Beneficiaries Not Paid OTHER CATEGORIES DISABILITY TOTAL 4026 806 4832 4,793 39 Social Cash Transfer (SCT) Urban payments Beneficiaries under PSP were paid as shown in table below; PSP No OF BENEFICIARIES PAID NOT PAID COMMENT Airtel 4,426 4394 32 Payments still on-going Zoona 34 34 0 MTN 44 0 44 Payments still on-going Zamtel 30 30 0 Zanaco 45 45 0 TOTAL 4,614 4,538 76 HESS/117/01/2025 EMERGENCY CASH TRANSFER The total number of beneficiaries was 9,835 and was paid as follows TOTAL NUMBER OF ECT BENEFICIARIES TOTAL NUMBER OF ECT BENEFICIARIES PAID TOTAL NUMBER OF ECT BENEFICIARIES NOT YET PAID COMMENT 9,835 9620 215 Payments still on- going Challenges  Beneficiaries were still losing and blocking Simcards  Beneficiaries were not being available during payments  Inadequate office space|https://www.kafuecouncil.gov.zm/?page_id=195|Council minutes 30 May 2025|2026-09-11
document_page|kafue_2025_council_minutes_page_0031|kafue_2025_council_minutes.pdf|Council minutes 30 May 2025|31|31  Inadequate transport to respond to increased number of programs Thereafter the report was noted HESS/118/01/2025: REPORT FROM COMMUNITY DEVELOPMENT OFFICE Members were informed that the Table below summarized the activities of each subject and the details therein SUBJECT DETAILS VILLAGE BANKING Monitoring of 30 beneficiaries under village banking FOOD SECURITY PACK The Department in collaboration with Department of Agriculture trained the beneficiaries of FSP in all the eight Sub centers on Agricultural best practices. Kafue District had a total number of 1754 caseload. We distributed D Compound: 3,508 bags of 50Kgs Urea, 3,508 D Compound. 1,754 (10Kgs) bags of maize and yet to give all the 1754 a 10 Kgs of legumes. The Department is also recovering paybacks from the 500 traditional wetlands and the 1,800 beneficiaries of Emergency wetlands. Community Trainings 12 Women clubs were trained in all the seven Sub centers on savings and entrepreneurship and skills management. A total of 349 women were trained. Thereafter the report was, Noted HESS/119/01/2025: CONFIRMATION OF MINUTES The minutes of the Health Environment and Social Services Committee were presented before the committee for confirmation On a proposal by Councillor Emmanuel Miyanda and seconded by Councilor John Mikaya it was RESOLVED THAT The minutes of the Health Environment and Social Services held on Wednesday 15 th January 2025 be confirmed as a true reflections of the proceedings of the meeting. CLOSING REMARKS AND PRAYER The Chairperson thanked all the members for their good contribution and for their endurance and persevera nce throughout the period of the meeting.|https://www.kafuecouncil.gov.zm/?page_id=195|Council minutes 30 May 2025|2026-09-11
document_page|kafue_2025_council_minutes_page_0032|kafue_2025_council_minutes.pdf|Council minutes 30 May 2025|32|32 THERE BEING NO ANY OTHER BUSINESS TO TRANSACT THE CHAIRPERSON THANKED EVERYONE FOR ATTENDING THE MEETING DECLARED IT CLOSED AT 15:21 HOURS WITH A PRAYER FROM HOPE KAWEWE THE COMMUNITY DEVELOPMENT OFFICER. CONFIRMED THIS……………DAY OF ………….......................2025 ……………………………………………………………………… Councillor Modester Nyambe COMMITTEE CHAIRPERSON|https://www.kafuecouncil.gov.zm/?page_id=195|Council minutes 30 May 2025|2026-09-11
document_page|kafue_2025_council_minutes_page_0033|kafue_2025_council_minutes.pdf|Council minutes 30 May 2025|33|33 KAFUE TOWN COUNCIL MINUTES OF THE LIQUOR LICENCING COMMITTEE MEETING HELD IN THE COUNCIL CHAMBER, CIVIC CENTRE, ALONG LUANGWA DRIVE KAFUE, ON THURSDAY 23RD JANUARY, 2025 AT O9:55 HOURS. COUNCILLORS PRESENT Kelly Liwanga - Chairperson Comply Siamungala - Chisakila Ward Edwin.S. Shabusale - Kafue Ward Dr Luvious M. Malikopo - Deputy Chairperson (EX-OFFICIO) APOLOGY Cllr Jones Katiyo - Chiawa Ward Dr. Buumba Malambo - Council Chairperson ( EX-OFFICIO) OFFICERS IN ATTENDANCE Bupe Mutanya - Council Secretary Mbowela Arthur - Director Human Resource & Administration Eng.Maxon Nketani - Director Engineering Services Tozya M. Jengajenga - Director Planning Chilombo Chizawu - Senior Legal Assistant Lucy Kanungwe - Chief Licensing Officer Collins Chisenga - Chief Committee Clerk Kamiji Mbilika - Chief Administrative Officer Connie C. Kapatamoyo - Assistant Procurement Officer Martha G.Chibanga - Internal Auditor Dr.Perfecto. B. Kabanshi - Fisheries and Livestock Justin Phiri - CHEPP District Health Office Chisotwa Muyembe - District Health Officer Besnart Zulu - Public Relations Officer Eng. Bwalya Kapansa - Land Surveyor Nathan Kamandala - Environmental Health Technologist Bestone Hamaimbo - Committee Clerk Lister Mpande - Assistant Committee Clerk Lynn Muzilika - Ag. Assistant Committee Clerk|https://www.kafuecouncil.gov.zm/?page_id=195|Council minutes 30 May 2025|2026-09-11
document_page|kafue_2025_council_minutes_page_0034|kafue_2025_council_minutes.pdf|Council minutes 30 May 2025|34|34 The Meeting was called to order at 09:55 hours PRAYER The opening prayer was offered by Mr. Mbowela Arthur Director Human Resource and Administration NOTICE OF MEETING The Notice convening the Meeting was read by the Council Secretary Mr. Bupe Mutanya LQLS/16/01/25 ELECTION OF THE COMMITTEE CHAIRPERSON Pursuant to the provisions of section 15, subsection 11 (3) of the Local Government Act No .2 of 2019 as re ad together with Standing Orders No 4 (1) and on a proposal by Councilor Comply Siamungala duly seconded by Councillor Edwin S. Shabusale, it was RESOLVED THAT Councillor Kelly Liwanga be elected as Chairperson of Liquor Licensing Committee LQLS/17/01/25 CHAIRPERSON’ S OPENING REMARKS The C hairperson welcomed and thanked all members for attending the meeting and electing him as Chairperson for the Committee. He also urged the members to Participate freely on the matters presented before them. Having said that, he declared the meeting open. LQLS/18/01/25 DECLARATION OF INTEREST No officer or Councillor declared interest on any matter. LQLS/19/01/25 2024 GRANTS AND RENEWAL OF LIQUOR LICENSES The Senor Legal Officer reported for the information of the Committee that the list below show ed the Trading Premises inspected by the Public Health Section in the enforcement and regulation of the Liquor Licensing Act of 2011 for the trading premises inspected by the public Health team for the 2024 licensing period.|https://www.kafuecouncil.gov.zm/?page_id=195|Council minutes 30 May 2025|2026-09-11
document_page|kafue_2025_council_minutes_page_0035|kafue_2025_council_minutes.pdf|Council minutes 30 May 2025|35|35 BUSINE SS NAME LOCATION PE RMIT NUMBE R PHONE AMOUNT COMMENT 1 PICK N PAY ZAMBIA LTD KAFUE RIVER MALL 461 977639777 3500 Renewal 2 SINKALA CHOLA BAR ZC 462 1500 Grant 3 SHOW TIME BONANZA KAFUE TOWN 467 779840003 500 Renewal 4 INONGE BAR KASAMA ROAD 481 1000 Grant 6 TOPS MINIMART KAFUE 665 961888494 1500 Grant 7 MAMA TS LIQU0R STORE KAFUE 772144992 3400 Renewal 8 EMPIRE NIGHT CLUB KAFUE 772144992 6176 Renewal 9 LIQUID VIP LOUNGE KAFUE 674 777194821 2500 Grant 10 CRESTA MEADAWS BAR KAFUE 681 766914160 1915 Grant 11 KAFUE DREAMS KAFUE 670 771013123 3500 Renewal 12 IMANI JOSEPH MAHOPA 711 500 Underpayment/ Improper Location 13 CHOFRAN DISTRIBUTORS SHIKOSWE 718 977300346 2000 Renewal 14 KAMINAS WHOLESALE LIQUOR KAFUE 727 771318636 2000 Renewal 15 RABBECCAS KITCHEN KAFUE 585 1500 Pending Documentation 16 TAONEKA WHOLESALE KAFUE 578 1500 Renewal|https://www.kafuecouncil.gov.zm/?page_id=195|Council minutes 30 May 2025|2026-09-11
document_page|kafue_2025_council_minutes_page_0036|kafue_2025_council_minutes.pdf|Council minutes 30 May 2025|36|36 17 WILDTRACK LODGE KAFUE LOWER ZAMBEZI 870 3500 Renewal 18 ELVISHATEMBO KAFUE ZC 872 500 Underpayment 19 TETIWE AGNESS KAFUE TOWN 891 1500 Grant 20 MATHEWS KASAMA KAFUE ROD BRIDGE 842 973287610 1500 Grant 21 CHILESHE SASHI ZC 849 971955167 500 underpaid 22 EMMANUEL CHEWE SHIKOSWE 832 976280065 500 Grant 23 JULIAN CHIRUKUMA SHIKOSWE 738 977873759 500 underpaid 24 OUT OF TOWN LODGE BAR CHAWAMA 821 974892422 1500 Renewal 25 KAKATE KAMINA KAFUE 727 771318636 2000 Renewal 26 JADOC BAR KAFUE TOWN 746 972564460 1500 Renewal 27 NAMONJE LIQUOR STORE SHIKOSWE 838 975452858 1500 Renewal 28 MJ'S CHILL POINT KAFUE 906 966953551 1500 Renewal 29 FIRST AND BEST MINIMART LILAYI 937 7703460450 1000 Renewal 30 OUT OF TOWN LODGE BAR CHAWAMA 933 974892422 1500 31 SYDNEY MBEWE LIQUOR STORE SHIKOSWE 942 971766632 1500 improper Location 32 LEXS LODGE AND NIGHT CLUB CHALALA 946 975705555 1500 Renewal|https://www.kafuecouncil.gov.zm/?page_id=195|Council minutes 30 May 2025|2026-09-11
document_page|kafue_2025_council_minutes_page_0037|kafue_2025_council_minutes.pdf|Council minutes 30 May 2025|37|37 33 THE BOB PUB AND GRIL LILAYI 947 962009277 1500 Grant 34 BLUE HAVEN PUB AND GRIL LILAYI 948 767487516 1500 Renewal 35 SPOT VIEW PUB AND GRILL CHALALA 949 976823809 150 Gant 36 BEM VINDO PUB AND GRILL MAHOPO 950 766459957 1500 Renewal 37 ZAMBIAN BREWERIES KAFUE 951 974506223 5000 renewal 38 PA CHILABI BAR LILAYI 952 977639261 1500 renewal 39 THE YARD CAFÉ SHANTUMBO RD 953 962467333 1500 renewal 40 GRADMAS DEN CHALALA 971 976457606 1000 Grant 41 KAJOCHI MINIMART 2 SHANTUMBU 981 976379110 1000 renewal 42 SECOND LIFE SHOP LILAYI 982 770800357 1000 renewal 43 INONGE BAR KASAMA ROAD 481 1000 Grant 44 EDWARD MUMBA 571 977229512 1500 renewal 45 CHEERS MINI MART LILAYI 572 2500 renewal 46 CLEMENT KATONGO ESTATES C5 719 renewal 47 KALAYIM INVESTMENTS TOWN CENTER 754 renewal 48 KAFUE RIVER CLIFF OLD LIVINGSTONE ROAD 766 966103670 2500 renewal 49 CHITA LODGE 772 955750184 3500 renewal 50 THE LIQUOR BANK AUGUSTINE LUNGU ROAD 786 renewal|https://www.kafuecouncil.gov.zm/?page_id=195|Council minutes 30 May 2025|2026-09-11
document_page|kafue_2025_council_minutes_page_0038|kafue_2025_council_minutes.pdf|Council minutes 30 May 2025|38|38 51 CAPTAIN BENSON MPUNDU SHIKOSWE 898 976668258 1500 Grant 52 BM MALISAWA SHIKOSWE 926 977416173 1500 renewal 53 BANGWE BAR KAFUE TOWN 930 972491271 1500 Renewal 54 PALI BA EMMA LIQUOR SHIKOSWE 942 971766632 renewal 55 THE BOB PUB AND GRILL LILAYI 946 975705555 1500 grant 56 SHOLA MINIMART CHALALA 963 976046267 1500 renewal 57 Quiet Waters Muchuto Grant 58 MWAZINGATI POOL CLUB CHALALA 977650853 1500 Grant 59 BLESSING SHOP CHALALA 500 Underpayment 60 BLESSINGS SAVING SHIKOSWE 977570176 1000 Underpayment 61 JAFKA PUB 2 SHANTUMBU 971613438 1500 Grant 62 TOGETHER AS ONE SHANTUMBU 974318822 1500 Grant 63 COGETLAMP SHOP CHANYANYA 770027315 1500 Grant 64 GRACE OF GOD GROCERY KAFUE EAST 7766634194 1000 Underpayment 65 NGUZU MALT FASH BUTT 977699464 1500 Grant 66 QUEENS PUB AND GRILL APEX AREA 970476271 1500 Grant 67 CHARLES KAUSENI KAFUE EAST 974193005 1000 Underpayment 68 GUNNERS PUB Z/C 975208882 1500 Grant 69|https://www.kafuecouncil.gov.zm/?page_id=195|Council minutes 30 May 2025|2026-09-11
document_page|kafue_2025_council_minutes_page_0039|kafue_2025_council_minutes.pdf|Council minutes 30 May 2025|39|39 Thereafter the matter was NOTED. 70 SIMAITA ENTERPRISE BAR AND RESTAURANT SHIMABALA 975607652 1500 Grant 71 PAIX BAR ZNS ROAD 1500 Renewal|https://www.kafuecouncil.gov.zm/?page_id=195|Council minutes 30 May 2025|2026-09-11
document_page|kafue_2025_council_minutes_page_0040|kafue_2025_council_minutes.pdf|Council minutes 30 May 2025|40|40 LQLS/20/01/25 ONGOING 2025 LIQUOR LICENSING GRANTS AND RENEWAL It was reported for the information of the committee that the following list of applicants for Grant Liquor Licenses and Renewals for the year 2025 was shown in the table below BUSINESS NAME LOCATION COMMENT HEALTH PERMIT STATUS INSPECTION STATUS STATUS KAKATE Kafue Town Renewal To be issued once health permits are available. Inspected No objection LUNCH PUB AND DREAMS Kafue Town Renewal To be issued once health permits are available. Inspected No objection MAMA GS Kafue Town Renewal To be issued once health permits are available. Inspected No objection PICK N PAY Kafue River Mall Renewal To be issued once health permits are available. Inspected No objection CHOPPIES Kafue Town Renewal To be issued once health permits are available. Inspected No objection TEZA BAR Shantumbu Renewal To be issued once health permits are available. New application No objection EMPIRE Kafue Town Renewal To be issued once health permits are available. Inspected No objection BIGGIES NIGHT CLUB Estates Renewal To be issued once health permits are available. Inspected No objection ROYAL PARK WATER FRONT Kafue Road Bridge grant To be issued once health permits are available. New application No objection BIG FISH BAR Kafue Town Renewal To be issued once health permits are available. Inspected No objection NAMONJE BAR Kafue Town Renewal To be issued once health permits are available. Inspected No objection POP SOUND BAR Kafue Town Renewal To be issued once health permits are available. Inspected No objection CHEERS SUPERMARKET Chalala grant To be issued once health permits are available. New application No objection G-GREENS BAR Lilayi Renewal To be issued once health permits are available. Inspected No objection KALOS LODGE Chalala Renewal To be issued once health permits are available. Inspected No objection|https://www.kafuecouncil.gov.zm/?page_id=195|Council minutes 30 May 2025|2026-09-11
document_page|kafue_2025_council_minutes_page_0041|kafue_2025_council_minutes.pdf|Council minutes 30 May 2025|41|41 PACHECHE LODGE Chalala Renewal To be issued once health permits are available. Inspected No objection FOX LODGE Chalala Renewal To be issued once health permits are available. Inspected No objection KULU LODGE Lilayi Renewal To be issued once health permits are available. Inspected No objection UMOJA LIQUOR STORE PS Mall Renewal To be issued once health permits are available. Inspected No objection DAHIMU MINIMART Chalala Renewal To be issued once health permits are available. Inspected No objection CHOPPIES NEW KASAMA New Kasama grant To be issued once health permits are available. New application No objection GOLD COMPLEX BAR Shantumbu Renewal To be issued once health permits are available. Inspected No objection JAFKA BAR Shantumbu Renewal To be issued once health permits are available. Inspected No objection BUMBUM LIQOUR STORE Shantumbu Renewal To be issued once health permits are available. Inspected No objection After due consideration and on a proposal by Councilor Comply Siamungala and duly seconded by Councillor Edwin S. Shabusale, it was RECOMMENDED THAT The above applications for Grants of Liquor Licences and renewal be approved LQLS/21/01/25. REPORT ON NIGHT PATROL OPERATIONS It was reported to the committee that the Health S ection, accompanied by Council Police and in collaboration with the State Police carried out a night patrol Operation in accordance with the enforcement and regulation of the Liquo r Licensing Act of 2011 on the 5th October 2024. The Purpose of the operations was to follow up on reports /complaints of Noise pollution and late closure of B ars and liquor trading premises, t o ensure compliance with the stipulations of the permitted hours of operations. Members were informed that the following were the activities carried out|https://www.kafuecouncil.gov.zm/?page_id=195|Council minutes 30 May 2025|2026-09-11
document_page|kafue_2025_council_minutes_page_0042|kafue_2025_council_minutes.pdf|Council minutes 30 May 2025|42|42 i. Closure of premises due to;  Late closure  Non-possession of trading permits ii Seizure and revocation of trading licenses. iii Seizure and confiscation of Alcohol. iv Investigations of complaints received. iv The number of closed premises were 9 closed down over the long weekend period. It was further reported that 9 premises were since closed down. Thereafter the report was Noted LQLS/21/01/25 CONFIRMATION OF MINUTES The minutes of the Health Environment and Social Services Committee were presented before the committee for confirmation On a proposal by Councillor Emmanuel Miyanda and seconded by Councilor John Mikaya it was RESOLVED THAT The minutes of the Liquor Licencing held on Thursday 23rd January 2025 be confirmed as a true reflections of the proceedings of the meeting. CHAIRPERSON’S CLOSING REMARKS The Chairperson thanked all members present for their fruitful and good contributions and deliberations during the meeting. THERE BEING BEING NO OTHER BUSINESS TO DELIBERATE ON, THE CHAIRPERSON DECLARED THE MEETING OFFICIALLY CLOSED AT 10:30 HOURS WITH A PRAYER BY COUNCILOR COMPLY SIAMUNGALA. CONFIRMED THIS……………DAY OF ………….......................2025 ……………………………………………………………………… COUNCILLOR KELLY LIWANGA COMMITTEE CHAIRPERSON|https://www.kafuecouncil.gov.zm/?page_id=195|Council minutes 30 May 2025|2026-09-11
document_page|kafue_2025_council_minutes_page_0043|kafue_2025_council_minutes.pdf|Council minutes 30 May 2025|43|43 KAFUE TOWN COUNCIL MINUTES OF THE PLANS, WORKS DEVELOPMENT AND REAL ESTATE COMMITTEE MEETING HELD IN THE COUNCIL CHAMBER, CIVIC CENTRE, ALONG LUANGWA DRIVE KAFUE, ON TUESDAY 18 th FEBRUARY 2025 AT 10:55 HOURS. COUNCILLORS PRESENT Malumbe Legitimate - Chairperson ( Chikupi Ward) Berejena Robby - Kambale Ward Shikabeta Edwin.S - Shabusale Ward Dr Luvious M. Malikopo - Deputy Chairperson (Ex-Officio) APOLOGY HRH Chieftainess Chiyaba OFFICERS IN ATTENDANCE Bupe Mutanya - Council Secretary Eng.Maxon Nketani - Director Engineering Services Brenden Machila - Director Finance Dr. Raphael Muyaule - District Agriculture Coordinator Naomi Hamaamba - Chief Health Inspector Mumpisa S. Mwenge - Chief Accountant Collins Chisenga - Chief Committee Clerk Kamiji Mbilika - Chief Administrative Officer Moono Hacheendo - Town Planner Connie C.Kapatamoyo - Assistant Procurement Officer Bestone Hamaimbo - Committee Clerk ____________ The meeting was called to order at 10:50 hours ____________|https://www.kafuecouncil.gov.zm/?page_id=195|Council minutes 30 May 2025|2026-09-11
document_page|kafue_2025_council_minutes_page_0044|kafue_2025_council_minutes.pdf|Council minutes 30 May 2025|44|44 OPENING PRAYER The opening Prayer was offered by Councilor Robby Berejena PWDRE/422/02/25 NOTICE OF MEETING The Notice convening the Meeting was read by the Council Secretary Mr. Bupe Mutanya. PWDRE/423/02/25 CHAIRPERSON ‘S OPENING REMARKS The Chairperson welcomed and thanked all members for attending the meeting he encouraged everyone to participate freely and bear in mind that the decisions being made in the meeting affect the people of Kafue as a whole. PWDRE/424/02/25 DECLARATION OF INTEREST The Council Vice Chairperson declared interest during consideration of item number PWDRE/140/02/25 REPORT OF THE DIRECTOR OF PLANNING PWDRE/425/02/25 DEVELOPMENT CONTROL The Chief Health Inspector reported for information of the committee that the department undertook inspections in various areas for various causes as shown below: S/N AREAS INSPECTED REMARKS 1 Kasengele Court cases caused by encroachments and boundary disputes. Acquiring of new occupancy Licenses. 2 Shimabala As per request from ministry of land to upgrade titles. 3 Shikoswe Change of ownerships and acquiring of occupancy Licenses. 4 Kafue West Change of Ownerships and acquisition of occupancy licenses. 5 Kafue East Acquisition of occupancy and change of ownership. 6 Green filed Court cases. Acquiring of title as requested by ministry of lands. 7 Chawama Acquiring of new occupancy Licenses. 8 Hill View Encroachments and acquisition of occupancy licenses. Thereafter the report was Noted.|https://www.kafuecouncil.gov.zm/?page_id=195|Council minutes 30 May 2025|2026-09-11
document_page|kafue_2025_council_minutes_page_0045|kafue_2025_council_minutes.pdf|Council minutes 30 May 2025|45|45 PWDRE/426/02/25 SCRUTINY OF BUILDING PLANS It was reported for information of the committee that during the quarter under review, a total of thirty one ( 31) copies of building plans were received by the section for approval, endorsement and scrutiny. Stage by stage inspection was also conducted. The table below tabulated the applications received S/ N Type Of Development Number Of Applicants Disapprove d Approved 1 Residential 24 8 16 2 Commercial 6 1 5 3 Industrial 1 0 1 The table below showed the Building Inspection Stages NB: All construction sites mentioned had ongoing construction works in progress. The report was Noted PWDRE/427/02/25 BUILDING COMPLIANCE INSPECTIONS It was reported for information of the committee that the inspections for building compliance had been ongoing and a total number of 102 stop orders had been issued to non - complying developers and land ownership disputes so far. Thereafter the report was Noted S/N Location of the Developments No. of Applicants Number of Stages 1 Kafue East 1 1 2 Kafue West 1 2 3 Community 7 Estates 2 2 4 MFEZ 1 4 5 Kafue township 1 1 6 Shimabala 1 2 7 Kalundu View 1 1|https://www.kafuecouncil.gov.zm/?page_id=195|Council minutes 30 May 2025|2026-09-11
document_page|kafue_2025_council_minutes_page_0046|kafue_2025_council_minutes.pdf|Council minutes 30 May 2025|46|46 REPORT OF THE DISTRICT AGRICULTURE COORDINATOR PWDRE/428/02/25: DROUGHT EMERGENCY RESPONSE AND RESILIENCE PROGRAMME, FOOD AGRICULTURE ORGANISATION The District Agriculture Coordinator reported for information of the committee that the Ministry of Agriculture in conjunction with the Food Agriculture Organisation (FAO), in response to the drought situation of the 2024, set to operate in Kafue district to assist small holder farmers with agricultural inputs to enhance food security. The programme identified and targeted 1,320 individual farmers from the 7 of the 18 agricultural camps. He also reported that the camps included Chikupi, Magoba, Kasaka, Kapongo, Nankanga and Chipapa. The meeting was informed that the pack comprised of 1 x 50Kg D-Compound, 1 x 50Kg Urea, 1 x 2Kg cow peas, 1 x 2Kg common beans and 1 x 5Kg maize seed. These inputs were distributed starting mid -December, 2024, redeemable with selected agro dealers upon receipt of E - vouchers. Successes.  The programme managed to distribute inputs to all the targeted farmers  The beneficiaries managed to redeem the inputs in the months of December, 2024 and January 2025. Challenges  Interrupted network most of the times.  Unavailability of inputs in the agro shops at the start of the distribution.  Inability of the district to edit farmer details that were wrongly captured in the initial stages delayed the programme a bit. The report was Noted|https://www.kafuecouncil.gov.zm/?page_id=195|Council minutes 30 May 2025|2026-09-11
document_page|kafue_2025_council_minutes_page_0047|kafue_2025_council_minutes.pdf|Council minutes 30 May 2025|47|47 PWDRE/429/02/25: SUSTAINABLE AGRICULTURE FINANCE FACILITY (SAFF) The District Agriculture Coordinator reported for information of the committee that the Government of the Republic of Zambia, through the Ministry of Agriculture was implementing an enhanced Agricultural Input and implement support through a loan system. Small holder farmers and Small, Medium Enterprises had been afforded an opportunity to borrow at negotiated interest rate with some commercial banks. He informed the meeting that the programme commenced by offering loans on Seasonal cropping and would soon transition into Livestock and implements loans. So far 87 loans had been disbursed with amounts ranging from K30,000 to K500, 000. Challenges  Little understanding of small holder farmers on who should apply for the facility  Inadequate funds to go around the overwhelming response.  Lack of feedback mechanism to the unsuccessful applicants Thereafter the report was Noted PWDRE/430/02/25: FARMER INPUT SUPPORT PROGRAMME (FISP) The District Agriculture Coordinator reported for information of the committee that the Ministry of Agriculture through support from the Government of the Republic of Zambia had been supporting over 1 million farmers with Agricultural inputs country wide through an electronic voucher system. He reported that Kafue district had 12,000 targeted small holder farmers selected from 350 cooperatives. The selected farmers had to make a farmer contribution of K400.00 to match the K8,000.00 that government made to make a total of K8,400 E-voucher value. This amount was meant to redeem 3 x 50Kg bags of D comp, 3 x 50Kg bags of Urea, 1 x 10Kg maize seed, 1 x 20Kg Groundnuts or 1 x 25Kg Soya beans and any other items redeemable in the remaining amount. The meeting was informed that all the 12, 000 farmers deposited successfully, out of which 5,611 fully and 6,382|https://www.kafuecouncil.gov.zm/?page_id=195|Council minutes 30 May 2025|2026-09-11
document_page|kafue_2025_council_minutes_page_0048|kafue_2025_council_minutes.pdf|Council minutes 30 May 2025|48|48 partially redeemed respectively. Unfortunately, 07 farmers didn’t redeem even when they had received the codes and follow up messages sent to them. Thereafter the report was Noted PWDRE/431/02/25: YOUTH SKILLS TRAINING SCHOLARSHIPS OPPORTUNITIES The District Agriculture Coordinator reported for information of the committee that the Government of Zambia had through the Ministry of Agriculture received funding from Afri can Development Bank to support the Chiansi Smallholder Outgrower Support Project (COSP) for a duration of five (5) years. The project is located in Chiansi area under Chikupi ward. The project targets to develop an irrigation scheme covering up to 600 hectares, which will directly benefit 600 households. He further reported that alongside the irrigation programme came social components that included capacity building in 1500 youths (50% female) within the project area s and it was in this vain that the project had offered to support 500 youths that were willing to develop skills in various disciplines including General Agriculture, Plumbing, Carpentry and Joinery, Elect rical ,T ailoring and designing, Home management and catering, Sheet and Metal fabrication, Plastering and Bricklaying and any other relevant skills. Thereafter the report was Noted DIRECTOR OF ENGINEERING SERVICES PWDRE/432/02/25: REPAIR OF THE OLD COUNCIL GRADER The Director Engineering Services reported for information of the committee that the old Council grader had been down with an engine problem for over a year now and with the rise in demand for road maintenance works, consideration was being proposed to procure a new engine rather than repairing the problematic one. He reported that with a new engine, there would be guaranteed of more production than down time. Members wanted to know if there were othe r mechanical problems with the Grader.|https://www.kafuecouncil.gov.zm/?page_id=195|Council minutes 30 May 2025|2026-09-11
document_page|kafue_2025_council_minutes_page_0049|kafue_2025_council_minutes.pdf|Council minutes 30 May 2025|49|49 In response , the meeting was informed that the person/company that would be engaged would have to do a thorough assessment of the machine to determine other mechanical problems that might have arose. After due consideration and on a proposal by Councilor Robby Berejena and seconded by Councilor Edwin Shikabeta it was, Recommended that The proposal to procure a new engine for the Grader be approved PWDRE/433/02/25: CDF PROJECT UPDATE The Director of Engineering Services reported for information of the Committee that the table below highlighted the projects being undertaken, source of funding and the status as at 6 th February 2025. S/N PROJECT NAME WARD FUNDING STATUS COMMENT 1. Magoba 1x3 CRB blown off roof Magoba 2023 CDF Disaster 100% Completed and the School was using the facility. 2. Rehabilitation of Kanyangala RHC and Staff House Chitende 2023 CDF Disaster 100% Completed pending handover 3. Construction of Mahopo Clinic ablution Chisankane 2023 CDF Disaster 100% Completed pending handover. 4. Completion of Shantumbu Police Post Chisankane 2023 CDF 100% Completed pending handover. 5. Supply of 200 Desks – Agreewill Enterprises 2023 CDF 0% Contractor unresponsive and contract recommended to procurement committee for termination. 6. Construction of C5/C7 bridge Kansenje 2023 CDF 98% The contractor remains with casting of concrete on both approaches to the bridge and painting of guard rails|https://www.kafuecouncil.gov.zm/?page_id=195|Council minutes 30 May 2025|2026-09-11
document_page|kafue_2025_council_minutes_page_0050|kafue_2025_council_minutes.pdf|Council minutes 30 May 2025|50|50 7. Completion of Mulangwa Prm Sch Kambale 2022 CDF 0% New contract was awarded and the contract or pushed in claim for advance payment high could not be processed at the time due to delayed CDF funding. With the heavy rains experienced, the site had become inaccessible. 8. Construction of 1x3 CRB at Shikoswe Sec Sch Shikoswe 2024 CDF 80% Substructure/ Superstructure block work and the roof was completed. Contractor wa s currently plastering the structure. Works stalled for over a month due to delayed CDF funding 9. Construction of 1x3 CRB at Mutendere Sec Sch Shabusale 2024 CDF 85% Substructure/ Superstructure block work and the roof was completed. Window/door frames ha d also been installed. Contractor was plastering the structure. Works stalled for over a month due to delayed CDF funding 10. Construction of 1x3 CRB at Muchuto Prm Sch Kafue 2024 CDF 80% Substructure/ Superstructure block work and roofing was completed. Contractor wa s now plastering the structure. Works stalled for over a month due to delayed CDF funding 11. Construction of 1x3 CRB at Shampeyo Prm Sch Chisakila 2024 CDF 70% Substructure/ Superstructure block work completed. Contractor currently working on the roof. Works stalled for over a month due to delayed CDF funding 12. Construction of 1x3 CRB at Shamanjanji Prm Sch Malundu 2024 CDF 10% Contractor deserted site and the project had been recommended to procurement committee for termination. 13. Construction of Dining hall at Chitende Prm Sch Chiawa Central 2024 CDF 75% Substructure/ Superstructure block work completed. Contractor is currently on the roof level. Works stalled for over a month due to delayed CDF funding|https://www.kafuecouncil.gov.zm/?page_id=195|Council minutes 30 May 2025|2026-09-11
document_page|kafue_2025_council_minutes_page_0051|kafue_2025_council_minutes.pdf|Council minutes 30 May 2025|51|51 14. Spot gravelling on Shantumbu road Chisankane 2024 CDF 15% 2km ha d been worked on using community mobilised resources. Works to continue using the delayed cdf funding 15. 4Km of spot gravelling on Kasengele roads Kafue 2024 CDF 100% Works were completed. 16. 4Km spot gravelilng on Matanda roads Matanda 2024 CDF 0% Works were Scheduled to commence immediately the works on Shantumbu road were completed. 17. Completion of Kasenje Pri Sch ablution Kasenje 2024 CDF 90% The contractor remaining with painting works and connection of water. 18. Construction of Kambale market ablution Kambale 2024 CDF 45% The contractor had completed the substructure and part of the superstructure blockwork. Works stalled for over a month due to delayed CDF funding 19. Supply of 3000 Desks Various Wards 2024 CDF 12.2%  Awarded to 15 suppliers  5 Suppliers paid advance payment on 31st January, 2025  1 Supplier fully completed the works  2 Suppliers partially supplied the desks Thereafter the report was Noted PWDRE/434/02/25: RURAL WATER The Director of Engineering Services reported for information of the committee that the Council received contractors from the Ministry of Water Development and Sanitation to construct nine (9) water borne ablution blocks in Kafue district. The table below indicated the sites handed over to the contractors. SN WARD LOCATION CONTRACTOR 1. Mungu Chikoka Primary School Luged Investments Ltd 2. Matanda Kasaka Primary School 3. Shikoswe Shikoswe Primary School 4. Magoba Chikwama Primary School|https://www.kafuecouncil.gov.zm/?page_id=195|Council minutes 30 May 2025|2026-09-11
document_page|kafue_2025_council_minutes_page_0052|kafue_2025_council_minutes.pdf|Council minutes 30 May 2025|52|52 5. Kafue Kaseba Primary School Sundisk Investment Ltd 6. Kafue Nakatete Secondary School 7. Kafue Kafue Day Secondary School 8. Chisakila Chisakila Primary School 9. Chiawa Kanyangala Primary School Thereafter the report was Noted REPORT OF THE COUNCIL ADVOCATE PWDRE/435/02/25: APPLICATION FOR CHANGE OF OWNERSHIP The Senior Legal Assistant reported for the consideration of the committee that the department of Legal was in receipt of the following applications for change of ownership from various applicants tabulated in the table below. S/No Property No From To 1 KESS 212 Violet Simamba Trudy Monde Malamo 2 KAF/2659 ST AMBROSE AREA Sekeli Sitali Sydney Siwakwi 3 N/KEE/458 Titamenji. C Meleki Chama M. Mwewa 4 B29/11 Kelvin Kayuni Mirriam Ndhlovu 5 HV/P/108 Albertina Banda Hibajene Mulunda And Catherine Mweene Siakoola Mulunda 6 HV/F/24 Gaston Kankwende Maxwell Kwembe 7 JVSS / 74 Suzyo Lungu Mwando Chilala 8 724/1031 Simudenda Akakulubelwa Chiyanika Matildah Mwangala 9 KESS / 456 Diana Funga Winnety Michelo 10 NKW/025 A/B Godwin Chalwe Moses Simusokwe 11 1/21 Lumumba Section Of Zambia Compound Joseph Bulongwe Mary Chileshe 12 KDC/SHIM/030 Cosuny Chiban Willard Siame 13 B 33/5 Lyness Ngoma Susan Kamuchanga 14 N.86 Mukuka Chewe Micheal Leempe 15 FB2/1 Pamela Kalubangwe Brian Joe Pimpa|https://www.kafuecouncil.gov.zm/?page_id=195|Council minutes 30 May 2025|2026-09-11
document_page|kafue_2025_council_minutes_page_0053|kafue_2025_council_minutes.pdf|Council minutes 30 May 2025|53|53 After due consideration and on a proposal by Councilor Edwin S Shikabeta and duly seconded by Councilor Robby Berejena it was RECOMMENDED THAT The above applications for Change of ownership received from the above applicants be approved. At this juncture the Vice Council Chairperson Dr. Luvious Maiya Malikopo declared interest and left the meeting PWDRE/436/02/25: APPLICATION FOR OCCUPANCY LICENCES The Senior Legal Assistant r eported for information of the Committee that her department was in receipt of applications for occupancy licenses and offer letters as shown on table ‘A’ and ‘B’ respectively. TABLE A S/N O PLOT OWNER PLOT NUMBER 1 Akufuna Namutabo NKW/076 2 Micheal Katongo Chiti S76/22 3 Oliver Mukuwe Mukuwe KEE 87 4 Getious Choonya Z8/193B 5 Osward Nsongola KVE/MC 181 6 Zaziwe Hope Siakajompa And Mzenzi Kasonde Siakajompa F/458a 7 Linenga Milliner Malwa KVM/10 8 Winters Mudala KEE/494 9 Musonda Kabwela And Katongo Kabwela KEE/462B 10 Clifford Mweene S11/14 11 Ackim Phiri KDC/VV/BM1151 12 Ommie Chibuye KESS/ 119 13 Japhet Phiri KDC/VV/414|https://www.kafuecouncil.gov.zm/?page_id=195|Council minutes 30 May 2025|2026-09-11
document_page|kafue_2025_council_minutes_page_0054|kafue_2025_council_minutes.pdf|Council minutes 30 May 2025|54|54 14 Donald Sikayuta ZSZ10/063B 15 Brian Mwinga HV/A/193 16 Francis Bweupe SSZ1/003B 17 Gladys Celine Kakompe KW/120 18 Nyrongo Faston KEE/94 19 Willies Mwamba KW/A99/B 20 Josph Simpungwe Z1/5 21 Boston Muleya KW/A109A 22 Simudenda Chiyanika 724/1031 23 Kebby Mulwanda KDC/KRV/149 24 Asford Mununga KW/F/130 25 John Chanda Mpundu 724/594 26 Selina Mshanga HV/ARAB/139 27 Steven Silombwana Simunji F.36/19 28 Chihonde Chihonde & Ivy Mumba KV/MC/188 29 Thomas Muwowo B.11/18 30 Osward Nsongola HV/N/121 31 Josphat Phiri KDC/VV/460 32 Chisanga Paarker F.558/113 33 Laureen Mulemwa B.28/4 34 Ignatius Chimwemwe HV/N/A 124 35 Mazili Gwen Nauluta HV/N/110 36 Catherine Hamakumba KEE/287 37 Chalwe Godwin NKW/025 38 Sanny Nathan Lukama KEE/545 (B) 2 39 Mvula Petersen HV/P/76 40 Frank Banda & Nevy Silomba KEE/495(2) 41 Hellen Mambwe Chibuye KEE/31A 42 Wiliam Chizente KES/175 43 Irrene Kaila HV/G/22 44 Mazili Gwen Nauluta HV/P/110 45 Docrine Mutinta Simukali KESS/143 46 Suzyo Nyirenda NHA/E/27 47 Chilala Mwando JVSS/74 48 Josephine Mtongo KW/M/10 49 Stanley Kennedy Simwanza KAF/LN/92726/1B|https://www.kafuecouncil.gov.zm/?page_id=195|Council minutes 30 May 2025|2026-09-11
document_page|kafue_2025_council_minutes_page_0055|kafue_2025_council_minutes.pdf|Council minutes 30 May 2025|55|55 50 Louis Zulu HV/B/47 51 Mukubesa Mugungu KV/218 52 Ivor Nhimbi HV/N/002 53 Chanda Rex B27/9A 54 Naphatali Banda ZSZ/3/07 55 Louis Zulu HV/B/48 56 Sikanyika Evans Chewe KW/F/4 57 Julie Stevn Mwanza KDC/KRV/118 58 Margaret Nyangu KW/05 59 Louis Zulu HV/A/COM 34 60 Emmanuel Moonga HV/N/50 61 Loveness Malambo HV/30 62 Lumba Moonga HV/A/65 63 Webster Kandolo KVZ 2/215 64 Emmanuel Moonga HV/P/21 65 Chilufya Haggai KDC/VV/759 66 Chalwe Gordwin NKW / 025 67 Edinah Siame KDC/KRV/174 68 Cliford Mweene S.11/14 69 Osward Nsongola HV/N/121 70 Morgan Shaba S.66/11 71 Mary Ngenda KE/01|https://www.kafuecouncil.gov.zm/?page_id=195|Council minutes 30 May 2025|2026-09-11
document_page|kafue_2025_council_minutes_page_0056|kafue_2025_council_minutes.pdf|Council minutes 30 May 2025|56|56 72 Karen Nyirenda KWE/104 73 David Sinko Longo HV/N/29 74 Ryan And Misiwe HV/KD/03 & 04 75 Gillian Luputa B.35/9A 76 Chisanga Parker F 458C / 113 TABLE B After due consideration and on a proposal by Councilor Edwin S. Shikabeta and duly seconded by Councilor Robby Berejena it was RECOMMENDED THAT The above applications for Occupancy Licenses be approved PWDRE/141/02/25: CONFIRMATION OF MINUTES On a proposal by Councilor Edwin S. Shikabeta and duly seconded by Councilor Robby Berejena it was, RESOLVED THAT The minutes of the Plans, Works, Development and Real Estate committee meeting held on Tuesday 18 th February 2025 be confirmed as a true reflection of the proceedings of the meeting CHAIRPERSON’S CLOSING REMARKS Chairperson thanked everyone for their positive contributions. THEREBEING NO OTHER BUS INESS TO DELIBERATE THE CHAIRPERSON DECLARED THE MEETING OFFICIALLY CLOSED AT 14:40 HOURS AND THE MEETING WAS GRACED WITH A CLOSING PRAYER BY THE ASSISTANT PROCUR EMENT OFFICER CONNIE KAPATAMOYO. S/NO NAME PLOT NUMBER N.R.C NO STATUS 1 OSBORN SHALWANDA KDC/KRV/074 323414/66/1|https://www.kafuecouncil.gov.zm/?page_id=195|Council minutes 30 May 2025|2026-09-11
document_page|kafue_2025_council_minutes_page_0057|kafue_2025_council_minutes.pdf|Council minutes 30 May 2025|57|57 CONFIRMED THIS……………DAY OF ………….......................2025 ……………………………………………………………………… COUNCILLOR LEGITIMATE MALUMBE COMMITTEE CHAIRPERSON|https://www.kafuecouncil.gov.zm/?page_id=195|Council minutes 30 May 2025|2026-09-11
document_page|kafue_2025_council_minutes_page_0058|kafue_2025_council_minutes.pdf|Council minutes 30 May 2025|58|58 KAFUE TOWN COUNCIL MINUTES OF FINANCE, VALUATION AND GENERAL PURPOSE COMMITTEE MEETING HELD IN THE COUNCIL CHAMBER AT THE CIVIC CENTRE, LUANGWA DRIVE ON TUESDAY 4 TH MARCH 2025 STARTING AT 09:41 HOURS. COUNCILLORS PRESENT Mainza Wise - Chairperson Justine Singoyi - Kabweza Ward Comply Siamungala - Chisakila Ward David Sampa - Kansenje Ward (Dr) Malikopo Luvious M - Vice Council Chairperson Ex – Officio IN ATTENDANCE COUNCILLOR Michael Sinkala - Matanda Ward APOLOGY: Dr Buumba Malambo - Council Chairperson / Ex- Officio HRH Chieftainess Nkomeshya - Chiawa Chiefdom OFFICERS PRESENT Bupe Mutanya - Council Secretary Mbowela Arthur - Director Human Resource and Administration Brenden Machila - Director Finance Dr. Perfector.B. Kabanshi - District Fisheries & Livestock Coordinator Naomi Hamamba - Ag. Director Planning/Chief Health Inspector Kamiji Mbilika - Chief Administrative Officer Mumpisa Mwenge - Chief Accountant Chilombo Chizawu - Senior Legal Officer Mufalo Mwinde - Socio Economic Planner Paxina. M. Kalemba - Senior Valuation Officer Jovita Kasekula - Civil Engineer Martha G.Chibang - Internal Auditor Connie. C. Kapatamoyo - Assistant Procurement Officer Jessie Doras Jere - Senior Committee Clerk Lister Mpande - Assistant Committee Clerk|https://www.kafuecouncil.gov.zm/?page_id=195|Council minutes 30 May 2025|2026-09-11
document_page|kafue_2025_council_minutes_page_0059|kafue_2025_council_minutes.pdf|Council minutes 30 May 2025|59|59 Lynn Mzilika - Acting Assistant Committee Clerk _______________ The meeting was called to order at 09:41 hours _______________ PRAYER The opening prayer was given by the Director of Human Resource and Administration, Mr. Arthur Mbowela. NOTICE OF MEETING The notice convening the meeting was read by the Council Secretary, Mr. Bupe Mutanya. FV&GP/83/03/25 CHAIRPERSON’S OPENING REMARKS The Chairperson welcomed and thanked all members present for attending the meeting and urged the members to participate freely. FV&GP/84/03/25 DECLARATION OF INTEREST Pursuant to the Provisions of Section 15 third schedule paragraph 6 (1) of the Local Government Act No. 2 of 2019, Councillor David Sampa declared interest on an item under Minute Number FV&GP/81/03/25. REPORT OF THE DIRECTOR OF FINANCE FV&GP/85/03/25: APPROVAL OF 2025 BUDGET ESTIMATES The Director Finance reported for information of the Committee that the 2025 Kafue Town Council Output Based Budget (OBB) amounting to K138,056,040 for both Income and Expenditure was approved by the Minister of L ocal Government and Rural Development through circular minute number MLGRD/71/1/29 dated 2 nd January 2025. He also encouraged all the heads of departments to adhere to the approved budget and ensure that key outputs were achieved. See ANNEXUTURE ‘A’ The above report was noted.|https://www.kafuecouncil.gov.zm/?page_id=195|Council minutes 30 May 2025|2026-09-11
document_page|kafue_2025_council_minutes_page_0060|kafue_2025_council_minutes.pdf|Council minutes 30 May 2025|60|60 FV&GP/86/03/25: APPROVAL OF 2024 BUDGET ESTIMATES DOWNWARDS ADJUSTMENT BY K17,274,800.00 The Director Finance reported for information of the Committee that the 2024 Kafue Town Council Budget Estimates downwards adjustment by K17,274,800 was approved by the Minister of Local Government and Rural Development through circular number MLGRD /71/1/30 dated 13 th January 2025. The adjusted budget stood at K84,813,843 . See ANNEXTURE ‘B’ Thereafter the report was noted. FV&GP/87/03/25: AUTHORITY TO DISPOSE OF NON- SERVICEABLE ASSETS The Director Finance reported for consideration of the Committee that the disposal Committee had compiled a list of obsolete assets that had been identified to be disposed off and Council engaged the Department of Valuation and Property Management to assess the assets for disposal as requested. He also reported that the Valuation Report dated 19 th December 2024 had been submitted to the committee for scrutiny and approval for disposal purposes. See ANNEX ‘C’ Therefore, management recommended that in view of the above, 1. The list of assets in the appendix be approved for disposal 2. Council seeks for a ministerial approval to dispose of the assets listed in the Valuation report. Members of the committee were also informed that the Public Finance Management Act of 2018 section 42 as amended in 2020 authorised the disposal of Non-Serviceable assets. After a lengthy deliberation and upon a proposal by Councillor Comply Siamungala du ly seconded by Councillor Justine Singoyi, it was RECOMMENDED THAT 1. The request for Authority to disposal of non-serviceable assets be Approved and that authority be sort from the Ministry of Local Government and Rural Development to dispose off the assets.|https://www.kafuecouncil.gov.zm/?page_id=195|Council minutes 30 May 2025|2026-09-11
document_page|kafue_2025_council_minutes_page_0061|kafue_2025_council_minutes.pdf|Council minutes 30 May 2025|61|61 FV&GP/88/03/25: THE CURRENT STATUS OF 2022 KAFUE/CHILANGA MAIN VALUATION ROLL The Director Finance reported for the information of the Committee that the Rating Valuation Tribunal sitting took place on 22 nd November 2024 in the Conference Room at the Ministry of Local Government and Rural Development to consider the approval of Kafue/Chilanga Main Valuation Roll. The Council was awaiting the award from Rating Tribunal. He also reported that in light of the said development, implementation of the Valuation roll would be carried out by billing the new rates to property owners in accordance to the rate levies approved by the tribunal. Thereafter the above report was Noted. FV&GP/90/03/25: INCLUSION OF THE CHIEF ACCOUNTANT MR SAMUEL MWENGE MUMPISA AS A SIGNATORY ON PANEL B OF KAFUE TOWN COUNCIL ACCOUNTS The Director of Finance reported for consideration of the Committee that following the transfer of the Chief Accountant, Mr Samuel Mwenge M umpisa from Shangombo Tow n Council to Kafue Town Council authority was being sought from t he Committee to include him on Panel B as a signatory for operational effectiveness and efficiency on all Kafue Town Council Bank Accounts except for Kafue Constituen cy Development Fund account. Upon a proposal by Councillor Justine Singoyi duly seconded by Councillor David Sampa, it was; RECOMMENDED THAT The request for inclusion of the Chief Accountant, Mr. Samuel Mwenge Mumpisa as a signatory on panel B on Kafue Town Council Accounts except for Kafue Constituency Development Fund account. be Approved. FV&GP/91/03/25: RECEIPTS AND PAYMENTS FOR THE PERIOD 1ST JANUARY TO 31ST DECEMBER 2024 INCOME The Director Finance reported for information of the committee that Council planned to collect a total of K 84,813,842 from January to December 2024 but managed to collect a total of K 65,061,957 representing 77 %, National Support of|https://www.kafuecouncil.gov.zm/?page_id=195|Council minutes 30 May 2025|2026-09-11
document_page|kafue_2025_council_minutes_page_0062|kafue_2025_council_minutes.pdf|Council minutes 30 May 2025|62|62 K36,582,067 representing 43% and K28,479,889 as Own Source Revenue (OSR) representing 34% of the total collection for the period under review. EXPENDITURE He also reported that during the period under review the Council spent a total of K 83,092,588.69 representing 98% of the planned expenditure of K84,813,842 and the major expenses were on Personal Emoluments, Non -Financial Assets, CDF empowerment and skills bursaries and Services. See ANNEXTURE ‘D’. During deliberations, members expressed the following observations that:  The Council should also be engaging Ward Councillors when engaging WDC’s especially where revenue collection was concerned.  A Tour to undertake visits in wards be implemented as soon as possible to discover more areas of revenue bases. Thereafter the report was noted. FV&GP/92/03/25:DEBTOR’S POSITION AS AT 31ST DECEMBER 2024 The Director Finance reported for information of the Committee that the Council was owed a total sum of K14,325,524 in respect of revenues such as property rates, rentals and billboards for the period under review; Opening balance 17,435,822 Add Charge 95,850 17,531,672 Less payments 3,206,148 Closing balance 14,325,524 He reported that the current measures being taken to improve on debt collection included the following;  Implementation of SMS billing  Serving of demand notices  Use of PA system to carry out announcements  Radio adverts  Engagement of Court Bailiffs  Engagement with property owners in signing up for debt liquidation plans  Formation of Taskforce for enforcement|https://www.kafuecouncil.gov.zm/?page_id=195|Council minutes 30 May 2025|2026-09-11
document_page|kafue_2025_council_minutes_page_0063|kafue_2025_council_minutes.pdf|Council minutes 30 May 2025|63|63 see ANNEXTURE ‘E’ Members of the Committee were informed that the SMS billing system was operating on a slow pace because of the network being used which was Zamtel Thereafter, the above report was noted FV&GP/93/03/25:CREDITOR’S POSITION AS AT 31ST DECEMBER 2024 The Director Finance reported for information of the Committee that the Council was owing creditors a total sum of K 148,340,291 in respect of Statutory Contributions, Staff Debtors and Suppliers of Goods & Services as at 31 st December, 2024. A summary of creditors position was indicated below; Opening balance 148,544,547 Add Charge 1,520,259 150,064,806 Less payments 1,762,905 Closing balance 148,301,901 He reported that the Current measures being taken to improve on debt collection include the following;  Implementation of debt payment plans  Paying current obligations to avoid accruing more debt  Continuous liaison with our creditors to avoid litigations. see ANNEX ‘F’ The above report was noted. REPORT OF THE COUNCIL ADVOCATE FV&GP/94/03/25: APPLICATION FOR REFUNDS The Senior Legal Assistant reported for Consideration of the Committee that the section was in receipt of applications from various applicants request ing for th eir refunds as tabulated below; S/N NAME PLOT NO AMOUNT PAID REASON FOR REFUND 1. Mambepa M. Joseph KEE/M2/291 K4,600.00 Non-existence of land 2. Penelope Musanga Musonda KW/F/229 K3,500.00 Non-existence of the land|https://www.kafuecouncil.gov.zm/?page_id=195|Council minutes 30 May 2025|2026-09-11
document_page|kafue_2025_council_minutes_page_0064|kafue_2025_council_minutes.pdf|Council minutes 30 May 2025|64|64 3. Fellow Banda KDC/VV/1358 K13,150.00 Double allocation 4 Peter Banda KW/F/228 K3,500.00 Non-existence of land During presentation of the report Members were of the view that all management officers would be required to be present in all committee meetings of the Council. This was important to help each other come up with proper resolutions on dealing with issues o f fake land documents that people where now using to request for refunds from the Council It was reported that there were issues going on at the market place where someone was issuing fake land documents t o people who later come to the C ouncil to request for refund, therefore it was of importance that all heads of departments to be present to understand the situation and come up with good and positive resolution which could help both parties. Upon a proposal by Councillor David Sampa and duly seconded by Councillor Justine Singoyi, it was RESOLVED THAT The applications for refund received from the above applicants be approved CHAIRPERSON’S CLOSING REMARKS The chairperson thanked all members for being so active and fruitful contributions. He also thanked the august house for participating well and that all was concluded well for the betterment of the development of the district. THERE BEING NO ANY OTHER BUSINESS TO TRANSACT, THE MEETING CLOSED AT 13:35 HOURS GRACED WITH A PRAYER BY COUNCILLOR JUSTINE SINGOYI. CONFIRMED THIS……………DAY OF ………….......................2025 ……………………………………………………………………… COUNCILLOR WISE MAINZA COMMITTEE CHAIRPERSON|https://www.kafuecouncil.gov.zm/?page_id=195|Council minutes 30 May 2025|2026-09-11
document_page|kafue_2025_council_minutes_page_0065|kafue_2025_council_minutes.pdf|Council minutes 30 May 2025|65|65 KAFUE TOWN COUNCIL MINUTES OF THE AUDIT COMMITTEE MEETING HELD IN THE COUNCIL CHAMBER, CIVIC CENTRE, ALONG LUANGWA DRIVE KAFUE, ON TUESDAY 6TH MAY 2025 AT 10:00 HOURS COUNCILLORS PRESENT Chileshe Bornface - Chairperson Mwiinga Davyline - Malundu Ward Dr. Malikopo Luvious M - Vice Council Chairperson Ex-Officio Dr. Buumba Malambo - Council Chairperson Ex-Officio ABSENT WITH APOLOGIES Sinkala Michael - Matanda Ward OFFICERS IN ATTENDANCE: Tozya M Jengajenga - Director Planning Mbowela Arthur - Director Human Resource and Administration Machila Brenden - Director Finance Eng. Nketani Maxon - Director Engineering Services Nchimunya Mthetwa - Council Advocate Chisenga Collins - Chief Committee Clerk Martha G.Chibinga - Internal Auditor Precious Chama - Internal Auditor Patson Musonda - Assistant Internal Auditor Connie.C.Kapatamoyo - Assistant Procurement Officer Lisa Ng’oma - Public Relations Officer Jessie D Sievu - Committee Clerk Lynn Mzilika - Assistant Committee Clerk ______________ The meeting was called to order at 10:40 hours. ______________|https://www.kafuecouncil.gov.zm/?page_id=195|Council minutes 30 May 2025|2026-09-11
document_page|kafue_2025_council_minutes_page_0066|kafue_2025_council_minutes.pdf|Council minutes 30 May 2025|66|66 OPENING PRAYER The opening Prayer was offered by the Director Planning, Ms Tozya Mtawali Jengajenga NOTICE OF MEETING The Notice convening the Meeting was read by the Director Planning, Ms. Tozya. M. Jengajenga AUD/138/05/2025: DECLARATION OF INTEREST No Councillor or Officer declared interest on any matter. AUD/139/05/2025: CHAIRPERSON’S OPENING REMARKS The Audit Committee Chairperson welcomed everyone to the meeting. He further went on to encourage the members to participate and deliberate freely on the matters tabled before them. AUD/140/05/2025: PRINTING OF RECEIPT BOOKS WITHOUT WRITTEN AUTHORITY FROM THE SECRETARY TO TREASURY Management control The Internal Auditor reported for the consideration of the committee that t he Public Finance Management General Regulations 2020 Act 107 stipulated that: (1) A receipt form shall be obtainable from the strong room superintendent of the ministry responsible for finance and an agent appointed by a controlling officer shall do the collection of the receipt form. (2) An officer holder shall not make arrangements for the printing or alteration of a receipt form without the written authority of the Secretary to the Treasury. Findings: It was reported that during a review of accountable documents conducted on the 12th February 2025, it was revealed that Kafue Town Council had their receipts printed from Government printers without a written authority from the Secretary to the Treasury. Potential impact (Risk)  Loss of public resources|https://www.kafuecouncil.gov.zm/?page_id=195|Council minutes 30 May 2025|2026-09-11
document_page|kafue_2025_council_minutes_page_0067|kafue_2025_council_minutes.pdf|Council minutes 30 May 2025|67|67 Recommendation Management should consider the following:  Management should expedite process and ensure they obtain a written Authority. Management comments The Council Secretary would engage the Ministry of Local Government and Rural Development so that the written authority could be availed It was further noted that authority was granted however, it was not to print from Government Printers Management action plans The following action plans represent the agreed management actions to be taken to address the weaknesses and / or areas for improvement, as identified during the internal audit: Agreed management action Position/designation directly responsible for implementation Implementation date To engage the Ministry of Local Government and rural development Council Secretary Before receipts run out After due deliberations and on a proposal by Councillor Bornface Chileshe and duly seconded by Councillor Davyline Mwiinga it was, RECOMMENDED THAT Management should expedite the process and ensure there obtained written Authority from the Ministry of Local Government and Rural Development . AUD/141/05/2025: NON – FOLLOW-UPS ON THE DEBT RECOVERY OF PAYMENT PLANS Management control The Internal Auditor reported for the consideration of the committee that Kafue Town Council management entered into payment plans with the clients in order to reduce the debts on the permits and ensure all the funds were collected.|https://www.kafuecouncil.gov.zm/?page_id=195|Council minutes 30 May 2025|2026-09-11
document_page|kafue_2025_council_minutes_page_0068|kafue_2025_council_minutes.pdf|Council minutes 30 May 2025|68|68 Findings: It was reported that the following were the audit findings  Minutes for the payment plans were not availed to audit for the period under review to ascertain the contents in payment plan such as the initial amount to be paid, in order to enter into payment plan and the period for the repayment period.  A review of the Debt Recovery payment plan availed to audi t ,revealed that Kafue Town Council had engaged eight(8) client in 2024 Amounting to K21,237.00 and(35) thirty Five client in 2025 amounting to K89,075.98 Eight nine thousand and seventy five kwacha nighty eight ngwee which had been paid up to date as shown below in the appendix n See Appendix A  It was also observed that there was no proper database for the maintenance of the information, making it difficult to reconcile and trace paid up clients.  The revenue section did not follow up for the committed amounts on the Debt Recovery payment plans. Root cause The debts could not be collected at once because each client had a different agreed date of repayment. Potential impact (Risk)  Loss of public resources funds Recommendation Management should consider the following:  Management should ensure that the debt recovery payment plan conditions were revealed.  Finance department through revenue section should be proactive in updating of the information and recovery of debts from clients on payment plans.  Supervision should be strengthened. Management comments The database of the clients entered into payment plans was available and the clients we re paying when pa yments fall due.The task force was enforcing on clients who we re not complying with the payment plan.|https://www.kafuecouncil.gov.zm/?page_id=195|Council minutes 30 May 2025|2026-09-11
document_page|kafue_2025_council_minutes_page_0069|kafue_2025_council_minutes.pdf|Council minutes 30 May 2025|69|69 Management action plans The following action plans represent the agreed management actions to be taken to address the weaknesses and / or areas for improvement, as identified during the internal audit: # Agreed management action Position/designation directly responsible for implementation* Implementation date Officers would be assigned to deal and make follow ups Director Finance As soon as possible After due deliberations and on a proposal by Councillor Borniface Chileshe and duly seconded by Councillor Davyline Mwiinga it was, RECOMMENDED THAT i. Management should ensure that the Debt Recovery Payment Plan conditions were reviewed. ii. Finance department through revenue section should be proactive in updating of the information and recovery of debts from clients on payment plans. iii. Supervision should be strengthened. AUD/142/05/2025 FAILURE TO UTILIZE THE SECURE STRONG ROOM FOR STORAGE OF ACCOUNTABLE DOCUMENTS Management control The Internal Auditor reported for the consideration of the committee that t he Public Finance Management (General) Regulations, 2020 Section 3 interpreted the meaning of a Strong Room. It states that “strong room” means a secured room where public funds, public monies, public stores, receipt forms and safes were kept. Findings: It was reported that t he audit revealed that accountable documents were not properly secured as they were kept in general room, which was not properly secured whilst the local authority had a secure lockable strong room u sed for the storage of less sensitive materials as shown in on pictures below|https://www.kafuecouncil.gov.zm/?page_id=195|Council minutes 30 May 2025|2026-09-11
document_page|kafue_2025_council_minutes_page_0070|kafue_2025_council_minutes.pdf|Council minutes 30 May 2025|70|70 Entrance to strong room Strong Room use for storage of less sensitive material (Archives)|https://www.kafuecouncil.gov.zm/?page_id=195|Council minutes 30 May 2025|2026-09-11
document_page|kafue_2025_council_minutes_page_0071|kafue_2025_council_minutes.pdf|Council minutes 30 May 2025|71|71 General storage room used for storage of accountable documents Store Room Root cause The strong room was full of documents from previous years Potential impact (Risk)  Difficulties in accounting for mi ssing Receipt Books if records were not properly maintained and secured.  High risk of theft of accountable documents that we re not properly secured. Recommendation Management should consider the following:  Ensure to utilize the recommendable and secured strong room. Management comments In response, management noted the concern; and would ensure that the old documents were secured to provide space|https://www.kafuecouncil.gov.zm/?page_id=195|Council minutes 30 May 2025|2026-09-11
document_page|kafue_2025_council_minutes_page_0072|kafue_2025_council_minutes.pdf|Council minutes 30 May 2025|72|72 in the strong room for the other sensitive documents being used. Management action plans The following action plans represent the agreed manag ement actions to be taken to address the weaknesses and / or areas for improvement, as identified during the internal audit: # Agreed management action Position/designation directly responsible for implementation* Implementation date A separate room was identified and the other less sensitive documents would be moved from the strong room to create space for other sensitive documents in use Director of Human Resource and Administration May 2025 After due deliberations and on a proposal by Councillor Borniface Chileshe and duly seconded by Councillor Davyline Mwiinga it was, RECOMMENDED THAT Management should ensure to utilize the recommendable and secured strong room. AUD/143/05/2025 MISSING RECEIPTS IN THE DOVE BILLING SYSTEM MANAGEMENT CONTROL The Internal Auditor reported for the consideration of the committee that the Financial Regulation 2020 No. 127 (1) states that where a payment is made electronically a receipt shall be issued in accordance with the electronic communications and transaction Act, 2009 and on confirmation of funds being credited to a public bodies: s designated account. Part 15 section 99 (20) which states that A person who intentionally and without authority do so interferes with data in a way which cause such data to be modified. Destroyed or otherwise rendered ineffective, commits an offence and is liable, upon convict ion to a fine not exceeding five hundred|https://www.kafuecouncil.gov.zm/?page_id=195|Council minutes 30 May 2025|2026-09-11
document_page|kafue_2025_council_minutes_page_0073|kafue_2025_council_minutes.pdf|Council minutes 30 May 2025|73|73 thousand penalty units or to imprisonment for a period not exceeding fives, or to both. Findings: It was reported that a review of the receipts issued using the dove receipting system for the period of Oct 2024 to date, revealed that a total number of 19 receipts were missing from the dove receipting system. However, it was difficult tell what was receipted on these receipt as shown in the table below MISSING RECEIPT NUMBERS IN THE DOVE SYSTEM NO. RECEIPT NO. MONTH 1 KTC0285694 OCTOBER 2 KTC0285753 OCTOBER 3 KTC0285774 OCTOBER 4 KTC0285781 OCTOBER 5 KTC0286146 NOVEMBER 6 KTC0286345 NOVEMBER 7 KTC0287120 DECEMBER 8 KTC0287190 DECEMBER 9 KTC0289282 JANUARY 10 KTC0289284 JANUARY 11 KTC0289286 JANUARY 12 KTC0289287 JANUARY 13 KTC0289602 14 KTC0289842 FEBRUARY 15 KTC0289845 FEBRUARY 16 KTC0290106 FEBRUARY 17 KTC0290108 FEBRUARY 18 KTC0290127 FEBRUARY 19 KTC0290129 FEBRUARY Root cause The system was slow because of the capacity of the saver which needed upgrade. Potential impact (Risk)  Risk of understating/overstating financial statement due to backdating of the issue date.  Risk of Fraud due to unauthorised changes in the system  Loss of public funds.  Suspected human interference in the system Recommendation Management should consider the following:|https://www.kafuecouncil.gov.zm/?page_id=195|Council minutes 30 May 2025|2026-09-11
document_page|kafue_2025_council_minutes_page_0074|kafue_2025_council_minutes.pdf|Council minutes 30 May 2025|74|74  Strengthening the weak internal controls in management of revenue collection and accountability.  To enquiry from dove expert if the revenue co llectors had rights to delete and backdate without administrative rights.  The system be changed if no satisfactory answers were given Management comments In response, management informed the committee that Dove System Providers had been engaged to submit a report on why some receipts were missing, and was still awaiting for the said report. Management action plans The following action plans represent the agreed management actions to be taken to address the weaknesses and / or areas for improvement, as identified during the internal audit: # Agreed management action Position/designation directly responsible for implementation* Implementation date 1) Government was in the process of developing a system for all local authorities and Kafue Town Council was awaiting though it had taken so long 2) was engaging some systems providers in case government gave us a go a head to procure a different 3) separating receipt ranges to avoid cashiers overalapping Director of Finance As soon as the system was designed and Given|https://www.kafuecouncil.gov.zm/?page_id=195|Council minutes 30 May 2025|2026-09-11
document_page|kafue_2025_council_minutes_page_0075|kafue_2025_council_minutes.pdf|Council minutes 30 May 2025|75|75 After due deliberations and on a proposal by Councillor Borniface Chileshe and duly seconded by Councillor Davyline Mwiinga it was, Recommended that 1. Strengthening the internal controls in management of revenue collection and accountability. 2. Management to enquire from dove expe rt if the revenue collectors had rights to delete and backdate without administrative rights. 3. The system be changed if no satisfactory answers were given AUD/144/05/2025 WEAKNESSES IN MANAGEMENT OF COMMUNITY PROJECTS UNDER 2024 CONSTITUENCY DEVELOPMENT FUND (CDF) Management Control The Internal Auditor reported for the consideration of the committee that Part Seven of the 2022 CDF Guidelines section 7.5 states that: The Principal Officer shall appoint a Contract Manager for every contract awarded from among the employees of the Local Authority. The Contract Manager shall be appointed taking into account the skills, experience and functions required for the management of the contract. The Contract Manager shall: a) Manage the obligation of the local authority specified in the contract; and b) Ensure that the supplier or contractor performs the contract in accordance with the terms and conditions specified in the contract. Findings were stipulated in the table below. S N Projec t Name Appro ved Amou nt Findin gs Picture STATUS UPDATE FROM ENGINE ERING Recomme ndation|https://www.kafuecouncil.gov.zm/?page_id=195|Council minutes 30 May 2025|2026-09-11
document_page|kafue_2025_council_minutes_page_0076|kafue_2025_council_minutes.pdf|Council minutes 30 May 2025|76|76 7 Constr uction of 1*3 classro om block with 75 desks Shiman janji Comm unity school 1,300,0 00.00 A site visit to Shima njanji 1.3 class room being constr ucted under 2024 CDF reveal ed that the contra ctor was not on site, the project has stalled , as only hips of buildin g stones and diggin g of founda tion had been done as at the time of inspec tion since the award in Novem Contract was terminat ed and has been re- advertise d. Managem ent should ensure that works were delivered within the stipulated time 2024 to avoid carrying over projects t o the following year as this had negative impact on the expected achievem ent.|https://www.kafuecouncil.gov.zm/?page_id=195|Council minutes 30 May 2025|2026-09-11
document_page|kafue_2025_council_minutes_page_0077|kafue_2025_council_minutes.pdf|Council minutes 30 May 2025|77|77 ber 2024. 1 4 Procur ement of two Motor Bikes for Nkome sha and Chiyab a Chiefd oms 220,00 0.00 Being handle d by the Ministr y of Local Gover ment Managem ent to make a follow up on the status . 1 5 Procur ement of an Ambul ance 2,700,0 00.00 Being handle d by the Ministr y of Local Gover nment Managem ent to make a follow up on the status . 1 8 Constr uction of an Ablutio n block- kamba le 320,51 1.28 A visit to Kamba le Abluti on block reveal ed that the Abluti on block was being constr ucted. Howev er, the project had delaye d Contract or had been warned of the slow pace in the executio n of the project. Liquidate d damages would be deducte d for the delays in the completi ng the project. Managem ent shoul d ensure that projects which had been completed were revisited by technocrat s for evaluation and communit y concerns.|https://www.kafuecouncil.gov.zm/?page_id=195|Council minutes 30 May 2025|2026-09-11
document_page|kafue_2025_council_minutes_page_0078|kafue_2025_council_minutes.pdf|Council minutes 30 May 2025|78|78 knowi ng the fact that its constr uction period elapse d. Root Cause Slow pace by contractors Potential Risk  Delayed implementation of the projects  Delayed development progress of the community. Recommendation Management should ensure that projects we re implemented within the timeframe as stated in the CDF guidelines. Management Action Plan The following action plans represent the agreed management actions to be taken to address the weaknesses and / or areas for improvement, as identified during the internal audit: # Agreed management action Position/designatio n directly responsible for implementation* Implementation date Continuous monitoring of projects Director Engineering Services As projects were being executed After due deliberations and o n a proposal by Councillor Bornface Chileshe and duly seconded by Councillor Davyline Mwiinga it was, RECOMMENDED THAT Management should ensure that projects we re implemented within the timeframe as stated in the C onstituency Development Funds (CDF) guidelines.|https://www.kafuecouncil.gov.zm/?page_id=195|Council minutes 30 May 2025|2026-09-11
document_page|kafue_2025_council_minutes_page_0079|kafue_2025_council_minutes.pdf|Council minutes 30 May 2025|79|79 AUD/146/05/2025 DELAYED SUPPLY AND DELIVERY OF DESKS Management control. The Internal Auditor reported for the consideration of the committee that Part Seven (7) of the CDF Guidelines section 7.1 requires Procurement of goods; works and services using the Constituency Development Funds (CDF) shall be in accordance with the Public Procurement (PPA) Act No.8 of 2020 and its Regulations. On-adherence to the provisions of the Act shall attract necessary legal sanctions. The following shall be the guiding principles for procurement: a) Transparency and Accountability; b) Efficiency and Effectiveness; c) Economy; d) Value for money; e) Competition; f) Fair opportunity to all bidders; g) Prevention of fraud, corruption and other malpractices; and h) Promotion of local capacity FINDINGS: A review of the conveyance of notification for approval of 2024 Constituency Development Fund (CDF) for Community Projects and contracts for the supply and delivery of desks revealed that procurement of 3000 desks at a cost of K3,000,000.00 (Three Million Kwacha) was approved. Further, at the time of audit conducted on 26th February 2025,  It was observed that out of 3000 desks only 300 were delivered and verified leaving a balance of 2700 undelivered.  Out of 15 contracts for supply of desks o ne contract was still running, one had delivered in full while the 13 contracts had their contracts expired at the time of audit.  It was observed that the 13 contract ors had submitted the extension letters but the Kafue Town Council did not approve them. See the table below.|https://www.kafuecouncil.gov.zm/?page_id=195|Council minutes 30 May 2025|2026-09-11
document_page|kafue_2025_council_minutes_page_0080|kafue_2025_council_minutes.pdf|Council minutes 30 May 2025|80|80|https://www.kafuecouncil.gov.zm/?page_id=195|Council minutes 30 May 2025|2026-09-11
document_page|kafue_2025_council_minutes_page_0081|kafue_2025_council_minutes.pdf|Council minutes 30 May 2025|81|81 KAFUE TOWN COUNCIL SUPPLY & DELIVERY OF DESKS Current Status Name Of Contractor Start Date Due Date Contract Amount No. Desks To Deliver No. Desks Delivered Balance No. Desks Delivered Balance 1 Blossom Investment 10.01.25 11.03.25 244,000.00 200 200 60 140 2 Chanona General Dealers 14.11.24 13.01.25 260,000.00 200 200 200 0 3 Chusika Properties & Steel Ltd 23.12.24 21.02.25 256,000.00 200 200 200 0 4 Greysoft Signs Technology Ltd 23.12.24 21.02.25 260,000.00 200 200 200 0 5 Hillcrest Trust Trading Ltd 260,000.00 200 200 105 95 6 Kamusime Engineering 23.12.24 21.02.25 260,000.00 200 200 200 7 Kays Construction Enterprise Ltd 30.12.24 28.02.25 260,000.00 200 200 200 8 Lauricath Mechanical Eng & Construction 14.11.24 13.01.25 240,000.00 200 200 120 80 9 Litavel Engineering and General Dealers 23.12.24 21.02.25 256,000.00 200 200 200 10 Matax Trading Ltd 14.11.24 13.01.25 260,000.00 200 200 200 0 11 Nsombo Investment Zambia 23.12.24 21.02.25 250,000.00 200 100 100 200 0 12 P-Kalabanya Enterprises Ltd 14.11.24 13.01.25 240,000.00 200 200 200 0 13 Promail General Dealers 23.12.24 21.02.25 252,000.00 200 200 200 0 14 Provident Signs Technologies Ltd 23.12.24 21.02.25 260,000.00 200 200 0 200 0 15 RIJ Marks Business 23.12.24 21.02.25 260,000.00 200 200 100 100 3,818,000.00 3000 300 2700 1985 1015|https://www.kafuecouncil.gov.zm/?page_id=195|Council minutes 30 May 2025|2026-09-11
document_page|kafue_2025_council_minutes_page_0082|kafue_2025_council_minutes.pdf|Council minutes 30 May 2025|82|82 Root cause  10 contractors did not receive their advance payments on time due to delay in receiving the additional Constituency Development Fund (CDF) funding from the ministry. This led to delay in commencement of works. Nevertheless, the prolonged delay beyond the a pproved extension of contracts wa s being penalised by the deduction of liquidated damages as stipulated in the contract. Potential risk  Delayed delivery of the intended services to the local communities.  Loss of public fund due to lack of contracts provisions that may safeguard against possible substandard works and / or failure to execute the works. Recommendation  Enhancing supervision and monitoring of progress made by suppliers in order to facilitate their completion within approved period.  Expediting the procurement and distribution process of school desks once funding is received from the ministry Management Action Plan The following action plans represent the agreed management actions to be taken to address the weaknesses and / or areas for improvement, as identified during the internal audit: # Agreed management action Position/designation directly responsible for implementation Implementation date Management would keep following up the contractors through the period of liquidated damages as stipulated in the contract, to ensure the desks are supplied before the point of termination is reached. Director of Engineering Services Continuous follow ups|https://www.kafuecouncil.gov.zm/?page_id=195|Council minutes 30 May 2025|2026-09-11
document_page|kafue_2025_council_minutes_page_0083|kafue_2025_council_minutes.pdf|Council minutes 30 May 2025|83|83 After due deliberations and o n a proposal by Councillor Bornface Chileshe and duly seconded by Councillor Davyline Mwiinga it was, RECOMMENDED THAT i. Enhancing supervision and monitoring of progress made by suppliers in order to facilitate their completion within approved period. ii. Procurement and distribution process of school desks once funding is received from the Ministry should be expedited. AUD/147/05/2025 CASH FOR WORK UNSPENT FUNDS Management Control The Internal Auditor reported for the consideration of the committee that Section 4.2.0 of Cash For Work guidelines state that- Exclusive use of the Cash For Work (CFW) Funds Other than the administrative funds, the rest of the funds under the Cash For Work ( CFW) programme we re only meant to pay beneficiaries for various tasks that shall be assigned to them provided they fall into the category of eligible works as described in Cash for Work manual. Findings It was reported that a review of Ledgers for Cash for Work revealed that, Kafue Town Council had received a total sum of K10,484,482.92 ,(Ten Million Four Hundred and Eighty Four Thousands Four Hundred and Eighty Two Kwacha Ninety two Ngwee) for the period of September to December ,2024. However, the Council spent K 3,596,940.00 (Three Million Five Hundred and Ninety Six Thousand Nine Hund red and Forty Kwacha) leaving a balance of K6, 287,542.92 (Six Million Two Hundred and Eighty Seven Thousand Fiv e Hundred Forty Two Kwacha Ninety Ngwee) unspent as at 31st December, 2024. However, at the time of Audit as at 25 th February,2025 , Kafue Town Council had received the funding for January amounting to K3,463,641.04 ( Three Million Four Hundred and Sixty Three Thousand Six Hundred and Forty One and Four Ngwee) while K2,152,200.00 (Two Million One Hundred and Fifty Two Thousand Two hu ndred Kwacha) was spent leaving an accumulated balance of K 7,448,983.96 (Seven Million Four|https://www.kafuecouncil.gov.zm/?page_id=195|Council minutes 30 May 2025|2026-09-11
document_page|kafue_2025_council_minutes_page_0084|kafue_2025_council_minutes.pdf|Council minutes 30 May 2025|84|84 Hundred and Forty Eight Thousands Nine Hundred and Eighty Three Kwacha and Ninety Six Ngwee), un-spent; this was contrary to the Cash For Work Guidelines which stated that communities that were severely affected by the dro ught in 2023/24 farming season we re given o pportunities to recover and had some financial resources to buy food in exchange of labour and the Local Authority must play its part at District and Community level to make this programme a success. See table below for details.|https://www.kafuecouncil.gov.zm/?page_id=195|Council minutes 30 May 2025|2026-09-11
document_page|kafue_2025_council_minutes_page_0085|kafue_2025_council_minutes.pdf|Council minutes 30 May 2025|85|85 Date Actual Funding Acumilative Bal Admin component Amount for Beneficiariers Amount Paid Balance Monthly Eng. Ben Act-. Benefici # Paid Varince- Eng. Ben vs Actual Ben 30.09.24 697,221.24 - 150,000.00 547,221.24 378,000.00 169,221.24 900 900 - 31.10.24 2,705,792.62 2,875,013.86 150,000.00 2,725,013.86 158,400.00 2,566,613.86 4,250 4,069 181 30.11.24 3,433,327.45 5,999,941.31 150,000.00 5,849,941.31 1,619,400.00 4,230,541.31 5,364 5,262 102 31.12.24 3,648,141.61 7,878,682.92 150,000.00 7,728,682.92 1,441,140.00 6,287,542.92 5,364 2,386 2,978 TOTALS 10,484,482.92 - 600,000.00 3,596,940.00 6,287,542.92 31.01.25 3,463,641.04 9,751,183.96 150,000.00 9,601,183.96 2,152,200.00 7,448,983.96 - - - TOTAL 13,948,123.96 - 750,000.00 26,452,043.29 9,346,080.00 7,448,983.96 14,978 11,717 3,261 -|https://www.kafuecouncil.gov.zm/?page_id=195|Council minutes 30 May 2025|2026-09-11
document_page|kafue_2025_council_minutes_page_0086|kafue_2025_council_minutes.pdf|Council minutes 30 May 2025|86|86 Root Cause  Inaccurate data from the supervisors  Inadequate manpower Potential Impact (Risk)  Risk of not achieving its objective.  Loss of public resources  Programme may not be appreciated RECOMMENDATION  Management should ensure that targets were met by ensuring that all beneficiaries were paid on time.  Management should ensure that payments were done on time and were accurate. Management comment The rate for processing of payment was slow, however with the recruitment of data entry clerks they had been a significant improvement in the process # Agreed management action Position/designation directly responsible for implementation* Implementation date Continuous supervision Director Planning/ Director Finance/ Continuous After due deliberations and o n a proposal by Councillor Born face Chileshe and duly seconded by Councillor Davyline Mwiinga it was, RECOMMENDED THAT i. Management should ensure that targets were met. ii. Management should ensure that payments were done on time and were accurate.|https://www.kafuecouncil.gov.zm/?page_id=195|Council minutes 30 May 2025|2026-09-11
document_page|kafue_2025_council_minutes_page_0087|kafue_2025_council_minutes.pdf|Council minutes 30 May 2025|87|87 AUD/148/05/2025 WRONG BENEFICIARIES PAID: Management Control The Internal Auditor reported for the consideration of the committee that the Cash for Work Programme Manual Guideline Introduction - states that the Ministry of local Government is implementing the Cash for Work (CFW) programme in response to the drought experienced in the 2023/2024 farmi ng season. She reported that the vulnerability had been worsen by the loss of employment opportunities particularly, in industries driven by micro, small and medium enterprises whose daily operations continue to be negatively impacted by the ongoing power rationing. This proposed CFW Programme, as a short -term measure, will empower individuals with cash to buy food items in exchange for their labour. Further 2.1.0 of CFW Guidelines states that, the local authorities will be responsible for the programme in each constituency. When identifying works to be implemented under this programme as well as beneficiaries. Findings A scrutiny of files for cash for work revealed, that in the month of September 2024, 12 beneficiaries had submitted incorrect phone - numbers to which payments were paid Amounting K7, 200. After verification, the correct phone numbers of the beneficiaries were established and Kafue Town Council had to pay the 12 correct beneficiaries a payment of K7, 200 , it was further observed that the money that was wrongly paid has not been recovered. TABLE1.CORRECT BENEFICIARIES LIST AFTER CORRECTING THE PHONE NUMBERS. S/N Name: Phone No. Ward Amount (K) 1 Luka Kalyata ‘260777133588 Magoba 600 2 Evelyn Chilala ‘260975128086 Magoba 600 3 Lines Kasongo ‘260776148995 Magoba 600 4 Mwila Kasani ‘260772136795 Mungu 600 5 Maureen Mbisu ‘260779107586 Mungu 600 6 Charity Chanda ‘260975999636 Shikoswe 600|https://www.kafuecouncil.gov.zm/?page_id=195|Council minutes 30 May 2025|2026-09-11
document_page|kafue_2025_council_minutes_page_0088|kafue_2025_council_minutes.pdf|Council minutes 30 May 2025|88|88 7 Brian Banda ‘260979860885 Shikoswe 600 8 Ernest Malambo ‘260976549322 Chikupi 600 9 Kawingo Siame ‘260772130013 Shabusale 600 10 Andrew Kamanga ‘260975613680 Shabusale 600 11 Ruth Nyirenda ‘260975227534 Kabweza 600 12 Jossy Hachuka ‘260974362739 Lukolongo 600 Total K 7,200.00 Root cause The errors where incurred because we had limited human resource to type and verify the number of beneficiaries Potential impact (Risk)  Loss of funds Recommendation  Management should ensure that the data wa s tested for the rightful beneficiaries before effecting the payments.  Management should ensure a follow up wa s made on those beneficiaries who had worked and had not received their monies and the variances of the funds lost. Management comments|https://www.kafuecouncil.gov.zm/?page_id=195|Council minutes 30 May 2025|2026-09-11
document_page|kafue_2025_council_minutes_page_0089|kafue_2025_council_minutes.pdf|Council minutes 30 May 2025|89|89 After due deliberations and on a proposal by Councillor Borniface Chileshe and duly seconded by Councillor Davyline Mwiinga it was, Resolved that  Management should ensure that the data wa s tested for the rightful beneficiaries before effecting the payments.  Management should ensure follow up were made on those who were wrongly paid. AUD/149/05/2025 APPOINTMENT OF EXTERNAL MEMBERS TO THE AUDIT COMMITTEE Management Control The Internal Auditor reported for the consideration of the committee that the Public Finance Act 2018 Section 19 (4) corporation, state d that State Owned Enterprise shall be appointed by the Board of that statutory corporation or State Owned Enterprises or Local Authorities and shall be comprised of non-executive members. Section 19 (3) of public finance act states: (a) A former public officer with extensive knowledge and experience in auditing or accounting; (b) A member of the Zambia Institute of Chartered Accountants; # Agreed management action Position/designation directly responsible for implementation* Implementation date The people who had been paid that were not beneficiaries had been engaged and others were paying while others had not paid back and management had continued to engage them Director of Planning Engagements where on going|https://www.kafuecouncil.gov.zm/?page_id=195|Council minutes 30 May 2025|2026-09-11
document_page|kafue_2025_council_minutes_page_0090|kafue_2025_council_minutes.pdf|Council minutes 30 May 2025|90|90  Under -Professional Practice of Internal Audit (IIA Standard) it also required that the Council do appoint two (2) co-opted external members to the Audit Committee to form an Audit committee among others –non executive members. Objective To verify whether the audit committee in place is in compliance of public finance act 2018 and other regulations. Findings: A scrutiny of audit committee composition revealed that the audit committee lacked co -opted members contrary to Professional Practice of internal Audit (IIA Standard) which requires that the Council do appoint two (2) co -opted external members to the audit committee to form an audit committee among other non-executive members. Recommendation  Management should ensure that co -opted members we re identified and appointed. The following action plans represent the agreed management actions to be taken to address the weaknesses and / or areas for improvement, as identified during the internal audit: Management Action Plan # Agreed management action Position/designation directly responsible for implementation* Implementation date Management would write to local in stitutions to request for accountant Director of Human Resource and Administration May 2025 After due deliberations and on a proposal by Councillor Borniface Chileshe and duly seconded by Councillor Davyline Mwiinga it was, RESOLVED THAT  Management should ensure that co -opted members we re identified and appointed.|https://www.kafuecouncil.gov.zm/?page_id=195|Council minutes 30 May 2025|2026-09-11
document_page|kafue_2025_council_minutes_page_0091|kafue_2025_council_minutes.pdf|Council minutes 30 May 2025|91|91 AUD/150/05/2025 AUDIT CHARTER FOR THE YEAR 2025 The internal Auditor reported that the Internal Audit Ch arter for the annual year 2025 was availab0le and was being presented for approval As shown on appendix 2 On a proposal by Councillor Boniface Chileshe and seconded by Councillor Davyline Mwiinga it was; RECOMMENDED THAT: The 2025 Audit Charter be approved CLOSING REMARKS AND PRAYER The Chairperson thanked all the members for attending the meeting and emphasized that there was need for management to be informing Councilors on the changes of dates of meeting all the time he also went on to wish the members God’s guidance and a prosperous New Year. In also closing the Council Chairperson gave some remarks where she expressed gratitude and satisfaction for the work that the Audit Committee was doing which had largely contributed to the Institution having no Audit queries on Specific issues on Constituency Development Account when Kafue Town Council appeared before Parliament at the Local Government Accounts Committee. She further encouraged for more hard work to maintain the record. THEREBEING NO OTHER BUSINESS TO DELIBERA TE THE MEET ING WAS DECLARED CLOSED AT 12:40 HOURS WITH A CLOSING PRAYER GIVEN BY THE DIRECTOR PLANNING, TOZYA M. JENGAJENGA. CONFIRMED THIS……………DAY OF ………….......................2025 ……………………………………………………………………… COUNCILLOR BONIFACE CHILESHE COMMITTEE CHAIRPERSON|https://www.kafuecouncil.gov.zm/?page_id=195|Council minutes 30 May 2025|2026-09-11
